CoilID,banked_at_K,expected_LB_delta_per_TP_add,probe_LB_score
229,201,0.376,73.21
666,202,0.376,73.58
1133,203,0.376,73.96
1374,204,0.376,74.34
1426,205,0.376,74.72
1489,206,0.376,75.09
1592,207,0.376,75.47
1591,208,0.376,75.85
41,209,0.376,76.23
419,210,0.376,76.60
539,211,0.376,76.98
1344,212,0.376,77.36
474,213,0.376,77.74
599,214,0.376,78.11
692,215,0.376,78.49
934,216,0.376,78.87
1232,217,0.376,79.25
1506,218,0.376,79.62
1040,219,0.376,80.00
252,220,0.376,80.37
1132,221,0.376,80.75
216,222,0.376,81.13
1321,223,0.376,81.51
1548,224,0.376,81.89
1594,225,0.376,82.26
100,226,0.376,82.64
1593,227,0.376,83.02
1450,228,0.376,83.40
1417,229,0.376,83.77
926,230,0.376,84.15
1223,231,0.376,84.53
600,232,0.376,84.91
211,233,0.376,85.28
196,234,0.376,85.66
416,235,0.376,86.04
329,236,0.376,86.42
1418,237,0.376,86.79
1562,238,0.376,87.17
