kind,run_id,asset_id,equipment_class,scenario_id,failure_mode,deg_start,deg_end,ttf_hours,failure_ts,onset_ts,safety_class
long,HSM.F3.WR.BRG01::E00,HSM.F3.WR.BRG01,rolling_mill_work_roll_bearing,SCN-037,outer_race_fatigue_spall_BPFO,119,1910,1791,2025-03-21 13:00:00,2025-01-05 23:00:00,P2
short,HSM.F3.WR.BRG01::E01,HSM.F3.WR.BRG01,rolling_mill_work_roll_bearing,SCN-037,outer_race_fatigue_spall_BPFO,2054,2385,331,2025-04-10 08:00:00,2025-03-27 14:00:00,P2
short,HSM.F3.WR.BRG01::E02,HSM.F3.WR.BRG01,rolling_mill_work_roll_bearing,SCN-037,outer_race_fatigue_spall_BPFO,2645,2765,120,2025-04-26 04:00:00,2025-04-21 05:00:00,P2
short,HSM.F3.WR.BRG01::E03,HSM.F3.WR.BRG01,rolling_mill_work_roll_bearing,SCN-037,outer_race_fatigue_spall_BPFO,2886,3220,334,2025-05-15 03:00:00,2025-05-01 06:00:00,P2
medium,HSM.F3.WR.BRG01::E04,HSM.F3.WR.BRG01,rolling_mill_work_roll_bearing,SCN-037,outer_race_fatigue_spall_BPFO,3450,4608,1158,2025-07-11 23:00:00,2025-05-24 18:00:00,P2
long,HSM.F3.WR.BRG01::E05,HSM.F3.WR.BRG01,rolling_mill_work_roll_bearing,SCN-037,outer_race_fatigue_spall_BPFO,4672,6455,1783,2025-09-26 22:00:00,2025-07-14 16:00:00,P2
short,HSM.F3.WR.BRG01::E06,HSM.F3.WR.BRG01,rolling_mill_work_roll_bearing,SCN-037,outer_race_fatigue_spall_BPFO,6588,6803,215,2025-10-11 10:00:00,2025-10-02 12:00:00,P2
medium,HSM.F3.WR.BRG01::E07,HSM.F3.WR.BRG01,rolling_mill_work_roll_bearing,SCN-037,outer_race_fatigue_spall_BPFO,7230,8495,1265,2025-12-20 22:00:00,2025-10-29 06:00:00,P2
short,HSM.F1.GBX01::E00,HSM.F1.GBX01,mill_gearbox,SCN-038,gear_tooth_fatigue_crack,512,797,285,2025-02-03 04:00:00,2025-01-22 08:00:00,P2
short,HSM.F1.GBX01::E01,HSM.F1.GBX01,mill_gearbox,SCN-038,gear_tooth_fatigue_crack,1270,1514,244,2025-03-05 01:00:00,2025-02-22 22:00:00,P2
short,HSM.F1.GBX01::E02,HSM.F1.GBX01,mill_gearbox,SCN-038,gear_tooth_fatigue_crack,1782,1887,105,2025-03-20 14:00:00,2025-03-16 06:00:00,P2
short,HSM.F1.GBX01::E03,HSM.F1.GBX01,mill_gearbox,SCN-038,gear_tooth_fatigue_crack,2564,2692,128,2025-04-23 03:00:00,2025-04-17 20:00:00,P2
long,HSM.F1.GBX01::E04,HSM.F1.GBX01,mill_gearbox,SCN-038,gear_tooth_fatigue_crack,2948,4446,1498,2025-07-05 05:00:00,2025-05-03 20:00:00,P2
medium,HSM.F1.GBX01::E05,HSM.F1.GBX01,mill_gearbox,SCN-038,gear_tooth_fatigue_crack,5142,6182,1040,2025-09-15 13:00:00,2025-08-03 06:00:00,P2
short,HSM.F1.GBX01::E06,HSM.F1.GBX01,mill_gearbox,SCN-038,gear_tooth_fatigue_crack,6553,6822,269,2025-10-12 05:00:00,2025-10-01 01:00:00,P2
short,HSM.F1.GBX01::E07,HSM.F1.GBX01,mill_gearbox,SCN-038,gear_tooth_fatigue_crack,6890,7044,154,2025-10-21 11:00:00,2025-10-15 02:00:00,P2
medium,HSM.F1.GBX01::E08,HSM.F1.GBX01,mill_gearbox,SCN-038,gear_tooth_fatigue_crack,7225,8155,930,2025-12-06 18:00:00,2025-10-29 01:00:00,P2
long,HSM.F1.MTR01::E00,HSM.F1.MTR01,large_induction_motor_vfd,SCN-039,broken_rotor_bar,679,2285,1606,2025-04-06 04:00:00,2025-01-29 07:00:00,P3
short,HSM.F1.MTR01::E01,HSM.F1.MTR01,large_induction_motor_vfd,SCN-039,broken_rotor_bar,2653,2898,245,2025-05-01 17:00:00,2025-04-21 13:00:00,P3
short,HSM.F1.MTR01::E02,HSM.F1.MTR01,large_induction_motor_vfd,SCN-039,broken_rotor_bar,3503,3697,194,2025-06-04 00:00:00,2025-05-26 23:00:00,P3
medium,HSM.F1.MTR01::E03,HSM.F1.MTR01,large_induction_motor_vfd,SCN-039,broken_rotor_bar,4412,5153,741,2025-08-03 16:00:00,2025-07-03 20:00:00,P3
medium,HSM.F1.MTR01::E04,HSM.F1.MTR01,large_induction_motor_vfd,SCN-039,broken_rotor_bar,5942,6402,460,2025-09-24 17:00:00,2025-09-05 14:00:00,P3
short,HSM.F1.MTR01::E05,HSM.F1.MTR01,large_induction_motor_vfd,SCN-039,broken_rotor_bar,6778,7076,298,2025-10-22 19:00:00,2025-10-10 10:00:00,P3
short,HSM.F1.MTR01::E06,HSM.F1.MTR01,large_induction_motor_vfd,SCN-039,broken_rotor_bar,7155,7420,265,2025-11-06 03:00:00,2025-10-26 03:00:00,P3
medium,HSM.F1.MTR01::E07,HSM.F1.MTR01,large_induction_motor_vfd,SCN-039,broken_rotor_bar,7786,8425,639,2025-12-18 00:00:00,2025-11-21 10:00:00,P3
medium,HSM.DSC.PMP01::E00,HSM.DSC.PMP01,cooling_descaling_pump,SCN-040,mechanical_seal_failure,420,1234,814,2025-02-21 09:00:00,2025-01-18 12:00:00,P3
short,HSM.DSC.PMP01::E01,HSM.DSC.PMP01,cooling_descaling_pump,SCN-040,mechanical_seal_failure,2594,2707,113,2025-04-23 18:00:00,2025-04-19 02:00:00,P3
short,HSM.DSC.PMP01::E02,HSM.DSC.PMP01,cooling_descaling_pump,SCN-040,mechanical_seal_failure,2804,2944,140,2025-05-03 15:00:00,2025-04-27 20:00:00,P3
medium,HSM.DSC.PMP01::E03,HSM.DSC.PMP01,cooling_descaling_pump,SCN-040,mechanical_seal_failure,3265,4234,969,2025-06-26 09:00:00,2025-05-17 01:00:00,P3
short,HSM.DSC.PMP01::E04,HSM.DSC.PMP01,cooling_descaling_pump,SCN-040,mechanical_seal_failure,5334,5407,73,2025-08-14 06:00:00,2025-08-11 06:00:00,P3
short,HSM.DSC.PMP01::E05,HSM.DSC.PMP01,cooling_descaling_pump,SCN-040,mechanical_seal_failure,6171,6462,291,2025-09-27 05:00:00,2025-09-15 03:00:00,P3
long,HSM.DSC.PMP01::E06,HSM.DSC.PMP01,cooling_descaling_pump,SCN-040,mechanical_seal_failure,6653,8051,1398,2025-12-02 10:00:00,2025-10-05 05:00:00,P3
long,BF.BLW.FAN01::E00,BF.BLW.FAN01,bf_sinter_fan_blower,SCN-041,compressor_surge,616,2456,1840,2025-04-13 07:00:00,2025-01-26 16:00:00,P1
short,BF.BLW.FAN01::E01,BF.BLW.FAN01,bf_sinter_fan_blower,SCN-041,compressor_surge,3167,3251,84,2025-05-16 10:00:00,2025-05-12 23:00:00,P1
short,BF.BLW.FAN01::E02,BF.BLW.FAN01,bf_sinter_fan_blower,SCN-041,compressor_surge,3803,4094,291,2025-06-20 13:00:00,2025-06-08 11:00:00,P1
medium,BF.BLW.FAN01::E03,BF.BLW.FAN01,bf_sinter_fan_blower,SCN-041,compressor_surge,4659,5202,543,2025-08-05 17:00:00,2025-07-14 03:00:00,P1
medium,BF.BLW.FAN01::E04,BF.BLW.FAN01,bf_sinter_fan_blower,SCN-041,compressor_surge,5760,6428,668,2025-09-25 19:00:00,2025-08-29 00:00:00,P1
short,BF.BLW.FAN01::E05,BF.BLW.FAN01,bf_sinter_fan_blower,SCN-041,compressor_surge,6493,6799,306,2025-10-11 06:00:00,2025-09-28 13:00:00,P1
short,BF.BLW.FAN01::E06,BF.BLW.FAN01,bf_sinter_fan_blower,SCN-041,compressor_surge,7263,7426,163,2025-11-06 09:00:00,2025-10-30 15:00:00,P1
short,BF.BLW.FAN01::E07,BF.BLW.FAN01,bf_sinter_fan_blower,SCN-041,compressor_surge,7874,8071,197,2025-12-03 06:00:00,2025-11-25 02:00:00,P1
medium,CCM.SEG.07::E00,CCM.SEG.07,continuous_caster_segment,SCN-042,roll_seizure,418,1425,1007,2025-03-01 08:00:00,2025-01-18 10:00:00,P2
long,CCM.SEG.07::E01,CCM.SEG.07,continuous_caster_segment,SCN-042,roll_seizure,1724,3154,1430,2025-05-12 09:00:00,2025-03-13 20:00:00,P2
medium,CCM.SEG.07::E02,CCM.SEG.07,continuous_caster_segment,SCN-042,roll_seizure,3428,4722,1294,2025-07-16 17:00:00,2025-05-23 20:00:00,P2
short,CCM.SEG.07::E03,CCM.SEG.07,continuous_caster_segment,SCN-042,roll_seizure,4832,5043,211,2025-07-30 02:00:00,2025-07-21 08:00:00,P2
short,CCM.SEG.07::E04,CCM.SEG.07,continuous_caster_segment,SCN-042,roll_seizure,5283,5496,213,2025-08-17 23:00:00,2025-08-09 03:00:00,P2
short,CCM.SEG.07::E05,CCM.SEG.07,continuous_caster_segment,SCN-042,roll_seizure,5967,6277,310,2025-09-19 12:00:00,2025-09-06 15:00:00,P2
short,CCM.SEG.07::E06,CCM.SEG.07,continuous_caster_segment,SCN-042,roll_seizure,7396,7583,187,2025-11-12 22:00:00,2025-11-05 04:00:00,P2
medium,CCM.MOLD.01::E00,CCM.MOLD.01,continuous_caster_mould,SCN-043,breakout_sticking,96,869,773,2025-02-06 04:00:00,2025-01-05 00:00:00,P1
short,CCM.MOLD.01::E01,CCM.MOLD.01,continuous_caster_mould,SCN-043,breakout_sticking,1483,1720,237,2025-03-13 15:00:00,2025-03-03 19:00:00,P1
short,CCM.MOLD.01::E02,CCM.MOLD.01,continuous_caster_mould,SCN-043,breakout_sticking,1947,2157,210,2025-03-31 20:00:00,2025-03-23 03:00:00,P1
long,CCM.MOLD.01::E03,CCM.MOLD.01,continuous_caster_mould,SCN-043,breakout_sticking,2716,4228,1512,2025-06-26 03:00:00,2025-04-24 04:00:00,P1
medium,CCM.MOLD.01::E04,CCM.MOLD.01,continuous_caster_mould,SCN-043,breakout_sticking,4314,5051,737,2025-07-30 10:00:00,2025-06-29 18:00:00,P1
short,CCM.MOLD.01::E05,CCM.MOLD.01,continuous_caster_mould,SCN-043,breakout_sticking,5852,6038,186,2025-09-09 13:00:00,2025-09-01 20:00:00,P1
medium,CCM.MOLD.01::E06,CCM.MOLD.01,continuous_caster_mould,SCN-043,breakout_sticking,6171,7209,1038,2025-10-28 08:00:00,2025-09-15 03:00:00,P1
short,CCM.MOLD.01::E07,CCM.MOLD.01,continuous_caster_mould,SCN-043,breakout_sticking,7707,7851,144,2025-11-24 02:00:00,2025-11-18 03:00:00,P1
short,CCM.MOLD.01::E08,CCM.MOLD.01,continuous_caster_mould,SCN-043,breakout_sticking,7948,8102,154,2025-12-04 13:00:00,2025-11-28 04:00:00,P1
short,HSM.STD.R1::E00,HSM.STD.R1,hot_strip_mill_stand,SCN-044,work_roll_spall_flat,914,1126,212,2025-02-16 21:00:00,2025-02-08 02:00:00,P2
short,HSM.STD.R1::E01,HSM.STD.R1,hot_strip_mill_stand,SCN-044,work_roll_spall_flat,2137,2291,154,2025-04-06 10:00:00,2025-03-31 01:00:00,P2
short,HSM.STD.R1::E02,HSM.STD.R1,hot_strip_mill_stand,SCN-044,work_roll_spall_flat,3623,3751,128,2025-06-06 06:00:00,2025-05-31 23:00:00,P2
short,HSM.STD.R1::E03,HSM.STD.R1,hot_strip_mill_stand,SCN-044,work_roll_spall_flat,3847,3959,112,2025-06-14 22:00:00,2025-06-10 07:00:00,P2
medium,HSM.STD.R1::E04,HSM.STD.R1,hot_strip_mill_stand,SCN-044,work_roll_spall_flat,5030,5951,921,2025-09-05 22:00:00,2025-07-29 14:00:00,P2
long,HSM.STD.R1::E05,HSM.STD.R1,hot_strip_mill_stand,SCN-044,work_roll_spall_flat,6441,7936,1495,2025-11-27 15:00:00,2025-09-26 09:00:00,P2
medium,HSM.STD.R1::E06,HSM.STD.R1,hot_strip_mill_stand,SCN-044,work_roll_spall_flat,8100,8577,477,2025-12-24 08:00:00,2025-12-04 12:00:00,P2
short,RM.CONV.ORE01::E00,RM.CONV.ORE01,raw_material_conveyor,SCN-045,idler_bearing_failure,380,464,84,2025-01-20 07:00:00,2025-01-16 20:00:00,P1
medium,RM.CONV.ORE01::E01,RM.CONV.ORE01,raw_material_conveyor,SCN-045,idler_bearing_failure,834,1564,730,2025-03-07 03:00:00,2025-02-04 18:00:00,P1
short,RM.CONV.ORE01::E02,RM.CONV.ORE01,raw_material_conveyor,SCN-045,idler_bearing_failure,1612,1710,98,2025-03-13 05:00:00,2025-03-09 04:00:00,P1
medium,RM.CONV.ORE01::E03,RM.CONV.ORE01,raw_material_conveyor,SCN-045,idler_bearing_failure,2139,3456,1317,2025-05-24 23:00:00,2025-03-31 03:00:00,P1
medium,RM.CONV.ORE01::E04,RM.CONV.ORE01,raw_material_conveyor,SCN-045,idler_bearing_failure,4108,4972,864,2025-07-27 03:00:00,2025-06-21 04:00:00,P1
short,RM.CONV.ORE01::E05,RM.CONV.ORE01,raw_material_conveyor,SCN-045,idler_bearing_failure,5103,5393,290,2025-08-13 16:00:00,2025-08-01 15:00:00,P1
long,RM.CONV.ORE01::E06,RM.CONV.ORE01,raw_material_conveyor,SCN-045,idler_bearing_failure,6100,7716,1616,2025-11-18 11:00:00,2025-09-12 04:00:00,P1
short,RM.CONV.ORE01::E07,RM.CONV.ORE01,raw_material_conveyor,SCN-045,idler_bearing_failure,8318,8433,115,2025-12-18 08:00:00,2025-12-13 14:00:00,P1
medium,RHF.ZONE.SOAK::E00,RHF.ZONE.SOAK,reheating_furnace,SCN-046,burner_failure_fuelside,145,1394,1249,2025-02-28 01:00:00,2025-01-07 01:00:00,P2
medium,RHF.ZONE.SOAK::E01,RHF.ZONE.SOAK,reheating_furnace,SCN-046,burner_failure_fuelside,1626,2288,662,2025-04-06 07:00:00,2025-03-09 18:00:00,P2
short,RHF.ZONE.SOAK::E02,RHF.ZONE.SOAK,reheating_furnace,SCN-046,burner_failure_fuelside,2484,2650,166,2025-04-21 09:00:00,2025-04-14 12:00:00,P2
medium,RHF.ZONE.SOAK::E03,RHF.ZONE.SOAK,reheating_furnace,SCN-046,burner_failure_fuelside,2889,3921,1032,2025-06-13 08:00:00,2025-05-01 09:00:00,P2
short,RHF.ZONE.SOAK::E04,RHF.ZONE.SOAK,reheating_furnace,SCN-046,burner_failure_fuelside,4389,4718,329,2025-07-16 13:00:00,2025-07-02 21:00:00,P2
short,RHF.ZONE.SOAK::E05,RHF.ZONE.SOAK,reheating_furnace,SCN-046,burner_failure_fuelside,4768,4905,137,2025-07-24 08:00:00,2025-07-18 16:00:00,P2
long,RHF.ZONE.SOAK::E06,RHF.ZONE.SOAK,reheating_furnace,SCN-046,burner_failure_fuelside,5357,6978,1621,2025-10-18 17:00:00,2025-08-12 05:00:00,P2
short,RHF.ZONE.SOAK::E07,RHF.ZONE.SOAK,reheating_furnace,SCN-046,burner_failure_fuelside,7694,8004,310,2025-11-30 11:00:00,2025-11-17 14:00:00,P2
short,EAF.AUX.HYD01::E00,EAF.AUX.HYD01,eaf_bof_auxiliary,SCN-049,filter_clog,287,417,130,2025-01-18 08:00:00,2025-01-12 23:00:00,P4
short,EAF.AUX.HYD01::E01,EAF.AUX.HYD01,eaf_bof_auxiliary,SCN-049,filter_clog,1279,1423,144,2025-03-01 06:00:00,2025-02-23 07:00:00,P4
medium,EAF.AUX.HYD01::E02,EAF.AUX.HYD01,eaf_bof_auxiliary,SCN-049,filter_clog,1799,2484,685,2025-04-14 11:00:00,2025-03-16 23:00:00,P4
short,EAF.AUX.HYD01::E03,EAF.AUX.HYD01,eaf_bof_auxiliary,SCN-049,filter_clog,3354,3689,335,2025-06-03 16:00:00,2025-05-20 18:00:00,P4
long,EAF.AUX.HYD01::E04,EAF.AUX.HYD01,eaf_bof_auxiliary,SCN-049,filter_clog,3908,5395,1487,2025-08-13 18:00:00,2025-06-12 20:00:00,P4
short,EAF.AUX.HYD01::E05,EAF.AUX.HYD01,eaf_bof_auxiliary,SCN-049,filter_clog,5846,6135,289,2025-09-13 14:00:00,2025-09-01 14:00:00,P4
medium,EAF.AUX.HYD01::E06,EAF.AUX.HYD01,eaf_bof_auxiliary,SCN-049,filter_clog,6499,7520,1021,2025-11-10 07:00:00,2025-09-28 19:00:00,P4
short,EAF.AUX.HYD01::E07,EAF.AUX.HYD01,eaf_bof_auxiliary,SCN-049,filter_clog,7694,7939,245,2025-11-27 18:00:00,2025-11-17 14:00:00,P4
short,EAF.AUX.HYD01::E08,EAF.AUX.HYD01,eaf_bof_auxiliary,SCN-049,filter_clog,8181,8444,263,2025-12-18 19:00:00,2025-12-07 21:00:00,P4
short,BF.CW.PMP02::E00,BF.CW.PMP02,cooling_descaling_pump,SCN-050,pump_bearing_failure,57,264,207,2025-01-11 23:00:00,2025-01-03 09:00:00,P2
medium,BF.CW.PMP02::E01,BF.CW.PMP02,cooling_descaling_pump,SCN-050,pump_bearing_failure,662,1867,1205,2025-03-19 18:00:00,2025-01-28 14:00:00,P2
short,BF.CW.PMP02::E02,BF.CW.PMP02,cooling_descaling_pump,SCN-050,pump_bearing_failure,2210,2328,118,2025-04-07 23:00:00,2025-04-03 02:00:00,P2
medium,BF.CW.PMP02::E03,BF.CW.PMP02,cooling_descaling_pump,SCN-050,pump_bearing_failure,3319,4248,929,2025-06-26 23:00:00,2025-05-19 07:00:00,P2
short,BF.CW.PMP02::E04,BF.CW.PMP02,cooling_descaling_pump,SCN-050,pump_bearing_failure,4819,5063,244,2025-07-30 22:00:00,2025-07-20 19:00:00,P2
long,BF.CW.PMP02::E05,BF.CW.PMP02,cooling_descaling_pump,SCN-050,pump_bearing_failure,5148,6547,1399,2025-09-30 18:00:00,2025-08-03 12:00:00,P2
short,BF.CW.PMP02::E06,BF.CW.PMP02,cooling_descaling_pump,SCN-050,pump_bearing_failure,7381,7685,304,2025-11-17 04:00:00,2025-11-04 13:00:00,P2
short,BF.CW.PMP02::E07,BF.CW.PMP02,cooling_descaling_pump,SCN-050,pump_bearing_failure,8059,8166,107,2025-12-07 05:00:00,2025-12-02 19:00:00,P2
short,SP.SINT.FAN01::E00,SP.SINT.FAN01,bf_sinter_fan_blower,SCN-051,mass_imbalance_deposit_shedding,60,276,216,2025-01-12 11:00:00,2025-01-03 12:00:00,P2
long,SP.SINT.FAN01::E01,SP.SINT.FAN01,bf_sinter_fan_blower,SCN-051,mass_imbalance_deposit_shedding,344,1966,1622,2025-03-23 21:00:00,2025-01-15 08:00:00,P2
short,SP.SINT.FAN01::E02,SP.SINT.FAN01,bf_sinter_fan_blower,SCN-051,mass_imbalance_deposit_shedding,2534,2699,165,2025-04-23 10:00:00,2025-04-16 14:00:00,P2
short,SP.SINT.FAN01::E03,SP.SINT.FAN01,bf_sinter_fan_blower,SCN-051,mass_imbalance_deposit_shedding,4019,4191,172,2025-06-24 14:00:00,2025-06-17 11:00:00,P2
medium,SP.SINT.FAN01::E04,SP.SINT.FAN01,bf_sinter_fan_blower,SCN-051,mass_imbalance_deposit_shedding,5271,6491,1220,2025-09-28 10:00:00,2025-08-08 15:00:00,P2
short,SP.SINT.FAN01::E05,SP.SINT.FAN01,bf_sinter_fan_blower,SCN-051,mass_imbalance_deposit_shedding,6539,6757,218,2025-10-09 12:00:00,2025-09-30 11:00:00,P2
medium,SP.SINT.FAN01::E06,SP.SINT.FAN01,bf_sinter_fan_blower,SCN-051,mass_imbalance_deposit_shedding,7551,8080,529,2025-12-03 15:00:00,2025-11-11 15:00:00,P2
short,MS.LDC.CRN01::E00,MS.LDC.CRN01,ladle_crane,SCN-047,wire_rope_fatigue_broken_wire,581,783,202,2025-02-02 14:00:00,2025-01-25 05:00:00,P1
medium,MS.LDC.CRN01::E01,MS.LDC.CRN01,ladle_crane,SCN-047,wire_rope_fatigue_broken_wire,1137,2167,1030,2025-04-01 06:00:00,2025-02-17 09:00:00,P1
short,MS.LDC.CRN01::E02,MS.LDC.CRN01,ladle_crane,SCN-047,wire_rope_fatigue_broken_wire,2264,2545,281,2025-04-17 00:00:00,2025-04-05 08:00:00,P1
short,MS.LDC.CRN01::E03,MS.LDC.CRN01,ladle_crane,SCN-047,wire_rope_fatigue_broken_wire,2913,3066,153,2025-05-08 17:00:00,2025-05-02 09:00:00,P1
medium,MS.LDC.CRN01::E04,MS.LDC.CRN01,ladle_crane,SCN-047,wire_rope_fatigue_broken_wire,3381,4102,721,2025-06-20 21:00:00,2025-05-21 21:00:00,P1
long,MS.LDC.CRN01::E05,MS.LDC.CRN01,ladle_crane,SCN-047,wire_rope_fatigue_broken_wire,4151,5957,1806,2025-09-06 04:00:00,2025-06-22 23:00:00,P1
medium,MS.LDC.CRN01::E06,MS.LDC.CRN01,ladle_crane,SCN-047,wire_rope_fatigue_broken_wire,6460,7398,938,2025-11-05 05:00:00,2025-09-27 04:00:00,P1
short,MS.LDC.CRN01::E07,MS.LDC.CRN01,ladle_crane,SCN-047,wire_rope_fatigue_broken_wire,8100,8368,268,2025-12-15 15:00:00,2025-12-04 12:00:00,P1
medium,CRM.AGC.SV01::E00,CRM.AGC.SV01,hydraulics_agc_servo,SCN-048,servo_valve_silting_spool_wear,718,1123,405,2025-02-16 18:00:00,2025-01-30 22:00:00,P2
long,CRM.AGC.SV01::E01,CRM.AGC.SV01,hydraulics_agc_servo,SCN-048,servo_valve_silting_spool_wear,1461,3210,1749,2025-05-14 17:00:00,2025-03-02 21:00:00,P2
medium,CRM.AGC.SV01::E02,CRM.AGC.SV01,hydraulics_agc_servo,SCN-048,servo_valve_silting_spool_wear,3621,4598,977,2025-07-11 13:00:00,2025-05-31 21:00:00,P2
short,CRM.AGC.SV01::E03,CRM.AGC.SV01,hydraulics_agc_servo,SCN-048,servo_valve_silting_spool_wear,4646,4793,147,2025-07-19 16:00:00,2025-07-13 14:00:00,P2
short,CRM.AGC.SV01::E04,CRM.AGC.SV01,hydraulics_agc_servo,SCN-048,servo_valve_silting_spool_wear,5356,5543,187,2025-08-19 22:00:00,2025-08-12 04:00:00,P2
short,CRM.AGC.SV01::E05,CRM.AGC.SV01,hydraulics_agc_servo,SCN-048,servo_valve_silting_spool_wear,6214,6426,212,2025-09-25 17:00:00,2025-09-16 22:00:00,P2
short,CRM.AGC.SV01::E06,CRM.AGC.SV01,hydraulics_agc_servo,SCN-048,servo_valve_silting_spool_wear,7225,7324,99,2025-11-02 03:00:00,2025-10-29 01:00:00,P2
short,CRM.AGC.SV01::E07,CRM.AGC.SV01,hydraulics_agc_servo,SCN-048,servo_valve_silting_spool_wear,7594,7711,117,2025-11-18 06:00:00,2025-11-13 10:00:00,P2
short,CRM.AGC.SV01::E08,CRM.AGC.SV01,hydraulics_agc_servo,SCN-048,servo_valve_silting_spool_wear,8323,8595,272,2025-12-25 02:00:00,2025-12-13 19:00:00,P2
