CoilID,Defect
532,1
958,1
654,1
806,1
376,1
1137,1
1187,1
759,1
1111,1
694,1
631,1
297,1
246,1
803,1
835,1
274,1
1097,1
1184,1
1063,1
730,1
994,1
1183,1
996,1
162,1
215,1
1100,1
776,1
829,1
1138,1
691,1
826,1
822,1
1346,1
403,1
500,1
302,1
1023,1
176,1
1073,1
275,1
528,1
804,1
1179,1
841,1
1494,1
1498,1
121,1
462,1
54,1
902,1
1189,1
1492,1
1022,1
622,1
239,1
919,1
282,1
1025,1
65,1
217,1
1091,1
836,1
511,1
1318,1
112,1
397,1
344,1
477,1
883,1
1157,1
96,1
404,1
859,1
586,1
160,1
711,1
156,1
853,1
1602,1
857,1
1170,1
933,1
153,1
856,1
358,1
962,1
797,1
972,1
22,1
732,1
507,1
1491,1
14,1
1216,1
961,1
735,1
940,1
582,1
802,1
751,1
361,1
867,1
1088,1
747,1
1287,1
1161,1
9,1
693,1
494,1
422,1
459,1
1087,1
1090,1
171,1
140,1
1019,1
1477,1
1117,1
161,1
491,1
917,1
264,1
1412,1
941,1
736,1
1085,1
877,1
35,1
1024,1
1298,1
1442,1
537,1
1434,1
781,1
21,1
770,1
934,1
1482,1
289,1
1251,1
1526,1
670,1
599,1
292,1
685,1
1027,1
1520,1
1304,1
1511,1
1647,1
1481,1
1448,1
1028,1
1095,1
