feedback_id,incident_id,asset_id,run_id,predicted_failure_mode,actual_failure_mode,predicted_rul_hours,actual_rul_hours,recommended_action,action_taken,prediction_correct,engineer_feedback,outcome,days_to_next_failure,feedback_ts
FB-0001,INC-0001,BF.BLW.FAN01,BF.BLW.FAN01::E00,process_instability_suspected,compressor_surge,2260.9,1839.0,Verify ASV auto-opened,Verify ASV auto-opened,False,false diagnosis - re-inspected and corrected on floor,misdiagnosed_reworked,33.1,2025-04-16 00:54:00
FB-0002,INC-0002,BF.BLW.FAN01,BF.BLW.FAN01::E01,compressor_surge,compressor_surge,61.4,83.0,Verify ASV auto-opened,Verify ASV auto-opened,False,"right diagnosis, timing miss - adjust RUL model",repaired_recurred,35.1,2025-05-21 15:12:00
FB-0003,INC-0003,BF.BLW.FAN01,BF.BLW.FAN01::E02,compressor_surge,compressor_surge,239.3,290.0,Verify ASV auto-opened,deferred to next shutdown,True,confirmed - matched root cause,repaired_ok,46.2,2025-06-25 06:36:00
FB-0004,INC-0004,BF.BLW.FAN01,BF.BLW.FAN01::E03,compressor_surge,compressor_surge,615.7,542.0,Verify ASV auto-opened,Verify ASV auto-opened,True,confirmed - RUL within tolerance,repaired_ok,51.1,2025-08-10 16:36:00
FB-0005,INC-0005,BF.BLW.FAN01,BF.BLW.FAN01::E04,compressor_surge,compressor_surge,682.3,667.0,Verify ASV auto-opened,Verify ASV auto-opened,True,confirmed - matched root cause,repaired_recurred,15.5,2025-09-30 10:12:00
FB-0006,INC-0006,BF.BLW.FAN01,BF.BLW.FAN01::E05,process_instability_suspected,compressor_surge,394.3,305.0,Verify ASV auto-opened,deferred to next shutdown,False,false diagnosis - re-inspected and corrected on floor,misdiagnosed_reworked,26.1,2025-10-15 17:18:00
FB-0007,INC-0007,BF.BLW.FAN01,BF.BLW.FAN01::E06,compressor_surge,compressor_surge,203.6,162.0,Verify ASV auto-opened,Verify ASV auto-opened,False,"right diagnosis, timing miss - adjust RUL model",repaired_recurred,26.9,2025-11-09 16:18:00
FB-0008,INC-0008,BF.BLW.FAN01,BF.BLW.FAN01::E07,compressor_surge,compressor_surge,198.6,196.0,Verify ASV auto-opened,Verify ASV auto-opened,True,confirmed - matched root cause,repaired_ok,,2025-12-06 12:06:00
FB-0009,INC-0009,BF.CW.PMP02,BF.CW.PMP02::E00,pump_bearing_failure,pump_bearing_failure,256.2,206.0,Switch to standby CW pump; isolate + LOTO,Switch to standby CW pump; isolate + LOTO,True,confirmed - sensor signature matched diagnosis,repaired_ok,66.8,2025-01-12 04:12:00
FB-0010,INC-0010,BF.CW.PMP02,BF.CW.PMP02::E01,pump_bearing_failure,pump_bearing_failure,874.3,1204.0,Switch to standby CW pump; isolate + LOTO,deferred to next shutdown,False,"right diagnosis, timing miss - adjust RUL model",repaired_ok,19.2,2025-03-20 02:00:00
FB-0011,INC-0011,BF.CW.PMP02,BF.CW.PMP02::E02,pump_bearing_failure,pump_bearing_failure,112.3,117.0,Switch to standby CW pump; isolate + LOTO,Switch to standby CW pump; isolate + LOTO,True,confirmed - matched root cause,repaired_ok,80.0,2025-04-08 09:54:00
FB-0012,INC-0012,BF.CW.PMP02,BF.CW.PMP02::E03,pump_bearing_failure,pump_bearing_failure,810.1,928.0,Switch to standby CW pump; isolate + LOTO,Switch to standby CW pump; isolate + LOTO,True,confirmed - RUL within tolerance,repaired_ok,34.0,2025-06-27 07:00:00
FB-0013,INC-0013,BF.CW.PMP02,BF.CW.PMP02::E04,pump_bearing_failure,pump_bearing_failure,235.0,243.0,Switch to standby CW pump; isolate + LOTO,Switch to standby CW pump; isolate + LOTO,True,confirmed - RUL within tolerance,repaired_ok,61.8,2025-07-31 03:36:00
FB-0014,INC-0014,BF.CW.PMP02,BF.CW.PMP02::E05,pump_bearing_failure,pump_bearing_failure,1204.8,1398.0,Switch to standby CW pump; isolate + LOTO,Switch to standby CW pump; isolate + LOTO,True,confirmed - sensor signature matched diagnosis,repaired_recurred,47.4,2025-10-01 01:12:00
FB-0015,INC-0015,BF.CW.PMP02,BF.CW.PMP02::E06,pump_bearing_failure,pump_bearing_failure,228.4,303.0,Switch to standby CW pump; isolate + LOTO,Switch to standby CW pump; isolate + LOTO,True,confirmed - action prevented escalation,repaired_ok,20.0,2025-11-17 11:30:00
FB-0016,INC-0016,BF.CW.PMP02,BF.CW.PMP02::E07,pump_bearing_failure,pump_bearing_failure,133.8,106.0,Switch to standby CW pump; isolate + LOTO,Switch to standby CW pump; isolate + LOTO,False,"right diagnosis, timing miss - adjust RUL model",repaired_ok,,2025-12-07 14:00:00
FB-0017,INC-0017,CCM.MOLD.01,CCM.MOLD.01::E00,process_thermal_suspected,breakout_sticking,908.0,772.0,BPS alarm: reduce casting speed to minimum 0.5 m/min immediately,BPS alarm: reduce casting speed to minimum 0.5 m/min immediately,False,false diagnosis - re-inspected and corrected on floor,repaired_recurred,35.5,2025-02-07 19:36:00
FB-0018,INC-0018,CCM.MOLD.01,CCM.MOLD.01::E01,breakout_sticking,breakout_sticking,262.8,236.0,BPS alarm: reduce casting speed to minimum 0.5 m/min immediately,BPS alarm: reduce casting speed to minimum 0.5 m/min immediately,True,confirmed - sensor signature matched diagnosis,repaired_ok,18.2,2025-03-15 01:12:00
FB-0019,INC-0019,CCM.MOLD.01,CCM.MOLD.01::E02,breakout_sticking,breakout_sticking,159.4,209.0,BPS alarm: reduce casting speed to minimum 0.5 m/min immediately,BPS alarm: reduce casting speed to minimum 0.5 m/min immediately,True,confirmed - action prevented escalation,repaired_ok,86.3,2025-04-02 18:12:00
FB-0020,INC-0020,CCM.MOLD.01,CCM.MOLD.01::E03,breakout_sticking,breakout_sticking,1311.3,1511.0,BPS alarm: reduce casting speed to minimum 0.5 m/min immediately,BPS alarm: reduce casting speed to minimum 0.5 m/min immediately,True,confirmed - matched root cause,repaired_ok,34.3,2025-06-27 08:42:00
FB-0021,INC-0021,CCM.MOLD.01,CCM.MOLD.01::E04,breakout_sticking,breakout_sticking,601.9,736.0,BPS alarm: reduce casting speed to minimum 0.5 m/min immediately,BPS alarm: reduce casting speed to minimum 0.5 m/min immediately,True,confirmed - action prevented escalation,repaired_ok,41.1,2025-08-01 05:06:00
FB-0022,INC-0022,CCM.MOLD.01,CCM.MOLD.01::E05,process_thermal_suspected,breakout_sticking,162.2,185.0,BPS alarm: reduce casting speed to minimum 0.5 m/min immediately,BPS alarm: reduce casting speed to minimum 0.5 m/min immediately,False,false diagnosis - re-inspected and corrected on floor,misdiagnosed_reworked,48.8,2025-09-11 06:12:00
FB-0023,INC-0023,CCM.MOLD.01,CCM.MOLD.01::E06,breakout_sticking,breakout_sticking,1224.8,1037.0,BPS alarm: reduce casting speed to minimum 0.5 m/min immediately,BPS alarm: reduce casting speed to minimum 0.5 m/min immediately,True,confirmed - matched root cause,repaired_ok,26.8,2025-10-29 16:48:00
FB-0024,INC-0024,CCM.MOLD.01,CCM.MOLD.01::E07,breakout_sticking,breakout_sticking,166.7,143.0,BPS alarm: reduce casting speed to minimum 0.5 m/min immediately,BPS alarm: reduce casting speed to minimum 0.5 m/min immediately,True,confirmed - action prevented escalation,repaired_recurred,10.5,2025-11-25 07:24:00
FB-0025,INC-0025,CCM.MOLD.01,CCM.MOLD.01::E08,process_thermal_suspected,breakout_sticking,175.9,153.0,BPS alarm: reduce casting speed to minimum 0.5 m/min immediately,BPS alarm: reduce casting speed to minimum 0.5 m/min immediately,False,false diagnosis - re-inspected and corrected on floor,repaired_recurred,,2025-12-05 19:18:00
FB-0026,INC-0026,CCM.SEG.07,CCM.SEG.07::E00,roll_seizure,roll_seizure,977.1,1006.0,Reduce casting speed if in liquid-core zone,Reduce casting speed if in liquid-core zone,True,confirmed - RUL within tolerance,repaired_ok,72.0,2025-03-01 19:00:00
FB-0027,INC-0027,CCM.SEG.07,CCM.SEG.07::E01,roll_seizure,roll_seizure,1271.3,1429.0,Reduce casting speed if in liquid-core zone,deferred to next shutdown,True,confirmed - sensor signature matched diagnosis,repaired_recurred,65.3,2025-05-12 16:18:00
FB-0028,INC-0028,CCM.SEG.07,CCM.SEG.07::E02,roll_seizure,roll_seizure,1589.5,1293.0,Reduce casting speed if in liquid-core zone,Reduce casting speed if in liquid-core zone,True,confirmed - RUL within tolerance,repaired_ok,13.4,2025-07-16 22:42:00
FB-0029,INC-0029,CCM.SEG.07,CCM.SEG.07::E03,roll_seizure,roll_seizure,169.8,210.0,Reduce casting speed if in liquid-core zone,Reduce casting speed if in liquid-core zone,True,confirmed - RUL within tolerance,repaired_ok,18.9,2025-07-30 09:42:00
FB-0030,INC-0030,CCM.SEG.07,CCM.SEG.07::E04,mechanical_seizure_suspected,roll_seizure,250.5,212.0,Reduce casting speed if in liquid-core zone,Reduce casting speed if in liquid-core zone,False,incorrect - actual mode was roll_seizure,repaired_ok,32.5,2025-08-18 08:06:00
FB-0031,INC-0031,CCM.SEG.07,CCM.SEG.07::E05,roll_seizure,roll_seizure,268.6,309.0,Reduce casting speed if in liquid-core zone,Reduce casting speed if in liquid-core zone,True,confirmed - matched root cause,repaired_ok,54.4,2025-09-19 19:12:00
FB-0032,INC-0032,CCM.SEG.07,CCM.SEG.07::E06,roll_seizure,roll_seizure,210.5,186.0,Reduce casting speed if in liquid-core zone,Reduce casting speed if in liquid-core zone,True,confirmed - RUL within tolerance,repaired_ok,,2025-11-13 04:30:00
FB-0033,INC-0033,CRM.AGC.SV01,CRM.AGC.SV01::E00,servo_valve_silting_spool_wear,servo_valve_silting_spool_wear,324.7,404.0,Switch AGC to backup/manual lock,Switch AGC to backup/manual lock,True,confirmed - matched root cause,repaired_recurred,87.0,2025-02-16 22:18:00
FB-0034,INC-0034,CRM.AGC.SV01,CRM.AGC.SV01::E01,wear_abrasion_suspected,servo_valve_silting_spool_wear,2224.4,1748.0,Switch AGC to backup/manual lock,Switch AGC to backup/manual lock,False,incorrect - actual mode was servo_valve_silting_spool_wear,repaired_recurred,57.8,2025-05-14 22:00:00
FB-0035,INC-0035,CRM.AGC.SV01,CRM.AGC.SV01::E02,servo_valve_silting_spool_wear,servo_valve_silting_spool_wear,1244.7,976.0,Switch AGC to backup/manual lock,Switch AGC to backup/manual lock,False,"right diagnosis, timing miss - adjust RUL model",repaired_ok,8.1,2025-07-11 20:12:00
FB-0036,INC-0036,CRM.AGC.SV01,CRM.AGC.SV01::E03,servo_valve_silting_spool_wear,servo_valve_silting_spool_wear,134.9,146.0,Switch AGC to backup/manual lock,deferred to next shutdown,True,confirmed - action prevented escalation,repaired_ok,31.2,2025-07-19 21:36:00
FB-0037,INC-0037,CRM.AGC.SV01,CRM.AGC.SV01::E04,servo_valve_silting_spool_wear,servo_valve_silting_spool_wear,161.3,186.0,Switch AGC to backup/manual lock,Switch AGC to backup/manual lock,True,confirmed - RUL within tolerance,repaired_ok,36.8,2025-08-20 02:42:00
FB-0038,INC-0038,CRM.AGC.SV01,CRM.AGC.SV01::E05,servo_valve_silting_spool_wear,servo_valve_silting_spool_wear,236.1,211.0,Switch AGC to backup/manual lock,Switch AGC to backup/manual lock,True,confirmed - RUL within tolerance,repaired_ok,37.4,2025-09-26 01:36:00
FB-0039,INC-0039,CRM.AGC.SV01,CRM.AGC.SV01::E06,wear_abrasion_suspected,servo_valve_silting_spool_wear,114.4,98.0,Switch AGC to backup/manual lock,Switch AGC to backup/manual lock,False,incorrect - actual mode was servo_valve_silting_spool_wear,repaired_recurred,16.1,2025-11-02 11:00:00
FB-0040,INC-0040,CRM.AGC.SV01,CRM.AGC.SV01::E07,servo_valve_silting_spool_wear,servo_valve_silting_spool_wear,89.4,116.0,Switch AGC to backup/manual lock,Switch AGC to backup/manual lock,True,confirmed - action prevented escalation,repaired_ok,36.8,2025-11-18 10:30:00
FB-0041,INC-0041,CRM.AGC.SV01,CRM.AGC.SV01::E08,servo_valve_silting_spool_wear,servo_valve_silting_spool_wear,217.9,271.0,Switch AGC to backup/manual lock,Switch AGC to backup/manual lock,True,confirmed - sensor signature matched diagnosis,repaired_ok,,2025-12-25 08:24:00
FB-0042,INC-0042,EAF.AUX.HYD01,EAF.AUX.HYD01::E00,filter_clog,filter_clog,159.7,129.0,Isolate HPU,Isolate HPU,True,confirmed - sensor signature matched diagnosis,repaired_ok,41.9,2025-01-18 11:30:00
FB-0043,INC-0043,EAF.AUX.HYD01,EAF.AUX.HYD01::E01,mechanical_general_suspected,filter_clog,120.3,143.0,Isolate HPU,Isolate HPU,False,false diagnosis - re-inspected and corrected on floor,misdiagnosed_reworked,44.2,2025-03-01 10:48:00
FB-0044,INC-0044,EAF.AUX.HYD01,EAF.AUX.HYD01::E02,filter_clog,filter_clog,515.3,684.0,Isolate HPU,Isolate HPU,True,confirmed - sensor signature matched diagnosis,repaired_recurred,50.2,2025-04-14 16:42:00
FB-0045,INC-0045,EAF.AUX.HYD01,EAF.AUX.HYD01::E03,mechanical_general_suspected,filter_clog,304.2,334.0,Isolate HPU,deferred to next shutdown,False,false diagnosis - re-inspected and corrected on floor,repaired_ok,71.1,2025-06-03 20:12:00
FB-0046,INC-0046,EAF.AUX.HYD01,EAF.AUX.HYD01::E04,filter_clog,filter_clog,1519.8,1486.0,Isolate HPU,Isolate HPU,True,confirmed - sensor signature matched diagnosis,repaired_ok,30.8,2025-08-13 23:00:00
FB-0047,INC-0047,EAF.AUX.HYD01,EAF.AUX.HYD01::E05,filter_clog,filter_clog,322.4,288.0,Isolate HPU,Isolate HPU,True,confirmed - matched root cause,repaired_ok,57.7,2025-09-13 18:12:00
FB-0048,INC-0048,EAF.AUX.HYD01,EAF.AUX.HYD01::E06,filter_clog,filter_clog,1067.7,1020.0,Isolate HPU,deferred to next shutdown,True,confirmed - matched root cause,repaired_recurred,17.5,2025-11-10 10:30:00
FB-0049,INC-0049,EAF.AUX.HYD01,EAF.AUX.HYD01::E07,filter_clog,filter_clog,236.6,244.0,Isolate HPU,Isolate HPU,True,confirmed - matched root cause,repaired_ok,21.0,2025-11-27 22:48:00
FB-0050,INC-0050,EAF.AUX.HYD01,EAF.AUX.HYD01::E08,filter_clog,filter_clog,259.3,262.0,Isolate HPU,Isolate HPU,True,confirmed - matched root cause,repaired_ok,,2025-12-18 21:42:00
FB-0051,INC-0051,HSM.DSC.PMP01,HSM.DSC.PMP01::E00,mechanical_seal_failure,mechanical_seal_failure,954.2,813.0,Switch to standby; isolate + LOTO,Switch to standby; isolate + LOTO,True,confirmed - sensor signature matched diagnosis,repaired_ok,61.4,2025-02-21 19:42:00
FB-0052,INC-0052,HSM.DSC.PMP01,HSM.DSC.PMP01::E01,mechanical_seal_failure,mechanical_seal_failure,111.7,112.0,Switch to standby; isolate + LOTO,Switch to standby; isolate + LOTO,True,confirmed - sensor signature matched diagnosis,repaired_ok,9.9,2025-04-24 03:30:00
FB-0053,INC-0053,HSM.DSC.PMP01,HSM.DSC.PMP01::E02,mechanical_seal_failure,mechanical_seal_failure,113.0,139.0,Switch to standby; isolate + LOTO,Switch to standby; isolate + LOTO,True,confirmed - matched root cause,repaired_ok,53.8,2025-05-03 21:12:00
FB-0054,INC-0054,HSM.DSC.PMP01,HSM.DSC.PMP01::E03,mechanical_seal_failure,mechanical_seal_failure,1206.7,968.0,Switch to standby; isolate + LOTO,Switch to standby; isolate + LOTO,True,confirmed - matched root cause,repaired_ok,48.9,2025-06-26 20:06:00
FB-0055,INC-0055,HSM.DSC.PMP01,HSM.DSC.PMP01::E04,mechanical_seal_failure,mechanical_seal_failure,67.4,72.0,Switch to standby; isolate + LOTO,Switch to standby; isolate + LOTO,True,confirmed - action prevented escalation,repaired_recurred,44.0,2025-08-14 11:48:00
FB-0056,INC-0056,HSM.DSC.PMP01,HSM.DSC.PMP01::E05,leakage_suspected,mechanical_seal_failure,235.0,290.0,Switch to standby; isolate + LOTO,deferred to next shutdown,False,false diagnosis - re-inspected and corrected on floor,repaired_recurred,66.2,2025-09-27 11:18:00
FB-0057,INC-0057,HSM.DSC.PMP01,HSM.DSC.PMP01::E06,mechanical_seal_failure,mechanical_seal_failure,1213.3,1397.0,Switch to standby; isolate + LOTO,Switch to standby; isolate + LOTO,True,confirmed - action prevented escalation,repaired_recurred,,2025-12-02 20:48:00
FB-0058,INC-0058,HSM.F1.GBX01,HSM.F1.GBX01::E00,material_fatigue_suspected,gear_tooth_fatigue_crack,339.2,284.0,Immediate controlled stop (no deferral),Immediate controlled stop (no deferral),False,incorrect - actual mode was gear_tooth_fatigue_crack,repaired_recurred,29.9,2025-02-10 05:42:00
FB-0059,INC-0059,HSM.F1.GBX01,HSM.F1.GBX01::E01,gear_tooth_fatigue_crack,gear_tooth_fatigue_crack,232.4,243.0,Immediate controlled stop (no deferral),Immediate controlled stop (no deferral),True,confirmed - RUL within tolerance,repaired_ok,15.5,2025-03-12 17:48:00
FB-0060,INC-0060,HSM.F1.GBX01,HSM.F1.GBX01::E02,gear_tooth_fatigue_crack,gear_tooth_fatigue_crack,114.7,104.0,Immediate controlled stop (no deferral),Immediate controlled stop (no deferral),True,confirmed - sensor signature matched diagnosis,repaired_ok,33.5,2025-03-29 08:18:00
FB-0061,INC-0061,HSM.F1.GBX01,HSM.F1.GBX01::E03,gear_tooth_fatigue_crack,gear_tooth_fatigue_crack,151.7,127.0,Immediate controlled stop (no deferral),Immediate controlled stop (no deferral),True,confirmed - matched root cause,repaired_ok,73.1,2025-04-30 20:12:00
FB-0062,INC-0062,HSM.F1.GBX01,HSM.F1.GBX01::E04,gear_tooth_fatigue_crack,gear_tooth_fatigue_crack,1357.5,1497.0,Immediate controlled stop (no deferral),Immediate controlled stop (no deferral),True,confirmed - action prevented escalation,repaired_ok,72.3,2025-07-13 05:48:00
FB-0063,INC-0063,HSM.F1.GBX01,HSM.F1.GBX01::E05,material_fatigue_suspected,gear_tooth_fatigue_crack,1220.4,1039.0,Immediate controlled stop (no deferral),Immediate controlled stop (no deferral),False,incorrect - actual mode was gear_tooth_fatigue_crack,repaired_ok,26.7,2025-09-21 17:36:00
FB-0064,INC-0064,HSM.F1.GBX01,HSM.F1.GBX01::E06,gear_tooth_fatigue_crack,gear_tooth_fatigue_crack,295.9,268.0,Immediate controlled stop (no deferral),Immediate controlled stop (no deferral),True,confirmed - sensor signature matched diagnosis,repaired_ok,9.2,2025-10-18 16:36:00
FB-0065,INC-0065,HSM.F1.GBX01,HSM.F1.GBX01::E07,gear_tooth_fatigue_crack,gear_tooth_fatigue_crack,186.4,153.0,Immediate controlled stop (no deferral),deferred to next shutdown,True,confirmed - action prevented escalation,repaired_ok,46.3,2025-10-27 01:00:00
FB-0066,INC-0066,HSM.F1.GBX01,HSM.F1.GBX01::E08,gear_tooth_fatigue_crack,gear_tooth_fatigue_crack,807.7,929.0,Immediate controlled stop (no deferral),Immediate controlled stop (no deferral),True,confirmed - RUL within tolerance,repaired_recurred,,2025-12-13 08:12:00
FB-0067,INC-0067,HSM.F1.MTR01,HSM.F1.MTR01::E00,broken_rotor_bar,broken_rotor_bar,1288.5,1605.0,Confirm via MCSA at steady load (sideband >-35dBc),Confirm via MCSA at steady load (sideband >-35dBc),True,confirmed - RUL within tolerance,repaired_ok,25.5,2025-04-06 18:12:00
FB-0068,INC-0068,HSM.F1.MTR01,HSM.F1.MTR01::E01,broken_rotor_bar,broken_rotor_bar,181.1,244.0,Confirm via MCSA at steady load (sideband >-35dBc),Confirm via MCSA at steady load (sideband >-35dBc),False,correct mode but RUL off - underestimated,repaired_recurred,33.3,2025-05-02 02:42:00
FB-0069,INC-0069,HSM.F1.MTR01,HSM.F1.MTR01::E02,broken_rotor_bar,broken_rotor_bar,173.3,193.0,Confirm via MCSA at steady load (sideband >-35dBc),Confirm via MCSA at steady load (sideband >-35dBc),True,confirmed - matched root cause,repaired_ok,60.7,2025-06-04 11:30:00
FB-0070,INC-0070,HSM.F1.MTR01,HSM.F1.MTR01::E03,broken_rotor_bar,broken_rotor_bar,528.9,740.0,Confirm via MCSA at steady load (sideband >-35dBc),Confirm via MCSA at steady load (sideband >-35dBc),False,correct mode but RUL off - underestimated,repaired_recurred,52.0,2025-08-04 01:48:00
FB-0071,INC-0071,HSM.F1.MTR01,HSM.F1.MTR01::E04,mechanical_general_suspected,broken_rotor_bar,522.2,459.0,Confirm via MCSA at steady load (sideband >-35dBc),Confirm via MCSA at steady load (sideband >-35dBc),False,false diagnosis - re-inspected and corrected on floor,repaired_recurred,28.1,2025-09-25 01:42:00
FB-0072,INC-0072,HSM.F1.MTR01,HSM.F1.MTR01::E05,broken_rotor_bar,broken_rotor_bar,253.6,297.0,Confirm via MCSA at steady load (sideband >-35dBc),Confirm via MCSA at steady load (sideband >-35dBc),True,confirmed - RUL within tolerance,repaired_recurred,14.3,2025-10-23 02:54:00
FB-0073,INC-0073,HSM.F1.MTR01,HSM.F1.MTR01::E06,broken_rotor_bar,broken_rotor_bar,300.5,264.0,Confirm via MCSA at steady load (sideband >-35dBc),Confirm via MCSA at steady load (sideband >-35dBc),True,confirmed - sensor signature matched diagnosis,repaired_ok,41.9,2025-11-06 15:36:00
FB-0074,INC-0074,HSM.F1.MTR01,HSM.F1.MTR01::E07,mechanical_general_suspected,broken_rotor_bar,800.7,638.0,Confirm via MCSA at steady load (sideband >-35dBc),Confirm via MCSA at steady load (sideband >-35dBc),False,wrong root cause flagged - secondary cause was primary,misdiagnosed_reworked,,2025-12-18 09:42:00
FB-0075,INC-0075,HSM.F3.WR.BRG01,HSM.F3.WR.BRG01::E00,outer_race_fatigue_spall_BPFO,outer_race_fatigue_spall_BPFO,2288.1,1790.0,LOTO + confirm zero-energy (Playbook 01),deferred to next shutdown,False,"right diagnosis, timing miss - adjust RUL model",repaired_recurred,19.8,2025-03-22 01:42:00
FB-0076,INC-0076,HSM.F3.WR.BRG01,HSM.F3.WR.BRG01::E01,outer_race_fatigue_spall_BPFO,outer_race_fatigue_spall_BPFO,241.0,330.0,LOTO + confirm zero-energy (Playbook 01),LOTO + confirm zero-energy (Playbook 01),False,correct mode but RUL off - underestimated,repaired_recurred,15.8,2025-04-11 00:42:00
FB-0077,INC-0077,HSM.F3.WR.BRG01,HSM.F3.WR.BRG01::E02,outer_race_fatigue_spall_BPFO,outer_race_fatigue_spall_BPFO,149.3,119.0,LOTO + confirm zero-energy (Playbook 01),LOTO + confirm zero-energy (Playbook 01),False,"right diagnosis, timing miss - adjust RUL model",repaired_recurred,19.0,2025-04-26 17:18:00
FB-0078,INC-0078,HSM.F3.WR.BRG01,HSM.F3.WR.BRG01::E03,outer_race_fatigue_spall_BPFO,outer_race_fatigue_spall_BPFO,413.2,333.0,LOTO + confirm zero-energy (Playbook 01),LOTO + confirm zero-energy (Playbook 01),True,confirmed - matched root cause,repaired_recurred,57.8,2025-05-15 11:00:00
FB-0079,INC-0079,HSM.F3.WR.BRG01,HSM.F3.WR.BRG01::E04,material_fatigue_suspected,outer_race_fatigue_spall_BPFO,1058.1,1157.0,LOTO + confirm zero-energy (Playbook 01),LOTO + confirm zero-energy (Playbook 01),False,false diagnosis - re-inspected and corrected on floor,repaired_recurred,77.0,2025-07-12 15:00:00
FB-0080,INC-0080,HSM.F3.WR.BRG01,HSM.F3.WR.BRG01::E05,outer_race_fatigue_spall_BPFO,outer_race_fatigue_spall_BPFO,1296.0,1782.0,LOTO + confirm zero-energy (Playbook 01),LOTO + confirm zero-energy (Playbook 01),False,correct mode but RUL off - underestimated,repaired_ok,14.5,2025-09-27 14:54:00
FB-0081,INC-0081,HSM.F3.WR.BRG01,HSM.F3.WR.BRG01::E06,outer_race_fatigue_spall_BPFO,outer_race_fatigue_spall_BPFO,163.6,214.0,LOTO + confirm zero-energy (Playbook 01),LOTO + confirm zero-energy (Playbook 01),True,confirmed - matched root cause,repaired_ok,70.5,2025-10-11 18:06:00
FB-0082,INC-0082,HSM.F3.WR.BRG01,HSM.F3.WR.BRG01::E07,outer_race_fatigue_spall_BPFO,outer_race_fatigue_spall_BPFO,1380.4,1264.0,LOTO + confirm zero-energy (Playbook 01),LOTO + confirm zero-energy (Playbook 01),True,confirmed - sensor signature matched diagnosis,repaired_ok,,2025-12-21 12:12:00
FB-0083,INC-0083,HSM.STD.R1,HSM.STD.R1::E00,work_roll_spall_flat,work_roll_spall_flat,253.2,211.0,"Stop rolling on spall-printed product, segregate strip",deferred to next shutdown,True,confirmed - RUL within tolerance,repaired_ok,48.5,2025-02-17 00:00:00
FB-0084,INC-0084,HSM.STD.R1,HSM.STD.R1::E01,work_roll_spall_flat,work_roll_spall_flat,198.2,153.0,"Stop rolling on spall-printed product, segregate strip","Stop rolling on spall-printed product, segregate strip",False,correct mode but RUL off - overestimated,repaired_ok,60.8,2025-04-06 13:00:00
FB-0085,INC-0085,HSM.STD.R1,HSM.STD.R1::E02,work_roll_spall_flat,work_roll_spall_flat,158.1,127.0,"Stop rolling on spall-printed product, segregate strip","Stop rolling on spall-printed product, segregate strip",True,confirmed - matched root cause,repaired_ok,8.7,2025-06-06 09:24:00
FB-0086,INC-0086,HSM.STD.R1,HSM.STD.R1::E03,work_roll_spall_flat,work_roll_spall_flat,88.9,111.0,"Stop rolling on spall-printed product, segregate strip","Stop rolling on spall-printed product, segregate strip",True,confirmed - sensor signature matched diagnosis,repaired_recurred,83.0,2025-06-15 01:36:00
FB-0087,INC-0087,HSM.STD.R1,HSM.STD.R1::E04,material_fatigue_suspected,work_roll_spall_flat,724.7,920.0,"Stop rolling on spall-printed product, segregate strip","Stop rolling on spall-printed product, segregate strip",False,incorrect - actual mode was work_roll_spall_flat,repaired_ok,82.7,2025-09-06 02:06:00
FB-0088,INC-0088,HSM.STD.R1,HSM.STD.R1::E05,work_roll_spall_flat,work_roll_spall_flat,1097.8,1494.0,"Stop rolling on spall-printed product, segregate strip","Stop rolling on spall-printed product, segregate strip",False,"right diagnosis, timing miss - adjust RUL model",repaired_ok,26.7,2025-11-27 19:42:00
FB-0089,INC-0089,HSM.STD.R1,HSM.STD.R1::E06,work_roll_spall_flat,work_roll_spall_flat,602.9,476.0,"Stop rolling on spall-printed product, segregate strip","Stop rolling on spall-printed product, segregate strip",False,"right diagnosis, timing miss - adjust RUL model",repaired_ok,,2025-12-24 11:36:00
FB-0090,INC-0090,MS.LDC.CRN01,MS.LDC.CRN01::E00,wire_rope_fatigue_broken_wire,wire_rope_fatigue_broken_wire,171.3,201.0,Take crane out of service immediately (do not lift),Take crane out of service immediately (do not lift),True,confirmed - sensor signature matched diagnosis,repaired_ok,57.7,2025-02-03 15:48:00
FB-0091,INC-0091,MS.LDC.CRN01,MS.LDC.CRN01::E01,wire_rope_fatigue_broken_wire,wire_rope_fatigue_broken_wire,884.8,1029.0,Take crane out of service immediately (do not lift),deferred to next shutdown,True,confirmed - RUL within tolerance,repaired_ok,15.8,2025-04-02 00:18:00
FB-0092,INC-0092,MS.LDC.CRN01,MS.LDC.CRN01::E02,wire_rope_fatigue_broken_wire,wire_rope_fatigue_broken_wire,347.2,280.0,Take crane out of service immediately (do not lift),Take crane out of service immediately (do not lift),True,confirmed - sensor signature matched diagnosis,repaired_ok,21.7,2025-04-18 02:12:00
FB-0093,INC-0093,MS.LDC.CRN01,MS.LDC.CRN01::E03,wire_rope_fatigue_broken_wire,wire_rope_fatigue_broken_wire,118.9,152.0,Take crane out of service immediately (do not lift),Take crane out of service immediately (do not lift),True,confirmed - action prevented escalation,repaired_ok,43.2,2025-05-09 12:24:00
FB-0094,INC-0094,MS.LDC.CRN01,MS.LDC.CRN01::E04,wire_rope_fatigue_broken_wire,wire_rope_fatigue_broken_wire,607.2,720.0,Take crane out of service immediately (do not lift),deferred to next shutdown,True,confirmed - sensor signature matched diagnosis,repaired_ok,77.3,2025-06-21 17:18:00
FB-0095,INC-0095,MS.LDC.CRN01,MS.LDC.CRN01::E05,wire_rope_fatigue_broken_wire,wire_rope_fatigue_broken_wire,2034.4,1805.0,Take crane out of service immediately (do not lift),Take crane out of service immediately (do not lift),True,confirmed - action prevented escalation,repaired_ok,60.0,2025-09-07 08:36:00
FB-0096,INC-0096,MS.LDC.CRN01,MS.LDC.CRN01::E06,material_fatigue_suspected,wire_rope_fatigue_broken_wire,964.7,937.0,Take crane out of service immediately (do not lift),Take crane out of service immediately (do not lift),False,wrong root cause flagged - secondary cause was primary,repaired_recurred,40.4,2025-11-06 14:18:00
FB-0097,INC-0097,MS.LDC.CRN01,MS.LDC.CRN01::E07,wire_rope_fatigue_broken_wire,wire_rope_fatigue_broken_wire,197.2,267.0,Take crane out of service immediately (do not lift),Take crane out of service immediately (do not lift),False,correct mode but RUL off - underestimated,repaired_ok,,2025-12-16 23:12:00
FB-0098,INC-0098,RHF.ZONE.SOAK,RHF.ZONE.SOAK::E00,burner_failure_fuelside,burner_failure_fuelside,1312.7,1248.0,Automatic fuel cutoff at <40% flame signal,deferred to next shutdown,True,confirmed - RUL within tolerance,repaired_ok,37.2,2025-02-28 06:12:00
FB-0099,INC-0099,RHF.ZONE.SOAK,RHF.ZONE.SOAK::E01,burner_failure_fuelside,burner_failure_fuelside,625.3,661.0,Automatic fuel cutoff at <40% flame signal,Automatic fuel cutoff at <40% flame signal,True,confirmed - matched root cause,repaired_ok,15.1,2025-04-06 14:24:00
FB-0100,INC-0100,RHF.ZONE.SOAK,RHF.ZONE.SOAK::E02,burner_failure_fuelside,burner_failure_fuelside,116.8,165.0,Automatic fuel cutoff at <40% flame signal,deferred to next shutdown,False,correct mode but RUL off - underestimated,repaired_ok,53.0,2025-04-21 14:42:00
FB-0101,INC-0101,RHF.ZONE.SOAK,RHF.ZONE.SOAK::E03,burner_failure_fuelside,burner_failure_fuelside,812.9,1031.0,Automatic fuel cutoff at <40% flame signal,Automatic fuel cutoff at <40% flame signal,True,confirmed - sensor signature matched diagnosis,repaired_ok,33.2,2025-06-13 16:30:00
FB-0102,INC-0102,RHF.ZONE.SOAK,RHF.ZONE.SOAK::E04,burner_failure_fuelside,burner_failure_fuelside,287.6,328.0,Automatic fuel cutoff at <40% flame signal,deferred to next shutdown,True,confirmed - sensor signature matched diagnosis,repaired_ok,7.8,2025-07-16 20:24:00
FB-0103,INC-0103,RHF.ZONE.SOAK,RHF.ZONE.SOAK::E05,burner_failure_fuelside,burner_failure_fuelside,140.2,136.0,Automatic fuel cutoff at <40% flame signal,deferred to next shutdown,True,confirmed - RUL within tolerance,repaired_ok,86.4,2025-07-24 12:00:00
FB-0104,INC-0104,RHF.ZONE.SOAK,RHF.ZONE.SOAK::E06,burner_failure_fuelside,burner_failure_fuelside,2074.7,1620.0,Automatic fuel cutoff at <40% flame signal,Automatic fuel cutoff at <40% flame signal,False,correct mode but RUL off - overestimated,repaired_ok,42.8,2025-10-19 00:30:00
FB-0105,INC-0105,RHF.ZONE.SOAK,RHF.ZONE.SOAK::E07,mechanical_general_suspected,burner_failure_fuelside,346.6,309.0,Automatic fuel cutoff at <40% flame signal,Automatic fuel cutoff at <40% flame signal,False,wrong root cause flagged - secondary cause was primary,repaired_recurred,,2025-11-30 19:42:00
FB-0106,INC-0106,RM.CONV.ORE01,RM.CONV.ORE01::E00,idler_bearing_failure,idler_bearing_failure,70.0,83.0,Stop belt immediately (fire risk),Stop belt immediately (fire risk),True,confirmed - matched root cause,repaired_ok,45.8,2025-01-20 08:36:00
FB-0107,INC-0107,RM.CONV.ORE01,RM.CONV.ORE01::E01,idler_bearing_failure,idler_bearing_failure,715.7,729.0,Stop belt immediately (fire risk),Stop belt immediately (fire risk),True,confirmed - matched root cause,repaired_recurred,6.1,2025-03-07 05:06:00
FB-0108,INC-0108,RM.CONV.ORE01,RM.CONV.ORE01::E02,idler_bearing_failure,idler_bearing_failure,91.8,97.0,Stop belt immediately (fire risk),deferred to next shutdown,True,confirmed - matched root cause,repaired_ok,72.8,2025-03-13 06:42:00
FB-0109,INC-0109,RM.CONV.ORE01,RM.CONV.ORE01::E03,idler_bearing_failure,idler_bearing_failure,1690.5,1316.0,Stop belt immediately (fire risk),Stop belt immediately (fire risk),False,correct mode but RUL off - overestimated,repaired_ok,63.2,2025-05-25 01:18:00
FB-0110,INC-0110,RM.CONV.ORE01,RM.CONV.ORE01::E04,idler_bearing_failure,idler_bearing_failure,1119.2,863.0,Stop belt immediately (fire risk),Stop belt immediately (fire risk),False,"right diagnosis, timing miss - adjust RUL model",repaired_recurred,17.5,2025-07-27 05:06:00
FB-0111,INC-0111,RM.CONV.ORE01,RM.CONV.ORE01::E05,idler_bearing_failure,idler_bearing_failure,236.2,289.0,Stop belt immediately (fire risk),Stop belt immediately (fire risk),True,confirmed - RUL within tolerance,repaired_ok,96.8,2025-08-13 18:54:00
FB-0112,INC-0112,RM.CONV.ORE01,RM.CONV.ORE01::E06,idler_bearing_failure,idler_bearing_failure,1496.3,1615.0,Stop belt immediately (fire risk),Stop belt immediately (fire risk),True,confirmed - matched root cause,repaired_ok,29.9,2025-11-18 13:42:00
FB-0113,INC-0113,RM.CONV.ORE01,RM.CONV.ORE01::E07,idler_bearing_failure,idler_bearing_failure,84.0,114.0,Stop belt immediately (fire risk),Stop belt immediately (fire risk),False,"right diagnosis, timing miss - adjust RUL model",repaired_recurred,,2025-12-18 10:48:00
FB-0114,INC-0114,SP.SINT.FAN01,SP.SINT.FAN01::E00,mass_imbalance_deposit_shedding,mass_imbalance_deposit_shedding,170.4,215.0,Emergency stop; access fan housing,Emergency stop; access fan housing,True,confirmed - action prevented escalation,repaired_recurred,70.4,2025-01-13 05:00:00
FB-0115,INC-0115,SP.SINT.FAN01,SP.SINT.FAN01::E01,mass_imbalance_deposit_shedding,mass_imbalance_deposit_shedding,1482.3,1621.0,Emergency stop; access fan housing,Emergency stop; access fan housing,True,confirmed - action prevented escalation,repaired_ok,30.5,2025-03-25 00:42:00
FB-0116,INC-0116,SP.SINT.FAN01,SP.SINT.FAN01::E02,mass_imbalance_deposit_shedding,mass_imbalance_deposit_shedding,156.5,164.0,Emergency stop; access fan housing,Emergency stop; access fan housing,True,confirmed - action prevented escalation,repaired_ok,62.2,2025-04-24 05:36:00
FB-0117,INC-0117,SP.SINT.FAN01,SP.SINT.FAN01::E03,mass_imbalance_deposit_shedding,mass_imbalance_deposit_shedding,155.2,171.0,Emergency stop; access fan housing,Emergency stop; access fan housing,True,confirmed - sensor signature matched diagnosis,repaired_ok,95.8,2025-06-25 07:00:00
FB-0118,INC-0118,SP.SINT.FAN01,SP.SINT.FAN01::E04,mass_imbalance_deposit_shedding,mass_imbalance_deposit_shedding,1374.7,1219.0,Emergency stop; access fan housing,Emergency stop; access fan housing,True,confirmed - RUL within tolerance,repaired_ok,11.1,2025-09-29 06:18:00
FB-0119,INC-0119,SP.SINT.FAN01,SP.SINT.FAN01::E05,mass_imbalance_deposit_shedding,mass_imbalance_deposit_shedding,205.4,217.0,Emergency stop; access fan housing,Emergency stop; access fan housing,True,confirmed - RUL within tolerance,repaired_ok,55.1,2025-10-10 08:54:00
FB-0120,INC-0120,SP.SINT.FAN01,SP.SINT.FAN01::E06,mass_imbalance_deposit_shedding,mass_imbalance_deposit_shedding,463.2,528.0,Emergency stop; access fan housing,Emergency stop; access fan housing,True,confirmed - RUL within tolerance,repaired_ok,,2025-12-04 22:48:00
