model,score_test,score_val,eval_metric,pred_time_test,pred_time_val,fit_time,pred_time_test_marginal,pred_time_val_marginal,fit_time_marginal,stack_level,can_infer,fit_order
LightGBM_r15_BAG_L1,1.0,0.8809321834205194,roc_auc,0.05580878257751465,0.015847444534301758,10.212714195251465,0.05580878257751465,0.015847444534301758,10.212714195251465,1,True,39
LightGBMLarge_BAG_L1,1.0,0.8296043640133843,roc_auc,0.06847572326660156,0.013903617858886719,26.771207332611084,0.06847572326660156,0.013903617858886719,26.771207332611084,1,True,10
CatBoost_r128_BAG_L1,1.0,0.9008082378999952,roc_auc,0.0833582878112793,0.04353952407836914,191.35985898971558,0.0833582878112793,0.04353952407836914,191.35985898971558,1,True,50
CatBoost_r9_BAG_L1,1.0,0.8968023940807768,roc_auc,0.0847625732421875,0.04527091979980469,235.87420749664307,0.0847625732421875,0.04527091979980469,235.87420749664307,1,True,14
RandomForest_r39_BAG_L1,1.0,0.8490916160045243,roc_auc,0.08790302276611328,0.1733241081237793,5.136548280715942,0.08790302276611328,0.1733241081237793,5.136548280715942,1,True,35
ExtraTrees_r42_BAG_L1,1.0,0.8880013195720816,roc_auc,0.09000015258789062,0.1701831817626953,0.8769629001617432,0.09000015258789062,0.1701831817626953,0.8769629001617432,1,True,18
RandomForestGini_BAG_L1,1.0,0.8656275036523869,roc_auc,0.09842872619628906,0.16364645957946777,1.0389206409454346,0.09842872619628906,0.16364645957946777,1.0389206409454346,1,True,3
XGBoost_r33_BAG_L1,1.0,0.8904519534379565,roc_auc,0.15142130851745605,0.04200267791748047,18.001933336257935,0.15142130851745605,0.04200267791748047,18.001933336257935,1,True,17
LightGBM_r131_BAG_L1,1.0,0.881344549696027,roc_auc,0.19048547744750977,0.0361325740814209,19.71091318130493,0.19048547744750977,0.0361325740814209,19.71091318130493,1,True,13
RandomForest_r166_BAG_L1,1.0,0.8761428436778358,roc_auc,0.21807074546813965,0.1596665382385254,1.0145986080169678,0.21807074546813965,0.1596665382385254,1.0145986080169678,1,True,60
RandomForest_r195_BAG_L1,1.0,0.8426645930533955,roc_auc,0.2309560775756836,0.1593780517578125,6.213572025299072,0.2309560775756836,0.1593780517578125,6.213572025299072,1,True,21
LightGBM_r161_BAG_L1,1.0,0.8809086196333475,roc_auc,0.23451995849609375,0.048995256423950195,28.5862979888916,0.23451995849609375,0.048995256423950195,28.5862979888916,1,True,32
RandomForestEntr_BAG_L1,1.0,0.8754653847966445,roc_auc,0.256206750869751,0.18861079216003418,1.0368528366088867,0.256206750869751,0.18861079216003418,1.0368528366088867,1,True,4
ExtraTreesEntr_BAG_L1,1.0,0.8722135821669259,roc_auc,0.26364827156066895,0.26818370819091797,1.654865026473999,0.26364827156066895,0.26818370819091797,1.654865026473999,1,True,7
LightGBM_r188_BAG_L1,1.0,0.8901574060983082,roc_auc,0.2846410274505615,0.02023935317993164,13.853364706039429,0.2846410274505615,0.02023935317993164,13.853364706039429,1,True,22
LightGBM_r196_BAG_L1,1.0,0.8960012253169329,roc_auc,0.7573728561401367,0.1211705207824707,24.60371160507202,0.7573728561401367,0.1211705207824707,24.60371160507202,1,True,34
ExtraTrees_r49_BAG_L1,0.9999999999999999,0.8920896366464017,roc_auc,0.08950972557067871,0.25577235221862793,1.9505929946899414,0.08950972557067871,0.25577235221862793,1.9505929946899414,1,True,44
ExtraTreesGini_BAG_L1,0.9999999999999999,0.8920896366464017,roc_auc,0.13020753860473633,0.26381897926330566,1.4735205173492432,0.13020753860473633,0.26381897926330566,1.4735205173492432,1,True,6
CatBoost_r86_BAG_L1,0.999988218106414,0.9020099910457609,roc_auc,0.040413856506347656,0.040415048599243164,116.62872648239136,0.040413856506347656,0.040415048599243164,116.62872648239136,1,True,41
XGBoost_r49_BAG_L1,0.999988218106414,0.8942928507469721,roc_auc,0.18334317207336426,0.03512215614318848,12.13350510597229,0.18334317207336426,0.03512215614318848,12.13350510597229,1,True,54
RandomForest_r15_BAG_L1,0.9999764362128281,0.8483670295489892,roc_auc,0.09088826179504395,0.14191055297851562,4.854320049285889,0.09088826179504395,0.14191055297851562,4.854320049285889,1,True,64
LightGBM_r143_BAG_L1,0.9999646543192422,0.8853386116216597,roc_auc,0.22152948379516602,0.03304171562194824,19.999764919281006,0.22152948379516602,0.03304171562194824,19.999764919281006,1,True,45
CatBoost_r70_BAG_L1,0.9999528724256562,0.8983340402469485,roc_auc,0.06354522705078125,0.04454541206359863,80.79623198509216,0.06354522705078125,0.04454541206359863,80.79623198509216,1,True,33
XGBoost_r98_BAG_L1,0.9999528724256562,0.8919246901361988,roc_auc,0.23047804832458496,0.07527875900268555,21.061588287353516,0.23047804832458496,0.07527875900268555,21.061588287353516,1,True,38
LightGBM_BAG_L1,0.9999410905320703,0.8866464018096989,roc_auc,0.03925299644470215,0.01423954963684082,9.8450186252594,0.03925299644470215,0.01423954963684082,9.8450186252594,1,True,2
CatBoost_r13_BAG_L1,0.9999293086384844,0.8948937273198548,roc_auc,0.06562685966491699,0.04242229461669922,157.97927474975586,0.06562685966491699,0.04242229461669922,157.97927474975586,1,True,20
XGBoost_r194_BAG_L1,0.9999057448513126,0.8966610113577456,roc_auc,0.09109902381896973,0.05877828598022461,7.6743786334991455,0.09109902381896973,0.05877828598022461,7.6743786334991455,1,True,28
XGBoost_BAG_L1,0.9998821810641406,0.8917361798388237,roc_auc,0.20761895179748535,0.030226469039916992,7.325732231140137,0.20761895179748535,0.030226469039916992,7.325732231140137,1,True,8
XGBoost_r89_BAG_L1,0.999811489702625,0.8918068712003393,roc_auc,0.10527729988098145,0.03379678726196289,7.52462911605835,0.10527729988098145,0.03379678726196289,7.52462911605835,1,True,23
XGBoost_r22_BAG_L1,0.999799707809039,0.897108723314011,roc_auc,0.12354278564453125,0.03052377700805664,6.555768966674805,0.12354278564453125,0.03052377700805664,6.555768966674805,1,True,66
CatBoost_r143_BAG_L1,0.99962297940525,0.9087845798576747,roc_auc,0.037482261657714844,0.0345456600189209,56.052751302719116,0.037482261657714844,0.0345456600189209,56.052751302719116,1,True,58
XGBoost_r31_BAG_L1,0.9994344691078749,0.8958127150195581,roc_auc,0.316408634185791,0.04103827476501465,16.6456778049469,0.316408634185791,0.04103827476501465,16.6456778049469,1,True,61
LightGBM_r135_BAG_L1,0.9993048682784297,0.8945284886186908,roc_auc,0.0852353572845459,0.019756317138671875,9.167747497558594,0.0852353572845459,0.019756317138671875,9.167747497558594,1,True,65
CatBoost_r167_BAG_L1,0.9992695225976719,0.9060393986521514,roc_auc,0.04772329330444336,0.0351109504699707,57.463236808776855,0.04772329330444336,0.0351109504699707,57.463236808776855,1,True,36
CatBoost_BAG_L1,0.9990103209387813,0.8999599415618078,roc_auc,0.11448240280151367,0.03667593002319336,36.85424613952637,0.11448240280151367,0.03667593002319336,36.85424613952637,1,True,5
LightGBMXT_BAG_L1,0.9988218106414062,0.8840661671143786,roc_auc,0.06777548789978027,0.015566825866699219,6.003176212310791,0.06777548789978027,0.015566825866699219,6.003176212310791,1,True,1
CatBoost_r69_BAG_L1,0.9985272633017579,0.9057566332060889,roc_auc,0.06553959846496582,0.03662729263305664,25.50210690498352,0.06553959846496582,0.03662729263305664,25.50210690498352,1,True,30
LightGBM_r30_BAG_L1,0.9982209340685235,0.889615438993355,roc_auc,0.4551510810852051,0.053801774978637695,11.778316497802734,0.4551510810852051,0.053801774978637695,11.778316497802734,1,True,53
CatBoost_r177_BAG_L1,0.998126678919836,0.9058626702483624,roc_auc,0.03880715370178223,0.036073923110961914,35.26466608047485,0.03880715370178223,0.036073923110961914,35.26466608047485,1,True,11
CatBoost_r50_BAG_L1,0.997938168622461,0.8962604269758235,roc_auc,0.0514674186706543,0.03954601287841797,30.12910771369934,0.0514674186706543,0.03954601287841797,30.12910771369934,1,True,27
CatBoost_r60_BAG_L1,0.9977850040058438,0.8998774683067062,roc_auc,0.04229998588562012,0.03692030906677246,26.366299152374268,0.04229998588562012,0.03692030906677246,26.366299152374268,1,True,63
LightGBM_r130_BAG_L1,0.9974079834110938,0.8893562373344645,roc_auc,0.05273747444152832,0.014823198318481445,7.484674692153931,0.05273747444152832,0.014823198318481445,7.484674692153931,1,True,25
RandomForest_r127_BAG_L1,0.9973608558367499,0.8482197558791649,roc_auc,0.08591270446777344,0.14580297470092773,6.56993293762207,0.08591270446777344,0.14580297470092773,6.56993293762207,1,True,46
ExtraTrees_r172_BAG_L1,0.9967953249446251,0.8891971817710542,roc_auc,0.1008913516998291,0.21477699279785156,0.9381284713745117,0.1008913516998291,0.21477699279785156,0.9381284713745117,1,True,29
CatBoost_r6_BAG_L1,0.9967364154766953,0.9019157358970733,roc_auc,0.046566009521484375,0.037932634353637695,14.123850345611572,0.046566009521484375,0.037932634353637695,14.123850345611572,1,True,67
ExtraTrees_r178_BAG_L1,0.9965361232857344,0.8917656345727885,roc_auc,0.08678078651428223,0.16190481185913086,0.9631907939910889,0.08678078651428223,0.16190481185913086,0.9631907939910889,1,True,59
WeightedEnsemble_L2,0.9962887035204298,0.9171732880908618,roc_auc,0.7438206672668457,0.423839807510376,161.26062655448914,0.0026175975799560547,0.0006136894226074219,0.12509632110595703,2,True,68
NeuralNetTorch_r185_BAG_L1,0.9955346623309298,0.8691385079409962,roc_auc,0.32285404205322266,0.1657848358154297,25.609603881835938,0.32285404205322266,0.1657848358154297,25.609603881835938,1,True,62
LightGBM_r94_BAG_L1,0.9946392384183986,0.8921014185399878,roc_auc,0.2185382843017578,0.019264936447143555,3.8542935848236084,0.2185382843017578,0.019264936447143555,3.8542935848236084,1,True,48
CatBoost_r49_BAG_L1,0.9929662095291956,0.9000895423912532,roc_auc,0.038152217864990234,0.039069414138793945,18.988113403320312,0.038152217864990234,0.039069414138793945,18.988113403320312,1,True,43
CatBoost_r5_BAG_L1,0.9918704934257034,0.8997714312644328,roc_auc,0.039229631423950195,0.03888821601867676,18.598409175872803,0.039229631423950195,0.03888821601867676,18.598409175872803,1,True,55
LightGBM_r96_BAG_L1,0.9917880201706017,0.8902516612469956,roc_auc,0.27083635330200195,0.04564166069030762,5.904905796051025,0.27083635330200195,0.04564166069030762,5.904905796051025,1,True,15
CatBoost_r137_BAG_L1,0.9894552052405863,0.8966374475705734,roc_auc,0.049889564514160156,0.03622579574584961,19.749741554260254,0.049889564514160156,0.03622579574584961,19.749741554260254,1,True,19
NeuralNetTorch_r79_BAG_L1,0.9848484848484849,0.8870823318723785,roc_auc,0.3078000545501709,0.1698615550994873,28.707393407821655,0.3078000545501709,0.1698615550994873,28.707393407821655,1,True,12
NeuralNetTorch_r86_BAG_L1,0.9801592912012818,0.8675715160940667,roc_auc,0.27244114875793457,0.16136908531188965,24.29637837409973,0.27244114875793457,0.16136908531188965,24.29637837409973,1,True,26
NeuralNetTorch_BAG_L1,0.9794405956925397,0.8879895376784958,roc_auc,0.2509877681732178,0.15305376052856445,23.725945949554443,0.2509877681732178,0.15305376052856445,23.725945949554443,1,True,9
NeuralNetTorch_r158_BAG_L1,0.971688109712993,0.9095032753664168,roc_auc,0.3180503845214844,0.19206595420837402,37.71273708343506,0.3180503845214844,0.19206595420837402,37.71273708343506,1,True,40
NeuralNetTorch_r41_BAG_L1,0.9690018379753993,0.8929497148781753,roc_auc,0.3212614059448242,0.1706221103668213,18.342273950576782,0.3212614059448242,0.1706221103668213,18.342273950576782,1,True,37
NeuralNetTorch_r71_BAG_L1,0.9664098213864932,0.899747867477261,roc_auc,0.2661566734313965,0.15533065795898438,6.614441394805908,0.2661566734313965,0.15533065795898438,6.614441394805908,1,True,57
NeuralNetTorch_r87_BAG_L1,0.9612140063150949,0.8993590649889251,roc_auc,0.26891613006591797,0.15190339088439941,20.24835205078125,0.26891613006591797,0.15190339088439941,20.24835205078125,1,True,56
NeuralNetTorch_r30_BAG_L1,0.9604128375512512,0.8896625665676988,roc_auc,0.333477258682251,0.18977832794189453,40.99859309196472,0.333477258682251,0.18977832794189453,40.99859309196472,1,True,24
NeuralNetTorch_r31_BAG_L1,0.9590579197888685,0.89168905226448,roc_auc,0.25507426261901855,0.16839385032653809,16.4156711101532,0.25507426261901855,0.16839385032653809,16.4156711101532,1,True,51
NeuralNetTorch_r197_BAG_L1,0.9567722324331966,0.8976860360997219,roc_auc,0.23510956764221191,0.16837096214294434,8.504006624221802,0.23510956764221191,0.16837096214294434,8.504006624221802,1,True,42
NeuralNetTorch_r143_BAG_L1,0.9535439935906498,0.8521961449644188,roc_auc,0.36380696296691895,0.17620110511779785,36.05056428909302,0.36380696296691895,0.17620110511779785,36.05056428909302,1,True,49
ExtraTrees_r4_BAG_L1,0.9512465243413921,0.8840779490079645,roc_auc,0.09943580627441406,0.17393898963928223,1.1604502201080322,0.09943580627441406,0.17393898963928223,1.1604502201080322,1,True,52
NeuralNetTorch_r14_BAG_L1,0.9510933597247749,0.9068170036288232,roc_auc,0.33794713020324707,0.16150355339050293,9.906805038452148,0.33794713020324707,0.16150355339050293,9.906805038452148,1,True,31
NeuralNetTorch_r22_BAG_L1,0.9474174089259626,0.8870587680852067,roc_auc,0.3227698802947998,0.1750171184539795,28.63339614868164,0.3227698802947998,0.1750171184539795,28.63339614868164,1,True,16
RandomForest_r34_BAG_L1,0.945296668080494,0.8754182572223008,roc_auc,0.2385423183441162,0.14380526542663574,2.5132558345794678,0.2385423183441162,0.14380526542663574,2.5132558345794678,1,True,47
