,importance,stddev,p_value,n,p99_high,p99_low
X21,0.002789122685097367,0.0012019519691153391,0.003283267000647278,5,0.005263958402247514,0.00031428696794721976
v5_ratio_X16_div_X14,0.002232333480629056,0.002375884198571682,0.05177022335318888,5,0.007124311883697518,-0.002659644922439406
poly_X14^2,0.0018238637663126277,0.0034216954996470175,0.14959203427941692,5,0.008869182092943495,-0.00522145456031824
v5_FT_CT_ratio_X18_X14,0.0016386954968619083,0.002717126422400368,0.1243854703178935,5,0.007233296355262393,-0.003955905361538576
X14,0.0015332215488859323,0.0020960238930853043,0.08862522949014862,5,0.005848963714877458,-0.002782520617105593
X49,0.0014745202701311744,0.001853376764838773,0.0749308158682101,5,0.005290648645323375,-0.0023416081050610256
v5_grade_x_temp_dev,0.0013900247502064867,0.0017113462545809061,0.07175257752738863,5,0.0049137103417074696,-0.0021336608412944966
X18,0.0013062937003988306,0.0015823856002040902,0.06932154029200424,5,0.004564447522112286,-0.0019518601213146247
X2,0.0012836506635405698,0.0014926635812225228,0.06341940846106794,5,0.004357065608080891,-0.0017897642809997507
X16,0.0012391244035420356,0.0011599553252663478,0.03763766413616161,5,0.003627488450551806,-0.0011492396434677346
X38,0.0011780494557633193,0.001293169496039641,0.05566073265694718,5,0.0038407033216108083,-0.0014846044100841696
X10_rollmean5,0.0011724788130429652,0.0011553018577471342,0.04289632912489754,5,0.003551261306112919,-0.0012063036800269884
X40,0.0011678544677523606,0.0013645899140413908,0.06409986207784397,5,0.003977563961400532,-0.0016418550258958113
X37,0.0010959938854536277,0.000982257939764171,0.033562806868178065,5,0.003118476559675543,-0.0009264887887682879
X48,0.001073031506474309,0.001206712423568085,0.05883594120119549,5,0.003557669065139133,-0.001411606052190515
X41,0.0010569338900743963,0.0010883555785679612,0.04782413127924194,5,0.0032978730690185224,-0.0011840052888697297
X13_over_X34,0.0010541886799909639,0.0006670770850194557,0.012075182366875459,5,0.002427709618031154,-0.0003193322580492264
X43,0.0010161513177652682,0.001158706832587241,0.060710117085166895,5,0.0034019447010927547,-0.0013696420655622185
X13_rollmean5,0.000992379156132528,0.0012353875562643782,0.07344159555861249,5,0.003536059209351472,-0.001551300897086416
X27,0.000983376781681211,0.0006648652203855588,0.01486496943249113,5,0.0023523434598689895,-0.0003855898965065673
v5_ratio_X13_div_X14,0.000978887804566364,0.0007987424813902817,0.025942553018823356,5,0.0026235096135432553,-0.0006657340044105274
X36,0.0009081851921509231,0.0007258086158943323,0.024457261196923475,5,0.002402635164018507,-0.0005862647797166606
poly_X16^2,0.0008755347009356651,0.0007405898032102112,0.028684783948541823,5,0.002400419341784363,-0.0006493499399130328
X9,0.0008686841777586718,0.0007986969460969922,0.035912563871759284,5,0.0025132122289373156,-0.0007758438734199719
X7,0.0008465401291920749,0.0005145446688991799,0.010612900388176144,5,0.0019059947142185838,-0.00021291445583443392
X25,0.0007845427866831178,0.000693171080322132,0.032304149352781426,5,0.002211791621708861,-0.0006427060483426253
poly_X13_minus_X36_X16,0.0007274049248285896,0.00034382589068515396,0.00454979414045417,5,0.0014353471859281492,1.946266372903011e-05
X10_lag1,0.0007192108602732227,0.000598778056693736,0.02744812566939907,5,0.0019521031549978656,-0.0005136814344514201
poly_X13_over_X36_X36,0.000657163501875746,0.0005948247201782921,0.03445812628610256,5,0.0018819158220741727,-0.0005675888183226805
prev5_defect_rate,0.000656580996294176,0.0006145966344622977,0.037632158201270124,5,0.0019220439612802668,-0.0006088819686919148
poly_X14_X13_minus_X36,0.0006340614401406652,0.0002371277711662363,0.001966279690709117,5,0.0011223107984260413,0.00014581208185528925
poly_X13_minus_X36^2,0.0006182823840618524,0.000527500764278656,0.029372254066689703,5,0.0017044137485469708,-0.0004678489804232661
X44,0.0006153556316622621,0.0006047475945271982,0.04261411249879574,5,0.0018605392872937847,-0.0006298280239692604
c3_over_c2_mean,0.0005966688949864629,0.0005388941135208655,0.034259622864189765,5,0.0017062593230341124,-0.0005129215330611864
X36_roll5,0.0005266089195496093,0.00023176198023919264,0.0035384161828038246,5,0.0010038100401530904,4.9407798946128287e-05
X39,0.0004309901655342063,0.0003519206073971274,0.025993722582302783,5,0.0011555995602245937,-0.00029361922915618113
X23,0.0004192437582947184,0.0004469929808172502,0.05198760899076918,5,0.0013396084838969834,-0.0005011209673075466
poly_X14_X16,0.00041031527294193014,0.0004031655995676804,0.042593863576803614,5,0.0012404388147925476,-0.0004198082689086874
X13_over_X36,0.0003956129414774079,0.0004861688319328313,0.07147437918393967,5,0.0013966412859944591,-0.0006054154030396434
iso_score,0.0003857263478580286,0.0003099226719376689,0.024833335565604454,5,0.0010238614129642353,-0.00025240871724817825
poly_X36^2,0.00037580639548440153,0.00032044554883001175,0.029326514915345717,5,0.0010356082095535572,-0.0002839954185847542
X6,0.0003674066652137986,0.00034642462728917055,0.03834773272716066,5,0.0010806997608993852,-0.00034588643047178794
X30_over_X35,0.0003618969864095156,0.00037886849293706766,0.04977252801128634,5,0.0011419924498859996,-0.00041819847706696855
v5_T_finish_dev_Ar3_sq,0.000321371098693235,0.00024273137736162772,0.020766790291734418,5,0.0008211583595849903,-0.00017841616219852027
X30,0.0003013364438118504,0.00029720324945794855,0.04299828913715672,5,0.0009132820422312119,-0.0003106091546075111
X13_minus_X36,0.00028996132508185557,8.343071414438013e-05,0.0007389987573197144,5,0.0004617463186401484,0.00011817633152356275
poly_X13_over_X36_X16,0.00028272688820556445,0.0002870478305392948,0.04620213524829586,5,0.0008737623387086119,-0.000308308562297483
poly_X36_X13_minus_X36,0.0002761601991038143,0.00022711640607438592,0.026522799190705854,5,0.0007437960182932999,-0.00019147562008567132
X13_lag1,0.00025150573074330664,0.00015512428688867167,0.011125430333286015,5,0.000570908781492576,-6.789732000596273e-05
row_skew,0.00024728540560268184,0.0004177427927700765,0.12809970359431544,5,0.0011074235897352543,-0.0006128527785298906
X36_lag1,0.0002454460282134141,0.00023855183188716274,0.04143801889804,5,0.0007366275472057884,-0.0002457354907789602
poly_X36_X14,0.00017628269430303156,0.00021852366961226468,0.07279389523691511,5,0.0006262259503527704,-0.00027366056174670726
poly_X13_over_X36_X13_minus_X36,0.0001558341061901114,0.00025932431575596566,0.1251021383894062,5,0.000689786456574589,-0.0003781182441943662
poly_X36_X16,0.00012094131503328497,0.0001530948109796518,0.07603476027229106,5,0.0004361656468355444,-0.00019428301676897448
v5_any_campaign_zero,0.00010713375773656608,0.00034840709105709336,0.2647553325509676,5,0.0008245087737208668,-0.0006102412582477346
poly_X13_over_X36^2,6.956846870400656e-05,6.679173820674954e-05,0.040168799654718944,5,0.0002070935808316309,-6.795664342361778e-05
v5_log_X36,4.255319148938064e-05,9.515182882982062e-05,0.1869504831500295,5,0.00023847212218801658,-0.0001533657392092553
poly_X13_over_X36_X14,7.5683819382499354e-06,0.00030830191331493407,0.4794282804574106,5,0.000642366282638981,-0.0006272295187624812
v5_log_X34,-8.060340095175089e-05,0.0006514985136841044,0.6021208317587643,5,0.001260841043390213,-0.0014220478452937146
