T,score,recall,precision,n_pos,tp,fp,fn
0.001,52.47376311844077,1.0,0.049475262368815595,1334,66,1268,0
0.001998998998998999,52.67206477732793,1.0,0.05344129554655871,1235,66,1169,0
0.002997997997997998,52.95434198746642,1.0,0.05908683974932856,1117,66,1051,0
0.003996996996996997,53.2512315270936,1.0,0.06502463054187192,1015,66,949,0
0.004995995995995996,53.52564102564102,1.0,0.07051282051282051,936,66,870,0
0.005994994994994995,53.75854214123007,1.0,0.07517084282460136,878,66,812,0
0.006993993993993994,53.94736842105263,1.0,0.07894736842105263,836,66,770,0
0.007992992992992994,54.11985018726592,1.0,0.08239700374531835,801,66,735,0
0.008991991991991993,54.31937172774869,1.0,0.08638743455497382,764,66,698,0
0.009990990990990992,54.53296703296703,1.0,0.09065934065934066,728,66,662,0
0.010989989989989991,54.700854700854705,1.0,0.09401709401709402,702,66,636,0
0.01198898898898899,54.852941176470594,1.0,0.09705882352941177,680,66,614,0
0.01298798798798799,54.24242424242425,0.9848484848484849,0.1,650,65,585,1
0.013986986986986989,54.34446505875077,0.9848484848484849,0.10204081632653061,637,65,572,1
0.014985985985985988,53.621285081959236,0.9696969696969697,0.10272873194221509,623,64,559,2
0.015984984984984987,53.68810051736881,0.9696969696969697,0.1040650406504065,615,64,551,2
0.016983983983983986,53.85397600162701,0.9696969696969697,0.10738255033557047,596,64,532,2
0.017982982982982985,53.19602272727273,0.9545454545454546,0.109375,576,63,513,3
0.018981981981981984,53.26330084678064,0.9545454545454546,0.11072056239015818,569,63,506,3
0.019980980980980983,53.342245989304814,0.9545454545454546,0.11229946524064172,561,63,498,3
0.020979979979979982,53.52837769964842,0.9545454545454546,0.11602209944751381,543,63,480,3
0.02197897897897898,52.80773840095874,0.9393939393939394,0.1167608286252354,531,62,469,4
0.02297797797797798,52.90839428770464,0.9393939393939394,0.11877394636015326,522,62,460,4
0.02397697697697698,52.16915246212122,0.9242424242424242,0.119140625,512,61,451,5
0.024975975975975978,52.23978919631094,0.9242424242424242,0.12055335968379446,506,61,445,5
0.025974974974974977,52.31212121212121,0.9242424242424242,0.122,500,61,439,5
0.026973973973973976,52.46212121212122,0.9242424242424242,0.125,488,61,427,5
0.027972972972972975,52.6196842373313,0.9242424242424242,0.12815126050420167,476,61,415,5
0.028971971971971974,52.701482914248864,0.9242424242424242,0.12978723404255318,470,61,409,5
0.029970970970970973,51.96213764543482,0.9090909090909091,0.1301518438177874,461,60,401,6
0.030969969969969972,52.06247496996396,0.9090909090909091,0.13215859030837004,454,60,394,6
0.03196896896896897,52.121212121212125,0.9090909090909091,0.13333333333333333,450,60,390,6
0.03296796796796797,52.24187577128754,0.9090909090909091,0.13574660633484162,442,60,382,6
0.033966966966966966,52.3989898989899,0.9090909090909091,0.1388888888888889,432,60,372,6
0.03496596596596597,52.51336898395722,0.9090909090909091,0.1411764705882353,425,60,365,6
0.03596496496496497,51.78831585081585,0.8939393939393939,0.14182692307692307,416,59,357,7
0.03696396396396397,51.96297954918645,0.8939393939393939,0.14532019704433496,406,59,347,7
0.03796296296296296,52.017068952552826,0.8939393939393939,0.14640198511166252,403,59,344,7
0.038961961961961965,52.18427934163975,0.8939393939393939,0.14974619289340102,394,59,335,7
0.03996096096096097,52.31970871505756,0.8939393939393939,0.1524547803617571,387,59,328,7
0.04095995995995996,52.39931956642139,0.8939393939393939,0.15404699738903394,383,59,324,7
0.04195895895895896,52.501202501202506,0.8939393939393939,0.15608465608465608,378,59,319,7
0.04295795795795796,51.8628912071535,0.8787878787878788,0.15846994535519127,366,58,308,8
0.043956956956956963,51.994949494949495,0.8787878787878788,0.16111111111111112,360,58,302,8
0.04495595595595596,51.18743615934627,0.8636363636363636,0.1601123595505618,356,57,299,9
0.045954954954954955,51.3014763014763,0.8636363636363636,0.1623931623931624,351,57,294,9
0.04695395395395396,51.395074665968046,0.8636363636363636,0.1642651296829971,347,57,290,9
0.04795295295295296,51.515151515151516,0.8636363636363636,0.16666666666666666,342,57,285,9
0.048951951951951955,50.83265083265084,0.8484848484848485,0.16816816816816818,333,56,277,10
0.04995095095095095,50.076452599388375,0.8333333333333334,0.16819571865443425,327,55,272,11
0.05094994994994995,50.15432098765432,0.8333333333333334,0.1697530864197531,324,55,269,11
0.051948948948948956,50.287356321839084,0.8333333333333334,0.1724137931034483,319,55,264,11
0.05294794794794795,50.369198312236286,0.8333333333333334,0.17405063291139242,316,55,261,11
0.05394694694694695,50.5091103965702,0.8333333333333334,0.17684887459807075,311,55,256,11
0.05494594594594595,50.6243213897937,0.8333333333333334,0.1791530944625407,307,55,252,11
0.05594494494494495,50.68306010928963,0.8333333333333334,0.18032786885245902,305,55,250,11
0.05694394394394395,50.98870056497176,0.8333333333333334,0.1864406779661017,295,55,240,11
0.05794294294294294,51.02040816326531,0.8333333333333334,0.1870748299319728,294,55,239,11
0.058941941941941946,51.21527777777778,0.8333333333333334,0.1909722222222222,288,55,233,11
0.05994094094094095,51.52329749103943,0.8333333333333334,0.1971326164874552,279,55,224,11
0.060939939939939944,50.83556149732621,0.8181818181818182,0.19852941176470587,272,54,218,12
0.06193893893893894,50.94626563028051,0.8181818181818182,0.20074349442379183,269,54,215,12
0.06293793793793794,51.13636363636363,0.8181818181818182,0.20454545454545456,264,54,210,12
0.06393693693693694,51.45596590909092,0.8181818181818182,0.2109375,256,54,202,12
0.06493593593593594,51.53901216893343,0.8181818181818182,0.2125984251968504,254,54,200,12
0.06593493493493494,51.66606302064469,0.8181818181818182,0.2151394422310757,251,54,197,12
0.06693393393393393,51.75246440306681,0.8181818181818182,0.21686746987951808,249,54,195,12
0.06793293293293294,51.92949907235622,0.8181818181818182,0.22040816326530613,245,54,191,12
0.06893193193193194,52.02020202020202,0.8181818181818182,0.2222222222222222,243,54,189,12
0.06993093093093093,51.33294975067126,0.803030303030303,0.22362869198312235,237,53,184,13
0.07092992992992994,51.47630147630148,0.803030303030303,0.2264957264957265,234,53,181,13
0.07192892892892894,51.573928944618594,0.803030303030303,0.22844827586206898,232,53,179,13
0.07292792792792793,51.573928944618594,0.803030303030303,0.22844827586206898,232,53,179,13
0.07392692692692693,51.67325428194993,0.803030303030303,0.23043478260869565,230,53,177,13
0.07492592592592592,51.72356755326187,0.803030303030303,0.2314410480349345,229,53,176,13
0.07592492492492493,51.825523962087836,0.803030303030303,0.23348017621145375,227,53,174,13
0.07692392392392393,51.92929292929293,0.803030303030303,0.23555555555555555,225,53,172,13
0.07792292292292292,51.92929292929293,0.803030303030303,0.23555555555555555,225,53,172,13
0.07892192192192193,51.98187229437229,0.803030303030303,0.23660714285714285,224,53,171,13
0.07992092092092093,52.08845208845209,0.803030303030303,0.23873873873873874,222,53,169,13
0.08091991991991992,52.30747845426744,0.803030303030303,0.24311926605504589,218,53,165,13
0.08191891891891892,52.420033670033675,0.803030303030303,0.24537037037037038,216,53,163,13
0.08291791791791792,52.592829705505764,0.803030303030303,0.24882629107981222,213,53,160,13
0.08391691691691693,52.77056277056277,0.803030303030303,0.2523809523809524,210,53,157,13
0.08491591591591592,52.89189976689976,0.803030303030303,0.2548076923076923,208,53,155,13
0.08591491491491492,52.07686622320769,0.7878787878787878,0.25365853658536586,205,52,153,14
0.08691391391391393,52.26522652265226,0.7878787878787878,0.25742574257425743,202,52,150,14
0.08791291291291292,52.39393939393939,0.7878787878787878,0.26,200,52,148,14
0.08891191191191192,52.39393939393939,0.7878787878787878,0.26,200,52,148,14
0.08991091091091091,52.45926602710522,0.7878787878787878,0.2613065326633166,199,52,147,14
0.09090990990990991,52.59190893708661,0.7878787878787878,0.2639593908629442,197,52,145,14
0.09190890890890892,52.72727272727272,0.7878787878787878,0.26666666666666666,195,52,143,14
0.09290790790790791,52.79600124960949,0.7878787878787878,0.26804123711340205,194,52,142,14
0.09390690690690691,51.91761363636363,0.7727272727272727,0.265625,192,51,141,15
0.09490590590590592,51.91761363636363,0.7727272727272727,0.265625,192,51,141,15
0.09590490490490491,51.98714897667778,0.7727272727272727,0.2670157068062827,191,51,140,15
0.09690390390390391,52.200193423597675,0.7727272727272727,0.2712765957446808,188,51,137,15
0.0979029029029029,52.34604105571847,0.7727272727272727,0.27419354838709675,186,51,135,15
0.0989019019019019,52.34604105571847,0.7727272727272727,0.27419354838709675,186,51,135,15
0.09990090090090091,52.34604105571847,0.7727272727272727,0.27419354838709675,186,51,135,15
0.1008998998998999,52.49505928853755,0.7727272727272727,0.27717391304347827,184,51,133,15
0.1018988988988989,52.803030303030305,0.7727272727272727,0.2833333333333333,180,51,129,15
0.10289789789789791,52.96220633299284,0.7727272727272727,0.28651685393258425,178,51,127,15
0.1038968968968969,53.2077922077922,0.7727272727272727,0.2914285714285714,175,51,124,15
0.1048958958958959,53.37624802942722,0.7727272727272727,0.2947976878612717,173,51,122,15
0.1058948948948949,53.461945031712474,0.7727272727272727,0.29651162790697677,172,51,121,15
0.1068938938938939,53.461945031712474,0.7727272727272727,0.29651162790697677,172,51,121,15
0.1078928928928929,52.75974025974026,0.7575757575757576,0.2976190476190476,168,50,118,16
0.1088918918918919,52.939028842643296,0.7575757575757576,0.30120481927710846,166,50,116,16
0.1098908908908909,51.969696969696976,0.7424242424242424,0.296969696969697,165,49,116,17
0.1108898898898899,52.060236511456026,0.7424242424242424,0.29878048780487804,164,49,115,17
0.1118888888888889,52.15188696783789,0.7424242424242424,0.3006134969325153,163,49,114,17
0.1128878878878879,52.433712121212125,0.7424242424242424,0.30625,160,49,111,17
0.11388688688688689,51.65026056745802,0.7272727272727273,0.3057324840764331,157,48,109,18
0.11488588588588589,51.65026056745802,0.7272727272727273,0.3057324840764331,157,48,109,18
0.1158848848848849,51.65026056745802,0.7272727272727273,0.3057324840764331,157,48,109,18
0.11688388388388389,51.94805194805194,0.7272727272727273,0.3116883116883117,154,48,106,18
0.11788288288288289,52.15311004784689,0.7272727272727273,0.3157894736842105,152,48,104,18
0.1188818818818819,52.36363636363637,0.7272727272727273,0.32,150,48,102,18
0.11988088088088089,52.579852579852584,0.7272727272727273,0.32432432432432434,148,48,100,18
0.12087987987987989,51.812957157784744,0.7121212121212122,0.32413793103448274,145,47,98,19
0.12187887887887888,51.812957157784744,0.7121212121212122,0.32413793103448274,145,47,98,19
0.12287787787787788,51.92550505050505,0.7121212121212122,0.3263888888888889,144,47,97,19
0.12387687687687689,50.93240093240093,0.696969696969697,0.32167832167832167,143,46,97,20
0.12487587587587588,51.0456679470764,0.696969696969697,0.323943661971831,142,46,96,20
0.12587487487487486,51.160541586073506,0.696969696969697,0.3262411347517731,141,46,95,20
0.1268738738738739,51.39524743841291,0.696969696969697,0.33093525179856115,139,46,93,20
0.12787287287287288,51.515151515151516,0.696969696969697,0.3333333333333333,138,46,92,20
0.12887187187187188,51.7602495543672,0.696969696969697,0.3382352941176471,136,46,90,20
0.12987087087087087,50.75757575757576,0.6818181818181818,0.3333333333333333,135,45,90,21
0.13086986986986987,50.88195386702849,0.6818181818181818,0.3358208955223881,134,45,89,21
0.13186886886886887,49.87468671679198,0.6666666666666666,0.3308270676691729,133,44,89,22
0.13286786786786786,49.87468671679198,0.6666666666666666,0.3308270676691729,133,44,89,22
0.13386686686686688,50.256410256410255,0.6666666666666666,0.3384615384615385,130,44,86,22
0.13486586586586588,50.256410256410255,0.6666666666666666,0.3384615384615385,130,44,86,22
0.13586486486486488,50.3875968992248,0.6666666666666666,0.34108527131782945,129,44,85,22
0.13686386386386387,50.65616797900262,0.6666666666666666,0.3464566929133858,127,44,83,22
0.13786286286286287,49.63924963924964,0.6515151515151515,0.3412698412698413,126,43,83,23
0.13886186186186186,49.775757575757574,0.6515151515151515,0.344,125,43,82,23
0.13986086086086086,49.91446725317693,0.6515151515151515,0.3467741935483871,124,43,81,23
0.14085985985985988,50.055432372505535,0.6515151515151515,0.34959349593495936,123,43,80,23
0.14185885885885888,50.198708395429705,0.6515151515151515,0.3524590163934426,122,43,79,23
0.14285785785785787,50.492424242424235,0.6515151515151515,0.35833333333333334,120,43,77,23
0.14385685685685687,50.64298446651387,0.6515151515151515,0.36134453781512604,119,43,76,23
0.14485585585585586,50.64298446651387,0.6515151515151515,0.36134453781512604,119,43,76,23
0.14585485485485486,49.61479198767334,0.6363636363636364,0.3559322033898305,118,42,76,24
0.14685385385385386,49.61479198767334,0.6363636363636364,0.3559322033898305,118,42,76,24
0.14785285285285285,49.92163009404389,0.6363636363636364,0.3620689655172414,116,42,74,24
0.14885185185185185,49.92163009404389,0.6363636363636364,0.3620689655172414,116,42,74,24
0.14985085085085087,49.92163009404389,0.6363636363636364,0.3620689655172414,116,42,74,24
0.15084984984984987,50.07905138339921,0.6363636363636364,0.3652173913043478,115,42,73,24
0.15184884884884886,50.07905138339921,0.6363636363636364,0.3652173913043478,115,42,73,24
0.15284784784784786,49.364177489177486,0.6212121212121212,0.36607142857142855,112,41,71,25
0.15384684684684685,49.52907452907453,0.6212121212121212,0.36936936936936937,111,41,70,25
0.15484584584584585,49.52907452907453,0.6212121212121212,0.36936936936936937,111,41,70,25
0.15584484484484484,49.52907452907453,0.6212121212121212,0.36936936936936937,111,41,70,25
0.15684384384384387,49.696969696969695,0.6212121212121212,0.37272727272727274,110,41,69,25
0.15784284284284286,49.86794551014735,0.6212121212121212,0.3761467889908257,109,41,68,25
0.15884184184184186,50.04208754208754,0.6212121212121212,0.37962962962962965,108,41,67,25
0.15984084084084085,50.04208754208754,0.6212121212121212,0.37962962962962965,108,41,67,25
0.16083983983983985,50.21948456527896,0.6212121212121212,0.38317757009345793,107,41,66,25
0.16183883883883884,49.53379953379954,0.6060606060606061,0.38461538461538464,104,40,64,26
0.16283783783783784,49.53379953379954,0.6060606060606061,0.38461538461538464,104,40,64,26
0.16383683683683684,49.53379953379954,0.6060606060606061,0.38461538461538464,104,40,64,26
0.16483583583583583,49.72050603118564,0.6060606060606061,0.3883495145631068,103,40,63,26
0.16583483483483485,49.72050603118564,0.6060606060606061,0.3883495145631068,103,40,63,26
0.16683383383383385,49.72050603118564,0.6060606060606061,0.3883495145631068,103,40,63,26
0.16783283283283285,49.72050603118564,0.6060606060606061,0.3883495145631068,103,40,63,26
0.16883183183183184,49.91087344028521,0.6060606060606061,0.39215686274509803,102,40,62,26
0.16983083083083084,49.91087344028521,0.6060606060606061,0.39215686274509803,102,40,62,26
0.17082982982982983,50.10501050105011,0.6060606060606061,0.39603960396039606,101,40,61,26
0.17182882882882883,50.303030303030305,0.6060606060606061,0.4,100,40,60,26
0.17282782782782785,50.505050505050505,0.6060606060606061,0.40404040404040403,99,40,59,26
0.17382682682682685,50.71119356833642,0.6060606060606061,0.40816326530612246,98,40,58,26
0.17482582582582584,50.71119356833642,0.6060606060606061,0.40816326530612246,98,40,58,26
0.17582482482482484,51.13636363636363,0.6060606060606061,0.4166666666666667,96,40,56,26
0.17682382382382383,51.13636363636363,0.6060606060606061,0.4166666666666667,96,40,56,26
0.17782282282282283,51.13636363636363,0.6060606060606061,0.4166666666666667,96,40,56,26
0.17882182182182182,50.07177033492823,0.5909090909090909,0.4105263157894737,95,39,56,27
0.17982082082082082,50.07177033492823,0.5909090909090909,0.4105263157894737,95,39,56,27
0.18081981981981982,50.29013539651837,0.5909090909090909,0.4148936170212766,94,39,55,27
0.18181881881881884,50.29013539651837,0.5909090909090909,0.4148936170212766,94,39,55,27
0.18281781781781783,50.51319648093842,0.5909090909090909,0.41935483870967744,93,39,54,27
0.18381681681681683,49.666999666999665,0.5757575757575758,0.4175824175824176,91,38,53,28
0.18481581581581583,49.898989898989896,0.5757575757575758,0.4222222222222222,90,38,52,28
0.18581481481481482,50.13619339462036,0.5757575757575758,0.42696629213483145,89,38,51,28
0.18681381381381382,50.13619339462036,0.5757575757575758,0.42696629213483145,89,38,51,28
0.1878128128128128,50.626959247648905,0.5757575757575758,0.4367816091954023,87,38,49,28
0.18881181181181184,50.626959247648905,0.5757575757575758,0.4367816091954023,87,38,49,28
0.18981081081081083,51.14081996434938,0.5757575757575758,0.4470588235294118,85,38,47,28
0.19080980980980983,51.14081996434938,0.5757575757575758,0.4470588235294118,85,38,47,28
0.19180880880880882,51.14081996434938,0.5757575757575758,0.4470588235294118,85,38,47,28
0.19280780780780782,51.67944505293903,0.5757575757575758,0.4578313253012048,83,38,45,28
0.19380680680680681,50.86980920314254,0.5606060606060606,0.4567901234567901,81,37,44,29
0.1948058058058058,50.86980920314254,0.5606060606060606,0.4567901234567901,81,37,44,29
0.1958048048048048,50.86980920314254,0.5606060606060606,0.4567901234567901,81,37,44,29
0.1968038038038038,50.86980920314254,0.5606060606060606,0.4567901234567901,81,37,44,29
0.19780280280280282,50.057537399309545,0.5454545454545454,0.45569620253164556,79,36,43,30
0.19880180180180182,50.349650349650354,0.5454545454545454,0.46153846153846156,78,36,42,30
0.19980080080080082,49.5414673046252,0.5303030303030303,0.4605263157894737,76,35,41,31
0.2007997997997998,49.5414673046252,0.5303030303030303,0.4605263157894737,76,35,41,31
0.2017987987987988,49.5414673046252,0.5303030303030303,0.4605263157894737,76,35,41,31
0.2027977977977978,49.5414673046252,0.5303030303030303,0.4605263157894737,76,35,41,31
0.2037967967967968,50.16380016380017,0.5303030303030303,0.47297297297297297,74,35,39,31
0.20479579579579582,50.16380016380017,0.5303030303030303,0.47297297297297297,74,35,39,31
0.20579479479479482,50.16380016380017,0.5303030303030303,0.47297297297297297,74,35,39,31
0.2067937937937938,50.16380016380017,0.5303030303030303,0.47297297297297297,74,35,39,31
0.2077927927927928,50.16380016380017,0.5303030303030303,0.47297297297297297,74,35,39,31
0.2087917917917918,50.48775425487754,0.5303030303030303,0.4794520547945205,73,35,38,31
0.2097907907907908,50.48775425487754,0.5303030303030303,0.4794520547945205,73,35,38,31
0.2107897897897898,49.70123772940674,0.5151515151515151,0.4788732394366197,71,34,37,32
0.2117887887887888,50.04329004329004,0.5151515151515151,0.4857142857142857,70,34,36,32
0.21278778778778779,50.39525691699605,0.5151515151515151,0.4927536231884058,69,34,35,32
0.2137867867867868,50.39525691699605,0.5151515151515151,0.4927536231884058,69,34,35,32
0.2147857857857858,50.75757575757576,0.5151515151515151,0.5,68,34,34,32
0.2157847847847848,50.75757575757576,0.5151515151515151,0.5,68,34,34,32
0.2167837837837838,50.75757575757576,0.5151515151515151,0.5,68,34,34,32
0.2177827827827828,51.13071008593397,0.5151515151515151,0.5074626865671642,67,34,33,32
0.2187817817817818,51.13071008593397,0.5151515151515151,0.5074626865671642,67,34,33,32
0.21978078078078078,50.38461538461539,0.5,0.5076923076923077,65,33,32,33
0.2207797797797798,50.38461538461539,0.5,0.5076923076923077,65,33,32,33
0.2217787787787788,49.63924963924964,0.48484848484848486,0.5079365079365079,63,32,31,34
0.2227777777777778,49.63924963924964,0.48484848484848486,0.5079365079365079,63,32,31,34
0.2237767767767768,50.47193243914556,0.48484848484848486,0.5245901639344263,61,32,29,34
0.2247757757757758,50.47193243914556,0.48484848484848486,0.5245901639344263,61,32,29,34
0.22577477477477478,50.47193243914556,0.48484848484848486,0.5245901639344263,61,32,29,34
0.22677377377377378,50.47193243914556,0.48484848484848486,0.5245901639344263,61,32,29,34
0.22777277277277277,50.20898641588296,0.4696969696969697,0.5344827586206896,58,31,27,35
0.22877177177177177,50.20898641588296,0.4696969696969697,0.5344827586206896,58,31,27,35
0.2297707707707708,50.20898641588296,0.4696969696969697,0.5344827586206896,58,31,27,35
0.2307697697697698,49.04306220095693,0.45454545454545453,0.5263157894736842,57,30,27,36
0.23176876876876878,47.862554112554115,0.4393939393939394,0.5178571428571429,56,29,27,37
0.23276776776776778,46.666666666666664,0.42424242424242425,0.509090909090909,55,28,27,38
0.23376676676676678,46.666666666666664,0.42424242424242425,0.509090909090909,55,28,27,38
0.23476576576576577,46.666666666666664,0.42424242424242425,0.509090909090909,55,28,27,38
0.23576476476476477,46.666666666666664,0.42424242424242425,0.509090909090909,55,28,27,38
0.2367637637637638,46.666666666666664,0.42424242424242425,0.509090909090909,55,28,27,38
0.23776276276276279,46.666666666666664,0.42424242424242425,0.509090909090909,55,28,27,38
0.23876176176176178,46.666666666666664,0.42424242424242425,0.509090909090909,55,28,27,38
0.23976076076076078,46.666666666666664,0.42424242424242425,0.509090909090909,55,28,27,38
0.24075975975975977,46.666666666666664,0.42424242424242425,0.509090909090909,55,28,27,38
0.24175875875875877,46.666666666666664,0.42424242424242425,0.509090909090909,55,28,27,38
0.24275775775775776,47.138047138047135,0.42424242424242425,0.5185185185185185,54,28,26,38
0.24375675675675676,47.138047138047135,0.42424242424242425,0.5185185185185185,54,28,26,38
0.24475575575575576,47.62721555174385,0.42424242424242425,0.5283018867924528,53,28,25,38
0.24575475475475478,47.62721555174385,0.42424242424242425,0.5283018867924528,53,28,25,38
0.24675375375375377,47.62721555174385,0.42424242424242425,0.5283018867924528,53,28,25,38
0.24775275275275277,47.62721555174385,0.42424242424242425,0.5283018867924528,53,28,25,38
0.24875175175175177,48.13519813519813,0.42424242424242425,0.5384615384615384,52,28,24,38
0.24975075075075076,48.13519813519813,0.42424242424242425,0.5384615384615384,52,28,24,38
0.25074974974974973,48.66310160427808,0.42424242424242425,0.5490196078431373,51,28,23,38
0.25174874874874875,49.21212121212122,0.42424242424242425,0.56,50,28,22,38
0.2527477477477478,48.00556586270872,0.4090909090909091,0.5510204081632653,49,27,22,39
0.25374674674674674,48.00556586270872,0.4090909090909091,0.5510204081632653,49,27,22,39
0.25474574574574577,48.00556586270872,0.4090909090909091,0.5510204081632653,49,27,22,39
0.25574474474474473,48.00556586270872,0.4090909090909091,0.5510204081632653,49,27,22,39
0.25674374374374376,48.00556586270872,0.4090909090909091,0.5510204081632653,49,27,22,39
0.2577427427427428,48.00556586270872,0.4090909090909091,0.5510204081632653,49,27,22,39
0.25874174174174175,48.57954545454546,0.4090909090909091,0.5625,48,27,21,39
0.25974074074074077,48.57954545454546,0.4090909090909091,0.5625,48,27,21,39
0.26073973973973974,48.57954545454546,0.4090909090909091,0.5625,48,27,21,39
0.26173873873873876,48.57954545454546,0.4090909090909091,0.5625,48,27,21,39
0.26273773773773773,47.957839262187086,0.3939393939393939,0.5652173913043478,46,26,20,40
0.26373673673673675,47.957839262187086,0.3939393939393939,0.5652173913043478,46,26,20,40
0.2647357357357357,47.957839262187086,0.3939393939393939,0.5652173913043478,46,26,20,40
0.26573473473473475,46.717171717171716,0.3787878787878788,0.5555555555555556,45,25,20,41
0.26673373373373377,46.75324675324675,0.36363636363636365,0.5714285714285714,42,24,18,42
0.26773273273273274,45.473022912047306,0.3484848484848485,0.5609756097560976,41,23,18,43
0.26873173173173176,44.87179487179487,0.3333333333333333,0.5641025641025641,39,22,17,44
0.26973073073073073,42.17854217854218,0.30303030303030304,0.5405405405405406,37,20,17,46
0.27072972972972975,42.17854217854218,0.30303030303030304,0.5405405405405406,37,20,17,46
0.2717287287287287,42.17854217854218,0.30303030303030304,0.5405405405405406,37,20,17,46
0.27272772772772774,42.17854217854218,0.30303030303030304,0.5405405405405406,37,20,17,46
0.27372672672672677,42.17854217854218,0.30303030303030304,0.5405405405405406,37,20,17,46
0.27472572572572573,42.17854217854218,0.30303030303030304,0.5405405405405406,37,20,17,46
0.27572472472472476,42.92929292929293,0.30303030303030304,0.5555555555555556,36,20,16,46
0.2767237237237237,42.92929292929293,0.30303030303030304,0.5555555555555556,36,20,16,46
0.27772272272272275,42.92929292929293,0.30303030303030304,0.5555555555555556,36,20,16,46
0.2787217217217217,42.92929292929293,0.30303030303030304,0.5555555555555556,36,20,16,46
0.27972072072072074,42.92929292929293,0.30303030303030304,0.5555555555555556,36,20,16,46
0.28071971971971976,42.92929292929293,0.30303030303030304,0.5555555555555556,36,20,16,46
0.28171871871871873,42.92929292929293,0.30303030303030304,0.5555555555555556,36,20,16,46
0.28271771771771775,43.72294372294372,0.30303030303030304,0.5714285714285714,35,20,15,46
0.2837167167167167,43.72294372294372,0.30303030303030304,0.5714285714285714,35,20,15,46
0.28471571571571574,43.72294372294372,0.30303030303030304,0.5714285714285714,35,20,15,46
0.2857147147147147,43.72294372294372,0.30303030303030304,0.5714285714285714,35,20,15,46
0.28671371371371374,43.72294372294372,0.30303030303030304,0.5714285714285714,35,20,15,46
0.2877127127127127,43.72294372294372,0.30303030303030304,0.5714285714285714,35,20,15,46
0.2887117117117117,43.72294372294372,0.30303030303030304,0.5714285714285714,35,20,15,46
0.28971071071071075,43.72294372294372,0.30303030303030304,0.5714285714285714,35,20,15,46
0.2907097097097097,43.72294372294372,0.30303030303030304,0.5714285714285714,35,20,15,46
0.29170870870870874,43.72294372294372,0.30303030303030304,0.5714285714285714,35,20,15,46
0.2927077077077077,42.33511586452763,0.2878787878787879,0.5588235294117647,34,19,15,47
0.29370670670670673,42.33511586452763,0.2878787878787879,0.5588235294117647,34,19,15,47
0.2947057057057057,42.33511586452763,0.2878787878787879,0.5588235294117647,34,19,15,47
0.2957047047047047,40.90909090909091,0.2727272727272727,0.5454545454545454,33,18,15,48
0.2967037037037037,40.90909090909091,0.2727272727272727,0.5454545454545454,33,18,15,48
0.2977027027027027,40.90909090909091,0.2727272727272727,0.5454545454545454,33,18,15,48
0.29870170170170174,40.90909090909091,0.2727272727272727,0.5454545454545454,33,18,15,48
0.2997007007007007,39.441287878787875,0.25757575757575757,0.53125,32,17,15,49
0.30069969969969973,39.441287878787875,0.25757575757575757,0.53125,32,17,15,49
0.3016986986986987,39.441287878787875,0.25757575757575757,0.53125,32,17,15,49
0.3026976976976977,37.92766373411535,0.24242424242424243,0.5161290322580645,31,16,15,50
0.3036966966966967,37.92766373411535,0.24242424242424243,0.5161290322580645,31,16,15,50
0.3046956956956957,37.92766373411535,0.24242424242424243,0.5161290322580645,31,16,15,50
0.30569469469469474,37.92766373411535,0.24242424242424243,0.5161290322580645,31,16,15,50
0.3066936936936937,37.92766373411535,0.24242424242424243,0.5161290322580645,31,16,15,50
0.3076926926926927,37.92766373411535,0.24242424242424243,0.5161290322580645,31,16,15,50
0.3086916916916917,37.92766373411535,0.24242424242424243,0.5161290322580645,31,16,15,50
0.3096906906906907,37.92766373411535,0.24242424242424243,0.5161290322580645,31,16,15,50
0.3106896896896897,38.78787878787879,0.24242424242424243,0.5333333333333333,30,16,14,50
0.3116886886886887,38.78787878787879,0.24242424242424243,0.5333333333333333,30,16,14,50
0.31268768768768773,38.78787878787879,0.24242424242424243,0.5333333333333333,30,16,14,50
0.3136866866866867,38.78787878787879,0.24242424242424243,0.5333333333333333,30,16,14,50
0.3146856856856857,38.78787878787879,0.24242424242424243,0.5333333333333333,30,16,14,50
0.3156846846846847,38.78787878787879,0.24242424242424243,0.5333333333333333,30,16,14,50
0.3166836836836837,38.78787878787879,0.24242424242424243,0.5333333333333333,30,16,14,50
0.3176826826826827,38.78787878787879,0.24242424242424243,0.5333333333333333,30,16,14,50
0.3186816816816817,38.78787878787879,0.24242424242424243,0.5333333333333333,30,16,14,50
0.3196806806806807,38.78787878787879,0.24242424242424243,0.5333333333333333,30,16,14,50
0.3206796796796797,38.14935064935065,0.22727272727272727,0.5357142857142857,28,15,13,51
0.3216786786786787,38.14935064935065,0.22727272727272727,0.5357142857142857,28,15,13,51
0.3226776776776777,38.14935064935065,0.22727272727272727,0.5357142857142857,28,15,13,51
0.3236766766766767,38.14935064935065,0.22727272727272727,0.5357142857142857,28,15,13,51
0.3246756756756757,38.14935064935065,0.22727272727272727,0.5357142857142857,28,15,13,51
0.3256746746746747,38.14935064935065,0.22727272727272727,0.5357142857142857,28,15,13,51
0.32667367367367367,39.141414141414145,0.22727272727272727,0.5555555555555556,27,15,12,51
0.3276726726726727,39.141414141414145,0.22727272727272727,0.5555555555555556,27,15,12,51
0.32867167167167166,39.141414141414145,0.22727272727272727,0.5555555555555556,27,15,12,51
0.3296706706706707,39.141414141414145,0.22727272727272727,0.5555555555555556,27,15,12,51
0.3306696696696697,39.141414141414145,0.22727272727272727,0.5555555555555556,27,15,12,51
0.3316686686686687,37.52913752913753,0.21212121212121213,0.5384615384615384,26,14,12,52
0.3326676676676677,35.84848484848485,0.19696969696969696,0.52,25,13,12,53
0.33366666666666667,35.84848484848485,0.19696969696969696,0.52,25,13,12,53
0.3346656656656657,35.84848484848485,0.19696969696969696,0.52,25,13,12,53
0.33566466466466466,35.84848484848485,0.19696969696969696,0.52,25,13,12,53
0.3366636636636637,35.84848484848485,0.19696969696969696,0.52,25,13,12,53
0.3376626626626627,36.93181818181818,0.19696969696969696,0.5416666666666666,24,13,11,53
0.3386616616616617,36.93181818181818,0.19696969696969696,0.5416666666666666,24,13,11,53
0.3396606606606607,36.93181818181818,0.19696969696969696,0.5416666666666666,24,13,11,53
0.34065965965965966,36.93181818181818,0.19696969696969696,0.5416666666666666,24,13,11,53
0.3416586586586587,36.93181818181818,0.19696969696969696,0.5416666666666666,24,13,11,53
0.34265765765765765,36.93181818181818,0.19696969696969696,0.5416666666666666,24,13,11,53
0.3436566566566567,36.93181818181818,0.19696969696969696,0.5416666666666666,24,13,11,53
0.3446556556556557,36.93181818181818,0.19696969696969696,0.5416666666666666,24,13,11,53
0.34565465465465467,36.93181818181818,0.19696969696969696,0.5416666666666666,24,13,11,53
0.3466536536536537,36.93181818181818,0.19696969696969696,0.5416666666666666,24,13,11,53
0.34765265265265266,36.93181818181818,0.19696969696969696,0.5416666666666666,24,13,11,53
0.3486516516516517,36.93181818181818,0.19696969696969696,0.5416666666666666,24,13,11,53
0.34965065065065065,35.17786561264822,0.18181818181818182,0.5217391304347826,23,12,11,54
0.3506496496496497,35.17786561264822,0.18181818181818182,0.5217391304347826,23,12,11,54
0.35164864864864864,35.17786561264822,0.18181818181818182,0.5217391304347826,23,12,11,54
0.35264764764764767,35.17786561264822,0.18181818181818182,0.5217391304347826,23,12,11,54
0.3536466466466467,35.17786561264822,0.18181818181818182,0.5217391304347826,23,12,11,54
0.35464564564564566,35.17786561264822,0.18181818181818182,0.5217391304347826,23,12,11,54
0.3556446446446447,35.17786561264822,0.18181818181818182,0.5217391304347826,23,12,11,54
0.35664364364364365,35.17786561264822,0.18181818181818182,0.5217391304347826,23,12,11,54
0.35764264264264267,35.17786561264822,0.18181818181818182,0.5217391304347826,23,12,11,54
0.35864164164164164,35.17786561264822,0.18181818181818182,0.5217391304347826,23,12,11,54
0.35964064064064066,35.17786561264822,0.18181818181818182,0.5217391304347826,23,12,11,54
0.36063963963963963,33.33333333333333,0.16666666666666666,0.5,22,11,11,55
0.36163863863863865,31.38528138528138,0.15151515151515152,0.47619047619047616,21,10,11,56
0.3626376376376377,31.38528138528138,0.15151515151515152,0.47619047619047616,21,10,11,56
0.36363663663663665,31.38528138528138,0.15151515151515152,0.47619047619047616,21,10,11,56
0.36463563563563567,31.38528138528138,0.15151515151515152,0.47619047619047616,21,10,11,56
0.36563463463463464,31.38528138528138,0.15151515151515152,0.47619047619047616,21,10,11,56
0.36663363363363366,31.38528138528138,0.15151515151515152,0.47619047619047616,21,10,11,56
0.3676326326326326,31.38528138528138,0.15151515151515152,0.47619047619047616,21,10,11,56
0.36863163163163165,31.38528138528138,0.15151515151515152,0.47619047619047616,21,10,11,56
0.3696306306306307,31.38528138528138,0.15151515151515152,0.47619047619047616,21,10,11,56
0.37062962962962964,31.38528138528138,0.15151515151515152,0.47619047619047616,21,10,11,56
0.37162862862862867,31.38528138528138,0.15151515151515152,0.47619047619047616,21,10,11,56
0.37262762762762763,31.38528138528138,0.15151515151515152,0.47619047619047616,21,10,11,56
0.37362662662662666,30.502392344497608,0.13636363636363635,0.47368421052631576,19,9,10,57
0.3746256256256256,30.502392344497608,0.13636363636363635,0.47368421052631576,19,9,10,57
0.37562462462462465,30.502392344497608,0.13636363636363635,0.47368421052631576,19,9,10,57
0.37662362362362367,30.502392344497608,0.13636363636363635,0.47368421052631576,19,9,10,57
0.37762262262262264,30.502392344497608,0.13636363636363635,0.47368421052631576,19,9,10,57
0.37862162162162166,30.502392344497608,0.13636363636363635,0.47368421052631576,19,9,10,57
0.37962062062062063,30.502392344497608,0.13636363636363635,0.47368421052631576,19,9,10,57
0.38061961961961965,30.502392344497608,0.13636363636363635,0.47368421052631576,19,9,10,57
0.3816186186186186,30.502392344497608,0.13636363636363635,0.47368421052631576,19,9,10,57
0.38261761761761764,30.502392344497608,0.13636363636363635,0.47368421052631576,19,9,10,57
0.3836166166166166,30.502392344497608,0.13636363636363635,0.47368421052631576,19,9,10,57
0.38461561561561564,30.502392344497608,0.13636363636363635,0.47368421052631576,19,9,10,57
0.38561461461461466,30.502392344497608,0.13636363636363635,0.47368421052631576,19,9,10,57
0.3866136136136136,31.818181818181817,0.13636363636363635,0.5,18,9,9,57
0.38761261261261265,31.818181818181817,0.13636363636363635,0.5,18,9,9,57
0.3886116116116116,31.818181818181817,0.13636363636363635,0.5,18,9,9,57
0.38961061061061064,31.818181818181817,0.13636363636363635,0.5,18,9,9,57
0.3906096096096096,31.818181818181817,0.13636363636363635,0.5,18,9,9,57
0.39160860860860863,31.818181818181817,0.13636363636363635,0.5,18,9,9,57
0.3926076076076076,31.818181818181817,0.13636363636363635,0.5,18,9,9,57
0.3936066066066066,31.818181818181817,0.13636363636363635,0.5,18,9,9,57
0.39460560560560565,31.818181818181817,0.13636363636363635,0.5,18,9,9,57
0.3956046046046046,31.818181818181817,0.13636363636363635,0.5,18,9,9,57
0.39660360360360364,31.818181818181817,0.13636363636363635,0.5,18,9,9,57
0.3976026026026026,31.818181818181817,0.13636363636363635,0.5,18,9,9,57
0.39860160160160163,31.818181818181817,0.13636363636363635,0.5,18,9,9,57
0.3996006006006006,31.818181818181817,0.13636363636363635,0.5,18,9,9,57
0.4005995995995996,31.818181818181817,0.13636363636363635,0.5,18,9,9,57
0.40159859859859864,31.818181818181817,0.13636363636363635,0.5,18,9,9,57
0.4025975975975976,31.818181818181817,0.13636363636363635,0.5,18,9,9,57
0.40359659659659664,29.590017825311943,0.12121212121212122,0.47058823529411764,17,8,9,58
0.4045955955955956,29.590017825311943,0.12121212121212122,0.47058823529411764,17,8,9,58
0.4055945945945946,29.590017825311943,0.12121212121212122,0.47058823529411764,17,8,9,58
0.4065935935935936,29.590017825311943,0.12121212121212122,0.47058823529411764,17,8,9,58
0.4075925925925926,29.590017825311943,0.12121212121212122,0.47058823529411764,17,8,9,58
0.40859159159159164,29.590017825311943,0.12121212121212122,0.47058823529411764,17,8,9,58
0.4095905905905906,31.060606060606062,0.12121212121212122,0.5,16,8,8,58
0.41058958958958963,31.060606060606062,0.12121212121212122,0.5,16,8,8,58
0.4115885885885886,32.72727272727273,0.12121212121212122,0.5333333333333333,15,8,7,58
0.4125875875875876,32.72727272727273,0.12121212121212122,0.5333333333333333,15,8,7,58
0.4135865865865866,30.303030303030305,0.10606060606060606,0.5,14,7,7,59
0.4145855855855856,30.303030303030305,0.10606060606060606,0.5,14,7,7,59
0.4155845845845846,30.303030303030305,0.10606060606060606,0.5,14,7,7,59
0.4165835835835836,30.303030303030305,0.10606060606060606,0.5,14,7,7,59
0.41758258258258263,30.303030303030305,0.10606060606060606,0.5,14,7,7,59
0.4185815815815816,30.303030303030305,0.10606060606060606,0.5,14,7,7,59
0.4195805805805806,30.303030303030305,0.10606060606060606,0.5,14,7,7,59
0.4205795795795796,32.226107226107224,0.10606060606060606,0.5384615384615384,13,7,6,59
0.4215785785785786,32.226107226107224,0.10606060606060606,0.5384615384615384,13,7,6,59
0.4225775775775776,32.226107226107224,0.10606060606060606,0.5384615384615384,13,7,6,59
0.4235765765765766,32.226107226107224,0.10606060606060606,0.5384615384615384,13,7,6,59
0.42457557557557557,32.226107226107224,0.10606060606060606,0.5384615384615384,13,7,6,59
0.4255745745745746,34.46969696969697,0.10606060606060606,0.5833333333333334,12,7,5,59
0.4265735735735736,31.818181818181817,0.09090909090909091,0.5454545454545454,11,6,5,60
0.4275725725725726,31.818181818181817,0.09090909090909091,0.5454545454545454,11,6,5,60
0.4285715715715716,31.818181818181817,0.09090909090909091,0.5454545454545454,11,6,5,60
0.4295705705705706,31.818181818181817,0.09090909090909091,0.5454545454545454,11,6,5,60
0.4305695695695696,31.818181818181817,0.09090909090909091,0.5454545454545454,11,6,5,60
0.43156856856856857,31.818181818181817,0.09090909090909091,0.5454545454545454,11,6,5,60
0.4325675675675676,31.818181818181817,0.09090909090909091,0.5454545454545454,11,6,5,60
0.4335665665665666,31.818181818181817,0.09090909090909091,0.5454545454545454,11,6,5,60
0.4345655655655656,31.818181818181817,0.09090909090909091,0.5454545454545454,11,6,5,60
0.4355645645645646,31.818181818181817,0.09090909090909091,0.5454545454545454,11,6,5,60
0.4365635635635636,31.818181818181817,0.09090909090909091,0.5454545454545454,11,6,5,60
0.4375625625625626,31.818181818181817,0.09090909090909091,0.5454545454545454,11,6,5,60
0.43856156156156156,31.818181818181817,0.09090909090909091,0.5454545454545454,11,6,5,60
0.4395605605605606,28.78787878787879,0.07575757575757576,0.5,10,5,5,61
0.4405595595595596,28.78787878787879,0.07575757575757576,0.5,10,5,5,61
0.4415585585585586,28.78787878787879,0.07575757575757576,0.5,10,5,5,61
0.4425575575575576,28.78787878787879,0.07575757575757576,0.5,10,5,5,61
0.44355655655655657,28.78787878787879,0.07575757575757576,0.5,10,5,5,61
0.4445555555555556,28.78787878787879,0.07575757575757576,0.5,10,5,5,61
0.44555455455455456,28.78787878787879,0.07575757575757576,0.5,10,5,5,61
0.4465535535535536,25.25252525252525,0.06060606060606061,0.4444444444444444,9,4,5,62
0.44755255255255255,28.030303030303028,0.06060606060606061,0.5,8,4,4,62
0.4485515515515516,28.030303030303028,0.06060606060606061,0.5,8,4,4,62
0.4495505505505506,28.030303030303028,0.06060606060606061,0.5,8,4,4,62
0.45054954954954957,28.030303030303028,0.06060606060606061,0.5,8,4,4,62
0.4515485485485486,28.030303030303028,0.06060606060606061,0.5,8,4,4,62
0.45254754754754756,28.030303030303028,0.06060606060606061,0.5,8,4,4,62
0.4535465465465466,28.030303030303028,0.06060606060606061,0.5,8,4,4,62
0.45454554554554555,28.030303030303028,0.06060606060606061,0.5,8,4,4,62
0.45554454454454457,31.601731601731597,0.06060606060606061,0.5714285714285714,7,4,3,62
0.45654354354354354,31.601731601731597,0.06060606060606061,0.5714285714285714,7,4,3,62
0.45754254254254256,31.601731601731597,0.06060606060606061,0.5714285714285714,7,4,3,62
0.4585415415415416,31.601731601731597,0.06060606060606061,0.5714285714285714,7,4,3,62
0.45954054054054055,31.601731601731597,0.06060606060606061,0.5714285714285714,7,4,3,62
0.4605395395395396,31.601731601731597,0.06060606060606061,0.5714285714285714,7,4,3,62
0.46153853853853855,31.601731601731597,0.06060606060606061,0.5714285714285714,7,4,3,62
0.46253753753753757,31.601731601731597,0.06060606060606061,0.5714285714285714,7,4,3,62
0.46353653653653654,31.601731601731597,0.06060606060606061,0.5714285714285714,7,4,3,62
0.46453553553553556,31.601731601731597,0.06060606060606061,0.5714285714285714,7,4,3,62
0.4655345345345346,31.601731601731597,0.06060606060606061,0.5714285714285714,7,4,3,62
0.46653353353353355,31.601731601731597,0.06060606060606061,0.5714285714285714,7,4,3,62
0.4675325325325326,31.601731601731597,0.06060606060606061,0.5714285714285714,7,4,3,62
0.46853153153153154,36.36363636363637,0.06060606060606061,0.6666666666666666,6,4,2,62
0.46953053053053057,36.36363636363637,0.06060606060606061,0.6666666666666666,6,4,2,62
0.47052952952952953,36.36363636363637,0.06060606060606061,0.6666666666666666,6,4,2,62
0.47152852852852856,36.36363636363637,0.06060606060606061,0.6666666666666666,6,4,2,62
0.4725275275275276,36.36363636363637,0.06060606060606061,0.6666666666666666,6,4,2,62
0.47352652652652655,43.03030303030303,0.06060606060606061,0.8,5,4,1,62
0.47452552552552557,43.03030303030303,0.06060606060606061,0.8,5,4,1,62
0.47552452452452454,43.03030303030303,0.06060606060606061,0.8,5,4,1,62
0.47652352352352356,43.03030303030303,0.06060606060606061,0.8,5,4,1,62
0.47752252252252253,43.03030303030303,0.06060606060606061,0.8,5,4,1,62
0.47852152152152155,43.03030303030303,0.06060606060606061,0.8,5,4,1,62
0.4795205205205205,43.03030303030303,0.06060606060606061,0.8,5,4,1,62
0.48051951951951954,43.03030303030303,0.06060606060606061,0.8,5,4,1,62
0.48151851851851857,43.03030303030303,0.06060606060606061,0.8,5,4,1,62
0.48251751751751754,43.03030303030303,0.06060606060606061,0.8,5,4,1,62
0.48351651651651656,43.03030303030303,0.06060606060606061,0.8,5,4,1,62
0.4845155155155155,43.03030303030303,0.06060606060606061,0.8,5,4,1,62
0.48551451451451455,43.03030303030303,0.06060606060606061,0.8,5,4,1,62
0.4865135135135135,43.03030303030303,0.06060606060606061,0.8,5,4,1,62
0.48751251251251254,43.03030303030303,0.06060606060606061,0.8,5,4,1,62
0.4885115115115115,43.03030303030303,0.06060606060606061,0.8,5,4,1,62
0.48951051051051053,43.03030303030303,0.06060606060606061,0.8,5,4,1,62
0.49050950950950956,43.03030303030303,0.06060606060606061,0.8,5,4,1,62
0.4915085085085085,43.03030303030303,0.06060606060606061,0.8,5,4,1,62
0.49250750750750755,43.03030303030303,0.06060606060606061,0.8,5,4,1,62
0.4935065065065065,43.03030303030303,0.06060606060606061,0.8,5,4,1,62
0.49450550550550554,43.03030303030303,0.06060606060606061,0.8,5,4,1,62
0.4955045045045045,39.77272727272727,0.045454545454545456,0.75,4,3,1,63
0.49650350350350353,52.27272727272727,0.045454545454545456,1.0,3,3,0,63
0.49750250250250255,52.27272727272727,0.045454545454545456,1.0,3,3,0,63
0.4985015015015015,52.27272727272727,0.045454545454545456,1.0,3,3,0,63
0.49950050050050054,52.27272727272727,0.045454545454545456,1.0,3,3,0,63
0.5004994994994995,52.27272727272727,0.045454545454545456,1.0,3,3,0,63
0.5014984984984985,52.27272727272727,0.045454545454545456,1.0,3,3,0,63
0.5024974974974975,52.27272727272727,0.045454545454545456,1.0,3,3,0,63
0.5034964964964965,52.27272727272727,0.045454545454545456,1.0,3,3,0,63
0.5044954954954955,51.515151515151516,0.030303030303030304,1.0,2,2,0,64
0.5054944944944946,51.515151515151516,0.030303030303030304,1.0,2,2,0,64
0.5064934934934935,51.515151515151516,0.030303030303030304,1.0,2,2,0,64
0.5074924924924925,51.515151515151516,0.030303030303030304,1.0,2,2,0,64
0.5084914914914915,51.515151515151516,0.030303030303030304,1.0,2,2,0,64
0.5094904904904906,51.515151515151516,0.030303030303030304,1.0,2,2,0,64
0.5104894894894895,51.515151515151516,0.030303030303030304,1.0,2,2,0,64
0.5114884884884885,51.515151515151516,0.030303030303030304,1.0,2,2,0,64
0.5124874874874875,51.515151515151516,0.030303030303030304,1.0,2,2,0,64
0.5134864864864865,51.515151515151516,0.030303030303030304,1.0,2,2,0,64
0.5144854854854856,51.515151515151516,0.030303030303030304,1.0,2,2,0,64
0.5154844844844845,51.515151515151516,0.030303030303030304,1.0,2,2,0,64
0.5164834834834835,51.515151515151516,0.030303030303030304,1.0,2,2,0,64
0.5174824824824825,51.515151515151516,0.030303030303030304,1.0,2,2,0,64
0.5184814814814815,51.515151515151516,0.030303030303030304,1.0,2,2,0,64
0.5194804804804805,51.515151515151516,0.030303030303030304,1.0,2,2,0,64
0.5204794794794795,51.515151515151516,0.030303030303030304,1.0,2,2,0,64
0.5214784784784785,51.515151515151516,0.030303030303030304,1.0,2,2,0,64
0.5224774774774775,51.515151515151516,0.030303030303030304,1.0,2,2,0,64
0.5234764764764765,50.75757575757576,0.015151515151515152,1.0,1,1,0,65
0.5244754754754755,50.75757575757576,0.015151515151515152,1.0,1,1,0,65
0.5254744744744745,50.75757575757576,0.015151515151515152,1.0,1,1,0,65
0.5264734734734735,50.75757575757576,0.015151515151515152,1.0,1,1,0,65
0.5274724724724725,50.75757575757576,0.015151515151515152,1.0,1,1,0,65
0.5284714714714714,50.75757575757576,0.015151515151515152,1.0,1,1,0,65
0.5294704704704705,50.75757575757576,0.015151515151515152,1.0,1,1,0,65
0.5304694694694695,50.75757575757576,0.015151515151515152,1.0,1,1,0,65
0.5314684684684685,50.75757575757576,0.015151515151515152,1.0,1,1,0,65
0.5324674674674675,50.75757575757576,0.015151515151515152,1.0,1,1,0,65
0.5334664664664664,50.75757575757576,0.015151515151515152,1.0,1,1,0,65
0.5344654654654655,50.75757575757576,0.015151515151515152,1.0,1,1,0,65
0.5354644644644645,50.75757575757576,0.015151515151515152,1.0,1,1,0,65
0.5364634634634635,50.75757575757576,0.015151515151515152,1.0,1,1,0,65
0.5374624624624625,50.75757575757576,0.015151515151515152,1.0,1,1,0,65
0.5384614614614615,50.75757575757576,0.015151515151515152,1.0,1,1,0,65
0.5394604604604605,50.75757575757576,0.015151515151515152,1.0,1,1,0,65
0.5404594594594595,50.75757575757576,0.015151515151515152,1.0,1,1,0,65
0.5414584584584585,50.75757575757576,0.015151515151515152,1.0,1,1,0,65
0.5424574574574574,50.75757575757576,0.015151515151515152,1.0,1,1,0,65
0.5434564564564565,50.75757575757576,0.015151515151515152,1.0,1,1,0,65
0.5444554554554555,50.75757575757576,0.015151515151515152,1.0,1,1,0,65
0.5454544544544545,50.75757575757576,0.015151515151515152,1.0,1,1,0,65
0.5464534534534535,50.75757575757576,0.015151515151515152,1.0,1,1,0,65
0.5474524524524524,50.75757575757576,0.015151515151515152,1.0,1,1,0,65
0.5484514514514515,50.75757575757576,0.015151515151515152,1.0,1,1,0,65
0.5494504504504505,50.75757575757576,0.015151515151515152,1.0,1,1,0,65
0.5504494494494495,50.75757575757576,0.015151515151515152,1.0,1,1,0,65
0.5514484484484484,50.75757575757576,0.015151515151515152,1.0,1,1,0,65
0.5524474474474474,50.75757575757576,0.015151515151515152,1.0,1,1,0,65
0.5534464464464465,50.75757575757576,0.015151515151515152,1.0,1,1,0,65
0.5544454454454455,50.75757575757576,0.015151515151515152,1.0,1,1,0,65
0.5554444444444445,50.75757575757576,0.015151515151515152,1.0,1,1,0,65
0.5564434434434434,50.75757575757576,0.015151515151515152,1.0,1,1,0,65
0.5574424424424425,50.75757575757576,0.015151515151515152,1.0,1,1,0,65
0.5584414414414415,50.75757575757576,0.015151515151515152,1.0,1,1,0,65
0.5594404404404405,50.75757575757576,0.015151515151515152,1.0,1,1,0,65
0.5604394394394395,50.75757575757576,0.015151515151515152,1.0,1,1,0,65
0.5614384384384384,50.75757575757576,0.015151515151515152,1.0,1,1,0,65
0.5624374374374375,50.75757575757576,0.015151515151515152,1.0,1,1,0,65
0.5634364364364365,50.75757575757576,0.015151515151515152,1.0,1,1,0,65
0.5644354354354355,50.75757575757576,0.015151515151515152,1.0,1,1,0,65
0.5654344344344344,50.75757575757576,0.015151515151515152,1.0,1,1,0,65
0.5664334334334334,50.75757575757576,0.015151515151515152,1.0,1,1,0,65
0.5674324324324325,50.75757575757576,0.015151515151515152,1.0,1,1,0,65
0.5684314314314315,50.75757575757576,0.015151515151515152,1.0,1,1,0,65
0.5694304304304305,50.75757575757576,0.015151515151515152,1.0,1,1,0,65
0.5704294294294294,50.75757575757576,0.015151515151515152,1.0,1,1,0,65
0.5714284284284284,50.75757575757576,0.015151515151515152,1.0,1,1,0,65
0.5724274274274275,50.75757575757576,0.015151515151515152,1.0,1,1,0,65
0.5734264264264265,50.75757575757576,0.015151515151515152,1.0,1,1,0,65
0.5744254254254254,50.75757575757576,0.015151515151515152,1.0,1,1,0,65
0.5754244244244244,50.75757575757576,0.015151515151515152,1.0,1,1,0,65
0.5764234234234235,50.75757575757576,0.015151515151515152,1.0,1,1,0,65
0.5774224224224225,50.75757575757576,0.015151515151515152,1.0,1,1,0,65
0.5784214214214215,50.75757575757576,0.015151515151515152,1.0,1,1,0,65
0.5794204204204204,50.75757575757576,0.015151515151515152,1.0,1,1,0,65
0.5804194194194194,50.75757575757576,0.015151515151515152,1.0,1,1,0,65
0.5814184184184185,50.75757575757576,0.015151515151515152,1.0,1,1,0,65
0.5824174174174175,50.75757575757576,0.015151515151515152,1.0,1,1,0,65
0.5834164164164164,50.75757575757576,0.015151515151515152,1.0,1,1,0,65
0.5844154154154154,50.75757575757576,0.015151515151515152,1.0,1,1,0,65
0.5854144144144144,50.75757575757576,0.015151515151515152,1.0,1,1,0,65
0.5864134134134135,50.75757575757576,0.015151515151515152,1.0,1,1,0,65
0.5874124124124125,50.75757575757576,0.015151515151515152,1.0,1,1,0,65
0.5884114114114114,50.75757575757576,0.015151515151515152,1.0,1,1,0,65
0.5894104104104104,50.75757575757576,0.015151515151515152,1.0,1,1,0,65
0.5904094094094094,50.75757575757576,0.015151515151515152,1.0,1,1,0,65
0.5914084084084085,50.75757575757576,0.015151515151515152,1.0,1,1,0,65
0.5924074074074074,50.75757575757576,0.015151515151515152,1.0,1,1,0,65
0.5934064064064064,50.75757575757576,0.015151515151515152,1.0,1,1,0,65
0.5944054054054054,50.75757575757576,0.015151515151515152,1.0,1,1,0,65
0.5954044044044045,50.75757575757576,0.015151515151515152,1.0,1,1,0,65
0.5964034034034035,50.75757575757576,0.015151515151515152,1.0,1,1,0,65
0.5974024024024024,50.75757575757576,0.015151515151515152,1.0,1,1,0,65
0.5984014014014014,50.75757575757576,0.015151515151515152,1.0,1,1,0,65
0.5994004004004004,50.75757575757576,0.015151515151515152,1.0,1,1,0,65
0.6003993993993995,50.75757575757576,0.015151515151515152,1.0,1,1,0,65
0.6013983983983985,50.75757575757576,0.015151515151515152,1.0,1,1,0,65
0.6023973973973974,50.75757575757576,0.015151515151515152,1.0,1,1,0,65
0.6033963963963964,50.75757575757576,0.015151515151515152,1.0,1,1,0,65
0.6043953953953954,50.75757575757576,0.015151515151515152,1.0,1,1,0,65
0.6053943943943945,50.75757575757576,0.015151515151515152,1.0,1,1,0,65
0.6063933933933934,50.75757575757576,0.015151515151515152,1.0,1,1,0,65
0.6073923923923924,50.75757575757576,0.015151515151515152,1.0,1,1,0,65
0.6083913913913914,50.75757575757576,0.015151515151515152,1.0,1,1,0,65
0.6093903903903904,50.75757575757576,0.015151515151515152,1.0,1,1,0,65
0.6103893893893895,50.75757575757576,0.015151515151515152,1.0,1,1,0,65
0.6113883883883884,50.75757575757576,0.015151515151515152,1.0,1,1,0,65
0.6123873873873874,50.75757575757576,0.015151515151515152,1.0,1,1,0,65
0.6133863863863864,50.75757575757576,0.015151515151515152,1.0,1,1,0,65
0.6143853853853855,50.75757575757576,0.015151515151515152,1.0,1,1,0,65
0.6153843843843844,50.75757575757576,0.015151515151515152,1.0,1,1,0,65
0.6163833833833834,50.75757575757576,0.015151515151515152,1.0,1,1,0,65
0.6173823823823824,50.75757575757576,0.015151515151515152,1.0,1,1,0,65
0.6183813813813814,50.75757575757576,0.015151515151515152,1.0,1,1,0,65
0.6193803803803805,50.75757575757576,0.015151515151515152,1.0,1,1,0,65
0.6203793793793794,50.75757575757576,0.015151515151515152,1.0,1,1,0,65
0.6213783783783784,50.75757575757576,0.015151515151515152,1.0,1,1,0,65
0.6223773773773774,50.75757575757576,0.015151515151515152,1.0,1,1,0,65
0.6233763763763764,50.75757575757576,0.015151515151515152,1.0,1,1,0,65
0.6243753753753755,50.75757575757576,0.015151515151515152,1.0,1,1,0,65
0.6253743743743744,50.75757575757576,0.015151515151515152,1.0,1,1,0,65
0.6263733733733734,50.75757575757576,0.015151515151515152,1.0,1,1,0,65
0.6273723723723724,50.75757575757576,0.015151515151515152,1.0,1,1,0,65
0.6283713713713714,50.75757575757576,0.015151515151515152,1.0,1,1,0,65
0.6293703703703704,50.75757575757576,0.015151515151515152,1.0,1,1,0,65
0.6303693693693694,50.75757575757576,0.015151515151515152,1.0,1,1,0,65
0.6313683683683684,50.75757575757576,0.015151515151515152,1.0,1,1,0,65
0.6323673673673674,50.75757575757576,0.015151515151515152,1.0,1,1,0,65
0.6333663663663665,50.75757575757576,0.015151515151515152,1.0,1,1,0,65
0.6343653653653654,50.75757575757576,0.015151515151515152,1.0,1,1,0,65
0.6353643643643644,50.75757575757576,0.015151515151515152,1.0,1,1,0,65
0.6363633633633634,50.75757575757576,0.015151515151515152,1.0,1,1,0,65
0.6373623623623624,50.75757575757576,0.015151515151515152,1.0,1,1,0,65
0.6383613613613613,50.75757575757576,0.015151515151515152,1.0,1,1,0,65
0.6393603603603604,50.75757575757576,0.015151515151515152,1.0,1,1,0,65
0.6403593593593594,50.75757575757576,0.015151515151515152,1.0,1,1,0,65
0.6413583583583584,50.75757575757576,0.015151515151515152,1.0,1,1,0,65
0.6423573573573574,50.75757575757576,0.015151515151515152,1.0,1,1,0,65
0.6433563563563564,50.75757575757576,0.015151515151515152,1.0,1,1,0,65
0.6443553553553554,50.75757575757576,0.015151515151515152,1.0,1,1,0,65
0.6453543543543544,50.75757575757576,0.015151515151515152,1.0,1,1,0,65
0.6463533533533534,50.75757575757576,0.015151515151515152,1.0,1,1,0,65
0.6473523523523523,50.75757575757576,0.015151515151515152,1.0,1,1,0,65
0.6483513513513514,50.75757575757576,0.015151515151515152,1.0,1,1,0,65
0.6493503503503504,50.75757575757576,0.015151515151515152,1.0,1,1,0,65
0.6503493493493494,50.75757575757576,0.015151515151515152,1.0,1,1,0,65
0.6513483483483484,50.75757575757576,0.015151515151515152,1.0,1,1,0,65
0.6523473473473473,50.75757575757576,0.015151515151515152,1.0,1,1,0,65
0.6533463463463464,50.75757575757576,0.015151515151515152,1.0,1,1,0,65
0.6543453453453454,50.75757575757576,0.015151515151515152,1.0,1,1,0,65
0.6553443443443444,50.75757575757576,0.015151515151515152,1.0,1,1,0,65
0.6563433433433433,50.75757575757576,0.015151515151515152,1.0,1,1,0,65
0.6573423423423423,50.75757575757576,0.015151515151515152,1.0,1,1,0,65
0.6583413413413414,0.0,0.0,0.0,0,0,0,66
0.6593403403403404,0.0,0.0,0.0,0,0,0,66
0.6603393393393394,0.0,0.0,0.0,0,0,0,66
0.6613383383383383,0.0,0.0,0.0,0,0,0,66
0.6623373373373374,0.0,0.0,0.0,0,0,0,66
0.6633363363363364,0.0,0.0,0.0,0,0,0,66
0.6643353353353354,0.0,0.0,0.0,0,0,0,66
0.6653343343343344,0.0,0.0,0.0,0,0,0,66
0.6663333333333333,0.0,0.0,0.0,0,0,0,66
0.6673323323323324,0.0,0.0,0.0,0,0,0,66
0.6683313313313314,0.0,0.0,0.0,0,0,0,66
0.6693303303303304,0.0,0.0,0.0,0,0,0,66
0.6703293293293293,0.0,0.0,0.0,0,0,0,66
0.6713283283283283,0.0,0.0,0.0,0,0,0,66
0.6723273273273274,0.0,0.0,0.0,0,0,0,66
0.6733263263263264,0.0,0.0,0.0,0,0,0,66
0.6743253253253254,0.0,0.0,0.0,0,0,0,66
0.6753243243243243,0.0,0.0,0.0,0,0,0,66
0.6763233233233233,0.0,0.0,0.0,0,0,0,66
0.6773223223223224,0.0,0.0,0.0,0,0,0,66
0.6783213213213214,0.0,0.0,0.0,0,0,0,66
0.6793203203203203,0.0,0.0,0.0,0,0,0,66
0.6803193193193193,0.0,0.0,0.0,0,0,0,66
0.6813183183183184,0.0,0.0,0.0,0,0,0,66
0.6823173173173174,0.0,0.0,0.0,0,0,0,66
0.6833163163163164,0.0,0.0,0.0,0,0,0,66
0.6843153153153153,0.0,0.0,0.0,0,0,0,66
0.6853143143143143,0.0,0.0,0.0,0,0,0,66
0.6863133133133134,0.0,0.0,0.0,0,0,0,66
0.6873123123123124,0.0,0.0,0.0,0,0,0,66
0.6883113113113114,0.0,0.0,0.0,0,0,0,66
0.6893103103103103,0.0,0.0,0.0,0,0,0,66
0.6903093093093093,0.0,0.0,0.0,0,0,0,66
0.6913083083083084,0.0,0.0,0.0,0,0,0,66
0.6923073073073074,0.0,0.0,0.0,0,0,0,66
0.6933063063063063,0.0,0.0,0.0,0,0,0,66
0.6943053053053053,0.0,0.0,0.0,0,0,0,66
0.6953043043043043,0.0,0.0,0.0,0,0,0,66
0.6963033033033034,0.0,0.0,0.0,0,0,0,66
0.6973023023023024,0.0,0.0,0.0,0,0,0,66
0.6983013013013013,0.0,0.0,0.0,0,0,0,66
0.6993003003003003,0.0,0.0,0.0,0,0,0,66
0.7002992992992993,0.0,0.0,0.0,0,0,0,66
0.7012982982982984,0.0,0.0,0.0,0,0,0,66
0.7022972972972973,0.0,0.0,0.0,0,0,0,66
0.7032962962962963,0.0,0.0,0.0,0,0,0,66
0.7042952952952953,0.0,0.0,0.0,0,0,0,66
0.7052942942942944,0.0,0.0,0.0,0,0,0,66
0.7062932932932934,0.0,0.0,0.0,0,0,0,66
0.7072922922922923,0.0,0.0,0.0,0,0,0,66
0.7082912912912913,0.0,0.0,0.0,0,0,0,66
0.7092902902902903,0.0,0.0,0.0,0,0,0,66
0.7102892892892894,0.0,0.0,0.0,0,0,0,66
0.7112882882882883,0.0,0.0,0.0,0,0,0,66
0.7122872872872873,0.0,0.0,0.0,0,0,0,66
0.7132862862862863,0.0,0.0,0.0,0,0,0,66
0.7142852852852853,0.0,0.0,0.0,0,0,0,66
0.7152842842842844,0.0,0.0,0.0,0,0,0,66
0.7162832832832833,0.0,0.0,0.0,0,0,0,66
0.7172822822822823,0.0,0.0,0.0,0,0,0,66
0.7182812812812813,0.0,0.0,0.0,0,0,0,66
0.7192802802802803,0.0,0.0,0.0,0,0,0,66
0.7202792792792793,0.0,0.0,0.0,0,0,0,66
0.7212782782782783,0.0,0.0,0.0,0,0,0,66
0.7222772772772773,0.0,0.0,0.0,0,0,0,66
0.7232762762762763,0.0,0.0,0.0,0,0,0,66
0.7242752752752754,0.0,0.0,0.0,0,0,0,66
0.7252742742742743,0.0,0.0,0.0,0,0,0,66
0.7262732732732733,0.0,0.0,0.0,0,0,0,66
0.7272722722722723,0.0,0.0,0.0,0,0,0,66
0.7282712712712713,0.0,0.0,0.0,0,0,0,66
0.7292702702702704,0.0,0.0,0.0,0,0,0,66
0.7302692692692693,0.0,0.0,0.0,0,0,0,66
0.7312682682682683,0.0,0.0,0.0,0,0,0,66
0.7322672672672673,0.0,0.0,0.0,0,0,0,66
0.7332662662662663,0.0,0.0,0.0,0,0,0,66
0.7342652652652653,0.0,0.0,0.0,0,0,0,66
0.7352642642642643,0.0,0.0,0.0,0,0,0,66
0.7362632632632633,0.0,0.0,0.0,0,0,0,66
0.7372622622622623,0.0,0.0,0.0,0,0,0,66
0.7382612612612613,0.0,0.0,0.0,0,0,0,66
0.7392602602602603,0.0,0.0,0.0,0,0,0,66
0.7402592592592593,0.0,0.0,0.0,0,0,0,66
0.7412582582582583,0.0,0.0,0.0,0,0,0,66
0.7422572572572573,0.0,0.0,0.0,0,0,0,66
0.7432562562562562,0.0,0.0,0.0,0,0,0,66
0.7442552552552553,0.0,0.0,0.0,0,0,0,66
0.7452542542542543,0.0,0.0,0.0,0,0,0,66
0.7462532532532533,0.0,0.0,0.0,0,0,0,66
0.7472522522522523,0.0,0.0,0.0,0,0,0,66
0.7482512512512512,0.0,0.0,0.0,0,0,0,66
0.7492502502502503,0.0,0.0,0.0,0,0,0,66
0.7502492492492493,0.0,0.0,0.0,0,0,0,66
0.7512482482482483,0.0,0.0,0.0,0,0,0,66
0.7522472472472473,0.0,0.0,0.0,0,0,0,66
0.7532462462462463,0.0,0.0,0.0,0,0,0,66
0.7542452452452453,0.0,0.0,0.0,0,0,0,66
0.7552442442442443,0.0,0.0,0.0,0,0,0,66
0.7562432432432433,0.0,0.0,0.0,0,0,0,66
0.7572422422422422,0.0,0.0,0.0,0,0,0,66
0.7582412412412413,0.0,0.0,0.0,0,0,0,66
0.7592402402402403,0.0,0.0,0.0,0,0,0,66
0.7602392392392393,0.0,0.0,0.0,0,0,0,66
0.7612382382382383,0.0,0.0,0.0,0,0,0,66
0.7622372372372372,0.0,0.0,0.0,0,0,0,66
0.7632362362362363,0.0,0.0,0.0,0,0,0,66
0.7642352352352353,0.0,0.0,0.0,0,0,0,66
0.7652342342342343,0.0,0.0,0.0,0,0,0,66
0.7662332332332332,0.0,0.0,0.0,0,0,0,66
0.7672322322322322,0.0,0.0,0.0,0,0,0,66
0.7682312312312313,0.0,0.0,0.0,0,0,0,66
0.7692302302302303,0.0,0.0,0.0,0,0,0,66
0.7702292292292293,0.0,0.0,0.0,0,0,0,66
0.7712282282282282,0.0,0.0,0.0,0,0,0,66
0.7722272272272273,0.0,0.0,0.0,0,0,0,66
0.7732262262262263,0.0,0.0,0.0,0,0,0,66
0.7742252252252253,0.0,0.0,0.0,0,0,0,66
0.7752242242242242,0.0,0.0,0.0,0,0,0,66
0.7762232232232232,0.0,0.0,0.0,0,0,0,66
0.7772222222222223,0.0,0.0,0.0,0,0,0,66
0.7782212212212213,0.0,0.0,0.0,0,0,0,66
0.7792202202202203,0.0,0.0,0.0,0,0,0,66
0.7802192192192192,0.0,0.0,0.0,0,0,0,66
0.7812182182182182,0.0,0.0,0.0,0,0,0,66
0.7822172172172173,0.0,0.0,0.0,0,0,0,66
0.7832162162162163,0.0,0.0,0.0,0,0,0,66
0.7842152152152152,0.0,0.0,0.0,0,0,0,66
0.7852142142142142,0.0,0.0,0.0,0,0,0,66
0.7862132132132132,0.0,0.0,0.0,0,0,0,66
0.7872122122122123,0.0,0.0,0.0,0,0,0,66
0.7882112112112113,0.0,0.0,0.0,0,0,0,66
0.7892102102102102,0.0,0.0,0.0,0,0,0,66
0.7902092092092092,0.0,0.0,0.0,0,0,0,66
0.7912082082082083,0.0,0.0,0.0,0,0,0,66
0.7922072072072073,0.0,0.0,0.0,0,0,0,66
0.7932062062062063,0.0,0.0,0.0,0,0,0,66
0.7942052052052052,0.0,0.0,0.0,0,0,0,66
0.7952042042042042,0.0,0.0,0.0,0,0,0,66
0.7962032032032033,0.0,0.0,0.0,0,0,0,66
0.7972022022022023,0.0,0.0,0.0,0,0,0,66
0.7982012012012012,0.0,0.0,0.0,0,0,0,66
0.7992002002002002,0.0,0.0,0.0,0,0,0,66
0.8001991991991992,0.0,0.0,0.0,0,0,0,66
0.8011981981981983,0.0,0.0,0.0,0,0,0,66
0.8021971971971973,0.0,0.0,0.0,0,0,0,66
0.8031961961961962,0.0,0.0,0.0,0,0,0,66
0.8041951951951952,0.0,0.0,0.0,0,0,0,66
0.8051941941941942,0.0,0.0,0.0,0,0,0,66
0.8061931931931933,0.0,0.0,0.0,0,0,0,66
0.8071921921921922,0.0,0.0,0.0,0,0,0,66
0.8081911911911912,0.0,0.0,0.0,0,0,0,66
0.8091901901901902,0.0,0.0,0.0,0,0,0,66
0.8101891891891893,0.0,0.0,0.0,0,0,0,66
0.8111881881881883,0.0,0.0,0.0,0,0,0,66
0.8121871871871872,0.0,0.0,0.0,0,0,0,66
0.8131861861861862,0.0,0.0,0.0,0,0,0,66
0.8141851851851852,0.0,0.0,0.0,0,0,0,66
0.8151841841841843,0.0,0.0,0.0,0,0,0,66
0.8161831831831833,0.0,0.0,0.0,0,0,0,66
0.8171821821821822,0.0,0.0,0.0,0,0,0,66
0.8181811811811812,0.0,0.0,0.0,0,0,0,66
0.8191801801801802,0.0,0.0,0.0,0,0,0,66
0.8201791791791793,0.0,0.0,0.0,0,0,0,66
0.8211781781781782,0.0,0.0,0.0,0,0,0,66
0.8221771771771772,0.0,0.0,0.0,0,0,0,66
0.8231761761761762,0.0,0.0,0.0,0,0,0,66
0.8241751751751752,0.0,0.0,0.0,0,0,0,66
0.8251741741741743,0.0,0.0,0.0,0,0,0,66
0.8261731731731732,0.0,0.0,0.0,0,0,0,66
0.8271721721721722,0.0,0.0,0.0,0,0,0,66
0.8281711711711712,0.0,0.0,0.0,0,0,0,66
0.8291701701701703,0.0,0.0,0.0,0,0,0,66
0.8301691691691692,0.0,0.0,0.0,0,0,0,66
0.8311681681681682,0.0,0.0,0.0,0,0,0,66
0.8321671671671672,0.0,0.0,0.0,0,0,0,66
0.8331661661661662,0.0,0.0,0.0,0,0,0,66
0.8341651651651653,0.0,0.0,0.0,0,0,0,66
0.8351641641641642,0.0,0.0,0.0,0,0,0,66
0.8361631631631632,0.0,0.0,0.0,0,0,0,66
0.8371621621621622,0.0,0.0,0.0,0,0,0,66
0.8381611611611612,0.0,0.0,0.0,0,0,0,66
0.8391601601601602,0.0,0.0,0.0,0,0,0,66
0.8401591591591592,0.0,0.0,0.0,0,0,0,66
0.8411581581581582,0.0,0.0,0.0,0,0,0,66
0.8421571571571572,0.0,0.0,0.0,0,0,0,66
0.8431561561561562,0.0,0.0,0.0,0,0,0,66
0.8441551551551552,0.0,0.0,0.0,0,0,0,66
0.8451541541541542,0.0,0.0,0.0,0,0,0,66
0.8461531531531532,0.0,0.0,0.0,0,0,0,66
0.8471521521521522,0.0,0.0,0.0,0,0,0,66
0.8481511511511511,0.0,0.0,0.0,0,0,0,66
0.8491501501501502,0.0,0.0,0.0,0,0,0,66
0.8501491491491492,0.0,0.0,0.0,0,0,0,66
0.8511481481481482,0.0,0.0,0.0,0,0,0,66
0.8521471471471472,0.0,0.0,0.0,0,0,0,66
0.8531461461461461,0.0,0.0,0.0,0,0,0,66
0.8541451451451452,0.0,0.0,0.0,0,0,0,66
0.8551441441441442,0.0,0.0,0.0,0,0,0,66
0.8561431431431432,0.0,0.0,0.0,0,0,0,66
0.8571421421421422,0.0,0.0,0.0,0,0,0,66
0.8581411411411412,0.0,0.0,0.0,0,0,0,66
0.8591401401401402,0.0,0.0,0.0,0,0,0,66
0.8601391391391392,0.0,0.0,0.0,0,0,0,66
0.8611381381381382,0.0,0.0,0.0,0,0,0,66
0.8621371371371371,0.0,0.0,0.0,0,0,0,66
0.8631361361361362,0.0,0.0,0.0,0,0,0,66
0.8641351351351352,0.0,0.0,0.0,0,0,0,66
0.8651341341341342,0.0,0.0,0.0,0,0,0,66
0.8661331331331332,0.0,0.0,0.0,0,0,0,66
0.8671321321321321,0.0,0.0,0.0,0,0,0,66
0.8681311311311312,0.0,0.0,0.0,0,0,0,66
0.8691301301301302,0.0,0.0,0.0,0,0,0,66
0.8701291291291292,0.0,0.0,0.0,0,0,0,66
0.8711281281281281,0.0,0.0,0.0,0,0,0,66
0.8721271271271271,0.0,0.0,0.0,0,0,0,66
0.8731261261261262,0.0,0.0,0.0,0,0,0,66
0.8741251251251252,0.0,0.0,0.0,0,0,0,66
0.8751241241241242,0.0,0.0,0.0,0,0,0,66
0.8761231231231231,0.0,0.0,0.0,0,0,0,66
0.8771221221221221,0.0,0.0,0.0,0,0,0,66
0.8781211211211212,0.0,0.0,0.0,0,0,0,66
0.8791201201201202,0.0,0.0,0.0,0,0,0,66
0.8801191191191192,0.0,0.0,0.0,0,0,0,66
0.8811181181181181,0.0,0.0,0.0,0,0,0,66
0.8821171171171172,0.0,0.0,0.0,0,0,0,66
0.8831161161161162,0.0,0.0,0.0,0,0,0,66
0.8841151151151152,0.0,0.0,0.0,0,0,0,66
0.8851141141141141,0.0,0.0,0.0,0,0,0,66
0.8861131131131131,0.0,0.0,0.0,0,0,0,66
0.8871121121121122,0.0,0.0,0.0,0,0,0,66
0.8881111111111112,0.0,0.0,0.0,0,0,0,66
0.8891101101101102,0.0,0.0,0.0,0,0,0,66
0.8901091091091091,0.0,0.0,0.0,0,0,0,66
0.8911081081081081,0.0,0.0,0.0,0,0,0,66
0.8921071071071072,0.0,0.0,0.0,0,0,0,66
0.8931061061061062,0.0,0.0,0.0,0,0,0,66
0.8941051051051051,0.0,0.0,0.0,0,0,0,66
0.8951041041041041,0.0,0.0,0.0,0,0,0,66
0.8961031031031031,0.0,0.0,0.0,0,0,0,66
0.8971021021021022,0.0,0.0,0.0,0,0,0,66
0.8981011011011012,0.0,0.0,0.0,0,0,0,66
0.8991001001001001,0.0,0.0,0.0,0,0,0,66
0.9000990990990991,0.0,0.0,0.0,0,0,0,66
0.9010980980980982,0.0,0.0,0.0,0,0,0,66
0.9020970970970972,0.0,0.0,0.0,0,0,0,66
0.9030960960960961,0.0,0.0,0.0,0,0,0,66
0.9040950950950951,0.0,0.0,0.0,0,0,0,66
0.9050940940940941,0.0,0.0,0.0,0,0,0,66
0.9060930930930932,0.0,0.0,0.0,0,0,0,66
0.9070920920920922,0.0,0.0,0.0,0,0,0,66
0.9080910910910911,0.0,0.0,0.0,0,0,0,66
0.9090900900900901,0.0,0.0,0.0,0,0,0,66
0.9100890890890891,0.0,0.0,0.0,0,0,0,66
0.9110880880880882,0.0,0.0,0.0,0,0,0,66
0.9120870870870871,0.0,0.0,0.0,0,0,0,66
0.9130860860860861,0.0,0.0,0.0,0,0,0,66
0.9140850850850851,0.0,0.0,0.0,0,0,0,66
0.9150840840840841,0.0,0.0,0.0,0,0,0,66
0.9160830830830832,0.0,0.0,0.0,0,0,0,66
0.9170820820820821,0.0,0.0,0.0,0,0,0,66
0.9180810810810811,0.0,0.0,0.0,0,0,0,66
0.9190800800800801,0.0,0.0,0.0,0,0,0,66
0.9200790790790792,0.0,0.0,0.0,0,0,0,66
0.9210780780780782,0.0,0.0,0.0,0,0,0,66
0.9220770770770771,0.0,0.0,0.0,0,0,0,66
0.9230760760760761,0.0,0.0,0.0,0,0,0,66
0.9240750750750751,0.0,0.0,0.0,0,0,0,66
0.9250740740740742,0.0,0.0,0.0,0,0,0,66
0.9260730730730731,0.0,0.0,0.0,0,0,0,66
0.9270720720720721,0.0,0.0,0.0,0,0,0,66
0.9280710710710711,0.0,0.0,0.0,0,0,0,66
0.9290700700700701,0.0,0.0,0.0,0,0,0,66
0.9300690690690692,0.0,0.0,0.0,0,0,0,66
0.9310680680680681,0.0,0.0,0.0,0,0,0,66
0.9320670670670671,0.0,0.0,0.0,0,0,0,66
0.9330660660660661,0.0,0.0,0.0,0,0,0,66
0.9340650650650651,0.0,0.0,0.0,0,0,0,66
0.9350640640640641,0.0,0.0,0.0,0,0,0,66
0.9360630630630631,0.0,0.0,0.0,0,0,0,66
0.9370620620620621,0.0,0.0,0.0,0,0,0,66
0.9380610610610611,0.0,0.0,0.0,0,0,0,66
0.9390600600600602,0.0,0.0,0.0,0,0,0,66
0.9400590590590591,0.0,0.0,0.0,0,0,0,66
0.9410580580580581,0.0,0.0,0.0,0,0,0,66
0.9420570570570571,0.0,0.0,0.0,0,0,0,66
0.9430560560560561,0.0,0.0,0.0,0,0,0,66
0.9440550550550552,0.0,0.0,0.0,0,0,0,66
0.9450540540540541,0.0,0.0,0.0,0,0,0,66
0.9460530530530531,0.0,0.0,0.0,0,0,0,66
0.9470520520520521,0.0,0.0,0.0,0,0,0,66
0.9480510510510511,0.0,0.0,0.0,0,0,0,66
0.94905005005005,0.0,0.0,0.0,0,0,0,66
0.9500490490490491,0.0,0.0,0.0,0,0,0,66
0.9510480480480481,0.0,0.0,0.0,0,0,0,66
0.9520470470470471,0.0,0.0,0.0,0,0,0,66
0.9530460460460461,0.0,0.0,0.0,0,0,0,66
0.9540450450450451,0.0,0.0,0.0,0,0,0,66
0.9550440440440441,0.0,0.0,0.0,0,0,0,66
0.9560430430430431,0.0,0.0,0.0,0,0,0,66
0.9570420420420421,0.0,0.0,0.0,0,0,0,66
0.958041041041041,0.0,0.0,0.0,0,0,0,66
0.9590400400400401,0.0,0.0,0.0,0,0,0,66
0.9600390390390391,0.0,0.0,0.0,0,0,0,66
0.9610380380380381,0.0,0.0,0.0,0,0,0,66
0.9620370370370371,0.0,0.0,0.0,0,0,0,66
0.963036036036036,0.0,0.0,0.0,0,0,0,66
0.9640350350350351,0.0,0.0,0.0,0,0,0,66
0.9650340340340341,0.0,0.0,0.0,0,0,0,66
0.9660330330330331,0.0,0.0,0.0,0,0,0,66
0.967032032032032,0.0,0.0,0.0,0,0,0,66
0.968031031031031,0.0,0.0,0.0,0,0,0,66
0.9690300300300301,0.0,0.0,0.0,0,0,0,66
0.9700290290290291,0.0,0.0,0.0,0,0,0,66
0.9710280280280281,0.0,0.0,0.0,0,0,0,66
0.972027027027027,0.0,0.0,0.0,0,0,0,66
0.9730260260260261,0.0,0.0,0.0,0,0,0,66
0.9740250250250251,0.0,0.0,0.0,0,0,0,66
0.9750240240240241,0.0,0.0,0.0,0,0,0,66
0.976023023023023,0.0,0.0,0.0,0,0,0,66
0.977022022022022,0.0,0.0,0.0,0,0,0,66
0.9780210210210211,0.0,0.0,0.0,0,0,0,66
0.9790200200200201,0.0,0.0,0.0,0,0,0,66
0.9800190190190191,0.0,0.0,0.0,0,0,0,66
0.981018018018018,0.0,0.0,0.0,0,0,0,66
0.982017017017017,0.0,0.0,0.0,0,0,0,66
0.9830160160160161,0.0,0.0,0.0,0,0,0,66
0.9840150150150151,0.0,0.0,0.0,0,0,0,66
0.9850140140140141,0.0,0.0,0.0,0,0,0,66
0.986013013013013,0.0,0.0,0.0,0,0,0,66
0.987012012012012,0.0,0.0,0.0,0,0,0,66
0.9880110110110111,0.0,0.0,0.0,0,0,0,66
0.9890100100100101,0.0,0.0,0.0,0,0,0,66
0.990009009009009,0.0,0.0,0.0,0,0,0,66
0.991008008008008,0.0,0.0,0.0,0,0,0,66
0.9920070070070071,0.0,0.0,0.0,0,0,0,66
0.9930060060060061,0.0,0.0,0.0,0,0,0,66
0.9940050050050051,0.0,0.0,0.0,0,0,0,66
0.995004004004004,0.0,0.0,0.0,0,0,0,66
0.996003003003003,0.0,0.0,0.0,0,0,0,66
0.9970020020020021,0.0,0.0,0.0,0,0,0,66
0.9980010010010011,0.0,0.0,0.0,0,0,0,66
0.999,0.0,0.0,0.0,0,0,0,66
