sepal_len,sepal_wid,petal_len,class
7.21,2.48,1.06,virginica
6.12,3.66,4.41,versicolor
6.58,2.95,2.09,versicolor
7.59,2.73,4.1,virginica
7.29,3.27,1.31,versicolor
5.02,2.82,2.7,setosa
6.56,2.47,3.51,setosa
5.68,2.46,0.88,versicolor
5.72,3.28,3.9,versicolor
6.13,2.94,3.06,virginica
5.92,2.95,0.74,virginica
6.96,3.43,1.48,versicolor
6.41,2.55,4.73,versicolor
5.9,2.71,5.22,versicolor
6.16,2.85,3.48,versicolor
6.07,3.04,4.39,setosa
7.0,2.98,4.08,versicolor
5.64,2.89,4.26,virginica
6.05,2.98,5.89,setosa
5.12,2.96,1.14,versicolor
3.76,2.71,4.85,virginica
6.32,2.67,3.05,setosa
6.49,3.11,3.32,versicolor
5.21,2.64,3.19,versicolor
7.62,2.54,3.06,versicolor
4.64,2.88,1.62,versicolor
5.84,2.94,4.01,setosa
5.65,3.9,6.54,virginica
7.03,2.72,3.6,versicolor
6.98,3.38,3.7,setosa
5.92,3.3,2.53,setosa
6.1,2.52,3.5,virginica
5.09,3.31,4.49,setosa
4.22,2.53,3.07,setosa
5.52,1.94,2.93,virginica
5.93,3.24,4.39,setosa
6.78,2.3,2.14,setosa
6.76,3.18,4.13,virginica
5.49,2.73,5.09,setosa
5.56,3.66,6.01,virginica
4.96,3.43,3.55,versicolor
4.66,2.82,6.02,versicolor
4.43,2.72,5.46,versicolor
7.36,2.51,2.01,versicolor
5.39,2.82,1.63,setosa
5.45,2.89,3.18,versicolor
4.8,2.85,5.45,virginica
6.42,3.06,3.58,virginica
4.51,3.23,2.68,virginica
5.63,3.14,6.34,virginica
5.08,2.69,4.19,versicolor
6.11,2.42,-0.25,virginica
5.39,3.55,4.24,versicolor
4.86,2.72,4.58,virginica
5.78,2.74,4.08,virginica
6.14,2.79,4.46,versicolor
5.85,2.26,3.59,versicolor
6.04,2.81,1.46,setosa
5.29,2.81,3.07,setosa
5.51,3.25,2.09,setosa
5.26,3.28,2.11,virginica
5.51,3.0,1.55,virginica
5.15,3.37,4.47,virginica
4.42,3.14,3.87,setosa
5.94,2.99,2.94,setosa
5.48,3.06,2.6,setosa
4.5,2.92,3.66,virginica
6.17,2.84,5.53,versicolor
5.07,2.89,0.29,setosa
5.84,2.55,4.34,versicolor
6.38,3.11,2.77,virginica
5.9,2.6,0.5,setosa
6.71,3.34,0.39,virginica
4.81,2.9,2.15,versicolor
6.12,3.02,4.07,virginica
5.25,3.2,4.37,virginica
5.1,3.26,2.1,setosa
5.34,2.37,5.43,versicolor
5.55,2.92,6.12,setosa
5.84,3.35,4.37,virginica
4.87,2.32,2.69,virginica
6.52,3.15,5.61,versicolor
6.17,2.1,4.98,virginica
4.57,2.59,5.17,setosa
6.99,3.02,2.58,versicolor
7.32,2.34,-1.12,virginica
6.74,2.61,7.3,setosa
5.66,2.41,0.96,setosa
4.94,3.66,3.64,versicolor
6.64,3.07,7.75,virginica
5.48,3.23,4.26,setosa
6.78,2.91,5.31,versicolor
5.97,2.86,1.15,setosa
6.58,2.35,0.68,virginica
6.09,2.88,2.79,setosa
6.37,2.7,5.55,virginica
5.81,3.34,3.11,setosa
7.23,3.46,2.35,virginica
5.9,3.59,4.04,setosa
6.12,3.34,5.54,setosa
7.31,2.76,1.24,versicolor
4.72,2.55,1.64,virginica
4.78,3.31,2.36,setosa
6.58,3.14,5.56,versicolor
4.86,2.29,4.1,setosa
7.35,3.14,7.32,versicolor
5.47,3.33,5.29,setosa
5.2,3.02,3.64,versicolor
7.34,2.93,5.85,virginica
6.98,2.68,4.06,setosa
7.29,2.42,2.5,virginica
6.52,3.32,4.86,virginica
5.11,2.88,2.52,versicolor
7.33,2.91,3.21,virginica
5.59,3.69,5.96,versicolor
6.44,3.27,3.53,versicolor
6.56,3.15,2.33,versicolor
5.68,3.06,2.91,versicolor
6.29,3.61,5.44,versicolor
6.54,3.69,2.76,setosa
6.1,3.37,3.04,setosa
4.92,3.23,2.83,virginica
6.04,2.16,4.01,setosa
6.86,3.05,3.04,versicolor
5.24,2.95,0.98,versicolor
5.68,3.04,2.19,setosa
5.45,3.38,2.11,virginica
7.28,1.9,5.81,virginica
6.34,2.77,5.08,setosa
6.13,3.11,4.7,versicolor
5.18,2.81,2.84,versicolor
6.23,2.43,2.31,virginica
5.26,3.35,2.84,setosa
5.83,3.11,1.91,versicolor
5.29,2.61,7.95,virginica
6.34,3.13,-0.12,virginica
6.26,3.33,4.66,setosa
5.63,3.0,1.52,virginica
6.12,3.32,3.52,versicolor
4.93,3.03,2.02,virginica
4.61,2.84,1.7,virginica
6.15,2.54,1.76,virginica
5.93,2.97,6.68,setosa
6.31,3.08,3.47,versicolor
7.71,3.35,2.4,virginica
6.56,2.95,4.64,setosa
5.07,3.18,3.72,virginica
6.69,2.61,4.92,versicolor
4.75,2.69,0.6,virginica
5.43,2.96,4.22,setosa
5.75,2.58,5.01,virginica
7.17,3.33,0.88,virginica
5.2,3.19,4.46,virginica
5.14,3.11,6.58,setosa
5.72,3.14,3.67,virginica
5.27,3.81,5.1,virginica
6.7,2.81,4.84,setosa
4.94,2.12,2.5,setosa
4.88,3.08,3.77,versicolor
5.45,2.98,1.04,setosa
5.4,2.79,2.93,virginica
7.34,2.61,4.15,virginica
6.56,2.82,4.93,setosa
5.87,3.07,3.74,versicolor
4.82,2.8,4.92,setosa
6.48,3.96,1.83,versicolor
5.0,2.62,3.53,setosa
4.56,2.68,3.73,versicolor
6.75,2.08,6.84,versicolor
6.05,3.1,3.34,virginica
6.54,2.19,2.85,versicolor
6.05,2.78,3.74,virginica
6.49,2.89,2.14,setosa
5.28,2.72,4.03,setosa
4.97,3.7,3.08,setosa
6.35,3.4,0.65,setosa
5.16,3.53,3.6,setosa
5.25,2.65,3.16,virginica
5.44,3.45,0.92,setosa
5.81,3.2,3.59,versicolor
5.52,3.31,6.23,virginica
4.7,3.41,4.59,versicolor
5.29,2.64,4.74,virginica
4.02,2.83,1.42,versicolor
6.3,3.35,4.51,virginica
4.52,1.94,3.95,setosa
4.92,3.61,4.6,virginica
5.84,3.22,4.42,virginica
5.21,2.98,1.39,versicolor
7.03,3.09,3.63,virginica
4.77,2.59,2.41,virginica
6.01,2.86,3.61,setosa
5.77,3.44,2.17,versicolor
4.87,3.52,5.93,virginica
6.22,4.08,2.24,versicolor
5.66,2.97,2.17,virginica
6.42,2.74,3.83,virginica
6.46,2.79,1.87,versicolor
7.53,2.59,2.98,setosa
6.87,2.97,2.29,virginica
5.5,3.15,6.1,virginica
5.61,2.99,5.04,virginica
6.68,3.44,3.6,versicolor
6.32,2.91,3.03,setosa
6.31,2.86,5.3,virginica
4.51,2.77,4.39,virginica
5.78,2.35,4.55,virginica
5.21,2.37,3.66,versicolor
6.02,2.53,0.83,versicolor
5.72,3.52,3.51,versicolor
6.53,3.36,2.79,versicolor
6.05,3.55,4.8,setosa
6.43,2.47,5.42,versicolor
5.43,2.21,2.58,versicolor
5.04,2.74,4.5,virginica
5.47,3.07,6.65,versicolor
5.79,3.2,2.56,setosa
6.1,3.42,6.56,setosa
7.61,3.11,2.25,virginica
5.77,3.7,3.74,setosa
5.04,2.91,3.68,versicolor
5.52,2.63,3.72,versicolor
5.43,2.33,2.28,setosa
6.19,2.64,2.69,setosa
4.57,3.1,2.56,versicolor
5.85,2.64,4.26,virginica
5.93,3.37,4.26,versicolor
5.99,3.56,7.48,virginica
5.32,2.05,6.03,virginica
5.61,3.35,2.83,setosa
4.66,2.1,4.25,virginica
5.41,3.16,5.4,versicolor
5.37,3.49,3.75,versicolor
6.13,3.03,3.58,setosa
4.88,2.49,3.79,virginica
6.42,2.77,5.17,versicolor
7.0,2.9,2.26,virginica
4.14,2.93,3.15,versicolor
6.14,2.92,4.5,versicolor
6.34,2.96,4.23,versicolor
5.29,3.09,4.11,versicolor
5.48,2.52,3.07,setosa
5.69,2.9,5.35,setosa
5.56,3.61,7.33,virginica
5.55,2.85,4.39,virginica
4.46,2.82,3.37,setosa
6.72,3.43,4.98,versicolor
6.66,1.98,2.78,virginica
5.15,3.47,2.43,virginica
4.63,2.75,3.76,setosa
6.22,3.07,-0.69,virginica
5.34,3.04,1.74,setosa
5.91,3.38,3.11,versicolor
5.54,2.89,1.4,virginica
6.35,2.73,1.94,versicolor
6.36,3.52,2.96,versicolor
5.22,2.05,0.91,setosa
4.69,3.01,3.01,versicolor
4.53,2.46,2.79,setosa
6.29,2.7,3.74,setosa
4.85,3.8,5.66,virginica
5.39,2.98,3.99,versicolor
5.32,3.08,3.74,setosa
5.76,2.29,3.87,virginica
4.25,2.71,4.09,setosa
5.95,3.08,1.97,versicolor
6.22,3.14,3.5,versicolor
5.87,3.25,4.22,virginica
5.55,3.0,1.37,virginica
5.88,3.21,5.17,virginica
6.12,3.18,5.54,virginica
3.58,2.27,2.63,virginica
7.36,3.01,3.29,versicolor
6.11,3.31,2.21,virginica
5.28,3.24,4.89,virginica
5.49,2.85,1.9,virginica
6.19,2.68,3.32,virginica
5.71,2.55,2.24,versicolor
4.18,2.95,3.79,versicolor
7.45,3.45,0.65,setosa
5.71,2.22,5.95,virginica
6.62,2.74,2.06,virginica
5.25,2.54,3.8,versicolor
7.03,3.31,3.34,versicolor
6.03,2.78,2.4,versicolor
6.29,2.81,2.19,virginica
4.96,2.91,5.29,setosa
6.77,3.18,2.81,setosa
6.35,2.84,4.16,versicolor
6.84,1.78,2.34,versicolor
5.3,3.22,2.6,versicolor
5.42,3.18,4.5,versicolor
7.64,2.91,5.28,setosa
4.95,2.57,3.4,setosa
5.69,3.14,1.28,versicolor
6.71,3.15,7.1,setosa
5.88,2.81,2.24,versicolor
6.27,2.91,1.08,setosa
5.48,2.63,8.11,virginica
6.1,2.93,3.01,virginica
