wo_id,asset_id,equipment_class,description,failure_mode_ref,scenario_ref,priority,status,raised_date,target_completion_date,estimated_labour_hours,estimated_parts_cost_inr,actual_downtime_hours,assigned_team,craft_type,work_type,safety_class,notes
WO-2026-0741,HSM.F1.GBX01,mill_gearbox,Emergency gearbox oil drain and refill — Fe count 22 ppm (warning 15 ppm exceeded); filter change OIL-VG220+FLT-GBX-01; spectrographic analysis,gear_tooth_wear_GMF_sideband,null,URGENT,COMPLETED,2026-03-14,2026-03-17,8,92000,6,MechTeamB,Mechanical,PM,P2,Oil drain on 17-Mar window; found metallic sludge + chip-detector magnet fragment at 18:30 on 16-Mar; escalated to borescope
WO-2026-0742,HSM.F1.GBX01,mill_gearbox,Borescope inspection — tooth-root fatigue crack assessment post-chip-detector find,gear_tooth_fatigue_crack,SCN-038,URGENT,COMPLETED,2026-03-16,2026-03-17,4,15000,0,FlenderSpecialist,OEM_Specialist,INSP,P2,Borescope at 04:00 on 17-Mar; Stage 1 crack on 3 output-pinion teeth; reduced-load protocol invoked per FSB-FLENDER-2025-002
WO-2026-0743,HSM.F1.GBX01,mill_gearbox,Emergency procurement GEAR-WHL-M20 — 36-week lead custom gear wheel from Flender Germany; urgent air-freight 10-week target,gear_tooth_fatigue_crack,SCN-038,URGENT,OPEN,2026-03-17,2026-06-05,0,10020000,0,ProcurementTeam,Procurement,PROC,P2,Flender Germany confirmed 10-week air-freight ETA 5-Jun; full gearbox swap maintenance booked 8-10 Jun
WO-2026-0744,HSM.F1.GBX01,mill_gearbox,Weekly borescope — Stage-1 crack progression monitoring at 65% reduced load (mandatory per FSB-FLENDER-2025-002),gear_tooth_fatigue_crack,SCN-038,HIGH,RECURRING,2026-03-17,2026-06-05,2,0,0,FlenderSpecialist,OEM_Specialist,INSP,P2,Weekly cadence; last inspection 18-Mar showed no progression; next due 31-Mar and every 7 days thereafter
WO-2026-0745,HSM.F3.WR.BRG01,rolling_mill_work_roll_bearing,Planned roll-change window — outer-race fatigue spall BRG-LRG-300 replacement; AE 10.4 dBuV + BPFO 0.91g at warning,outer_race_fatigue_spall_BPFO,SCN-037,HIGH,COMPLETED,2026-03-11,2026-03-14,8,1300000,8,MechTeamA,Mechanical,PLN-REPLCE,P2,Roll-change 14-Mar 06:00; bearing confirmed outer-race fatigue spall 8mm×12mm; new BRG-LRG-300 fitted; VIB 1.3 mm/s post-restore
WO-2026-0746,HSM.F3.WR.BRG01,rolling_mill_work_roll_bearing,Post-repair OFB lube oil monitoring — OFB outlet temp + Fe count tracking 48h post bearing replacement,outer_race_fatigue_spall_BPFO,SCN-037,MEDIUM,COMPLETED,2026-03-14,2026-03-16,2,0,0,CondMonTeam,Condition_Monitoring,INSP,P4,OFB outlet temp 61 degC normal; Fe count 2 ppm; bearing fully cleared at 30-Mar 2-week check
WO-2026-0747,CCM.SEG.07,continuous_caster_segment,Segment 07 roll S7-R4 seizure — emergency pull; replace seized roll+bearing; full spray nozzle set,roll_seizure,SCN-042,URGENT,COMPLETED,2026-03-11,2026-03-11,8,1007922,8,CasterMaintTeam,Mechanical,EMRG,P2,Roll confirmed seized (water-scale ingress fatigue ISO 15243); ROLL-SEG-STD + BRG-SEG-01 + NOZ-SPRAY-01 (full set) replaced; gap set 225mm; pressure-tested 600kN; RTS 14-Mar 14:00
WO-2026-0748,CCM.SEG.07,continuous_caster_segment,Post-repair intensive monitoring — 5-day watch on segment 07 (rolls+force+spray+bulge),roll_seizure,SCN-042,MEDIUM,COMPLETED,2026-03-11,2026-03-16,0,0,0,ShiftOps,Operator,SURV,P4,Days 1-5 post-repair monitored; all parameters nominal by 16-Mar; segment cleared for normal schedule
WO-2026-0749,CCM.MOLD.01,continuous_caster_mould,Mould copper plate swap at 371 heats (design life 400); pre-planned at 22-Mar caster stop; SEN change,copper_plate_wear,null,MEDIUM,COMPLETED,2026-03-14,2026-03-22,4,4659300,4,CasterMaintTeam,Mechanical,PLN-REPLCE,P2,New MOLD-CU-STD installed; taper set per Primetals 225×1600mm; friction 4.2 kN post-install; 3-heat run-in completed nominal
WO-2026-0750,CCM.MOLD.01,continuous_caster_mould,Mould copper plate campaign monitoring — track heat count to next change (next target ~390 heats from new plates),copper_plate_wear,null,LOW,OPEN,2026-03-22,2026-06-01,0,0,0,CondMonTeam,Condition_Monitoring,SURV,P4,New campaign started 22-Mar; current heat count 12 as of 29-Mar; next planned swap ~Jun 2026
WO-2026-0751,HSM.DSC.PMP01,cooling_descaling_pump,Planned mechanical seal cartridge change — SEAL-MECH-DSC; seal weep progressing VIB 2.2 mm/s,mechanical_seal_failure,SCN-040,HIGH,COMPLETED,2026-03-22,2026-03-27,4,125250,3,MechTeamC,Mechanical,PLN-REPLCE,P3,Standby pump activated 22-Mar; seal changed 27-Mar 01:30; shaft sleeve 0.04mm scoring (within limit); VIB 0.9 mm/s + temp 52 degC post-restore
WO-2026-0752,HSM.DSC.PMP01,cooling_descaling_pump,6-month early seal replacement programme (per FSB-KSB-2023-011) — review SEAL-MECH-DSC stock,mechanical_seal_failure,SCN-040,MEDIUM,OPEN,2026-03-27,2026-09-27,1,125250,0,ProcurementTeam,Procurement,PM,P3,Next planned seal change due Sep-2026; ensure 2 units SEAL-MECH-DSC in store at all times; re-order point = 1 remaining
WO-2026-0753,BF.BLW.FAN01,bf_sinter_fan_blower,Lube system inspection — thrust bearing temp 82 degC (above normal 75 degC); lube pump check valve bypass,bearing_overheating,null,URGENT,COMPLETED,2026-03-19,2026-03-21,4,5000,0,MechTeamD,Mechanical,INSP,P1,Lube pump check valve adjusted 20-Mar; thrust temp recovered to 74 degC; check valve replacement recommended at next BF planned outage
WO-2026-0754,BF.BLW.FAN01,bf_sinter_fan_blower,Monthly ASV operability test (per FSB-SIEMENS-MAN-2024-015) — open-loop travel test anti-surge valve,compressor_surge,SCN-041,HIGH,RECURRING,2026-03-01,2026-06-01,1,0,0,InstrTeamA,Instrumentation,PM,P1,Monthly; last test 01-Mar passed (stroke 1.4s); next due 01-Apr; if stroke >3s: remove and inspect
WO-2026-0755,BF.BLW.FAN01,bf_sinter_fan_blower,Bently Nevada proximity probe calibration — 6-month interval per FSB-SIEMENS-MAN-2024-015,bearing_overheating,null,MEDIUM,OPEN,2026-01-10,2026-07-10,2,0,0,InstrTeamA,Instrumentation,PM,P1,Last calibrated Jan-2026; next due Jul-2026; ensure drift <5 µm at alarm setpoint 127 µm
WO-2026-0756,BF.CW.PMP02,cooling_descaling_pump,Head deviation -7.1% — warning crossed; switch to standby; impeller inspection BF CW pump,impeller_wear_erosion,SCN-012,HIGH,COMPLETED,2026-04-03,2026-04-03,6,542750,4,MechTeamC,Mechanical,INSP,P2,Standby pump activated 03-Apr 15:30; PMP02 LOTO; impeller erosion confirmed ~1.5mm leading-edge wear; returned to service without replacement; IMP-CW-01 on order
WO-2026-0757,BF.CW.PMP02,cooling_descaling_pump,Impeller replacement on delivery — IMP-CW-01 + WRING-CW-01 wear rings; target 28-Apr planned outage,impeller_wear_erosion,SCN-012,HIGH,OPEN,2026-04-03,2026-04-28,8,576150,0,MechTeamC,Mechanical,PLN-REPLCE,P2,IMP-CW-01 pre-ordered; ETA 28-Apr; full back-pullout during planned BF 4-Apr outage window; WRING-CW-01 also staged
WO-2026-0758,RHF.ZONE.SOAK,reheating_furnace,Shell hotspot progression — gunite repair south wall panel (45mm thickness remaining vs 90mm original),refractory_hot_spot_burnout,RCA-024,URGENT,COMPLETED,2026-03-12,2026-03-30,16,1202400,36,TenovaSpecialist,OEM_Specialist,PLN-REPAIR,P2,Furnace cooled 30-Mar 01:00; Tenova applied 65mm new castable; EN 746-2 dry-out schedule; full fire 31-Mar 18:30; shell IR 101 degC normal 01-Apr
WO-2026-0759,RHF.ZONE.SOAK,reheating_furnace,Increased shell IR scan frequency — 2x per shift while hotspot >140 degC (pre-repair period),refractory_hot_spot_burnout,RCA-024,HIGH,COMPLETED,2026-03-12,2026-03-30,0,0,0,ShiftOps,Operator,SURV,P4,Scans conducted twice per shift; hotspot tracked 149→171→183 degC; alarm at 183 degC triggered emergency mobilisation; now normal after repair
WO-2026-0760,RHF.ZONE.SOAK,reheating_furnace,Annual refractory inspection and Tenova survey (per FSB-TENOVA-2024-003),refractory_hot_spot_burnout,RCA-024,MEDIUM,OPEN,2026-04-01,2027-04-01,8,0,0,TenovaSpecialist,OEM_Specialist,PM,P2,Next annual survey due Apr-2027; maintain biweekly IR scan as standard practice
WO-2026-0761,EAF.AUX.HYD01,eaf_bof_auxiliary,Hydraulic filter change — filter DP 2.1 bar approaching warning 3.0 bar; FLT-HYD-10 replacement,filter_clog,SCN-011,MEDIUM,COMPLETED,2026-03-11,2026-03-12,2,10020,1,MechTeamB,Mechanical,PM,P3,Filter changed 12-Mar 05:30 during EAF tap break; post-change DP 0.3 bar; ISO4406 improving; kidney-loop activated
WO-2026-0762,EAF.AUX.HYD01,eaf_bof_auxiliary,EAF water-jacket micro-leak investigation and repair — water PPM 165-193 ppm approaching warning 200 ppm,oil_water_contamination,SCN-011,HIGH,COMPLETED,2026-03-20,2026-03-25,6,25000,4,MechTeamA,Mechanical,EMRG,P2,Micro-leak in EAF water-cooling jacket confirmed and repaired 25-Mar 13:00 tap break; water PPM trending down to 44 ppm by 01-Apr
WO-2026-0763,EAF.AUX.HYD01,eaf_bof_auxiliary,Particle morphology analysis — ISO4406 returning to warning 3rd time in 6 weeks; investigate internal wear source,oil_contamination_particulate,SCN-011,MEDIUM,OPEN,2026-04-05,2026-04-19,4,15000,0,OilAnalysisLab,Lab_Technician,INSP,P3,Filter DP 2.4 bar on 05-Apr; ISO4406 16/14/11; oil sample for particle morphology sent to Rexroth lab; possible pump barrel wear or cylinder seals
WO-2026-0764,MS.LDC.CRN01,ladle_crane,Emergency rope replacement — Competent Person found 4 broken wires in 1 strand (ISO 4309 discard criteria); crane OOS,wire_rope_fatigue_broken_wire,SCN-047,URGENT,COMPLETED,2026-03-25,2026-03-27,16,751500,24,KonecranesTech,OEM_Specialist,EMRG,P1,Rope replaced with Konecranes India compatible rope (engineering approved); load test 1.25× SWL (400t) passed; CP certificate issued; returned to molten service 05:00 27-Mar
WO-2026-0765,MS.LDC.CRN01,ladle_crane,Standing insurance order — ROPE-CRN-01 wire rope every 2 years per FSB-KONECRANES-2024-006,wire_rope_fatigue_broken_wire,SCN-047,MEDIUM,OPEN,2026-03-19,2026-06-19,0,751500,0,ProcurementTeam,Procurement,PROC,P1,Order placed with Konecranes (12-week ETA ~19-Jun); routine 2-year rope replacement insurance regardless of MFL status
WO-2026-0766,MS.LDC.CRN01,ladle_crane,Monthly Competent Person rope inspection — ISO 4309 mandatory; MFL + broken-wire visual count,wire_rope_fatigue_broken_wire,SCN-047,HIGH,RECURRING,2026-03-01,2026-07-01,3,0,0,CompetentPerson,QA_Inspector,INSP,P1,Monthly; last completed 25-Mar (found 4 broken wires — triggered emergency replacement); new baseline MFL 12-14 mV post-install; next CP due 25-Apr
WO-2026-0767,MS.LDC.CRN01,ladle_crane,Brake pad inspection — brake drum temp 88 degC after first ladle lifts on new rope,brake_wear_slip,RCA-025,MEDIUM,OPEN,2026-03-29,2026-04-05,2,37575,0,MechTeamA,Mechanical,INSP,P2,Drum engagement may vary with new rope geometry; inspect BRAKE-PAD-01 wear; replace if <50% thickness remaining; stock 4 sets
WO-2026-0768,CRM.AGC.SV01,hydraulics_agc_servo,AGC servo valve replacement — silt deposition confirmed; null leakage 1.1 L/min (warning exceeded); SERVO-VLV-D661 swap,servo_valve_silting_spool_wear,SCN-048,URGENT,COMPLETED,2026-03-21,2026-03-22,6,1169000,6,MechTeamC,Mechanical,EMRG,P2,Old valve bench-tested confirmed silt; new D661 installed 22-Mar 14:30; null leakage 0.18% post-install; AGC returned auto 16:00; FLT-SERVO-3 also replaced; kidney-loop active
WO-2026-0769,CRM.AGC.SV01,hydraulics_agc_servo,Post-servo oil recovery — kidney-loop to ISO 4406 <=15/13/10; oil re-sample at 48h,servo_valve_silting_spool_wear,SCN-048,HIGH,COMPLETED,2026-03-22,2026-03-24,1,18370,0,MechTeamC,Mechanical,PM,P4,ISO4406 recovered to 14/12/9 by 30-Mar; better than normal; position error 0.19% nominal; servo fully cleared
WO-2026-0770,CRM.AGC.SV01,hydraulics_agc_servo,Quarterly null-leakage diagnostic test — D661 servo valve (per FSB-MOOG-2023-014),servo_valve_silting_spool_wear,SCN-048,MEDIUM,OPEN,2026-03-22,2026-06-22,1,0,0,MechTeamC,Mechanical,PM,P2,Next quarterly test due 22-Jun; current null leakage <0.3 L/min (new valve); record in CMMS
WO-2026-0771,SP.SINT.FAN01,bf_sinter_fan_blower,Online balancing — 1X VIB 3.0 mm/s rising above normal 2.3 mm/s; deposit imbalance (typical); BAL-WT-01,mass_imbalance_deposit_shedding,SCN-013,MEDIUM,COMPLETED,2026-03-13,2026-03-14,2,4175,0,CondMonTeam,Condition_Monitoring,PLN-REPAIR,P3,Balancing completed 14-Mar 09:00; 2×50g trim weights at 145° and 317°; post-balance 1X 1.8 mm/s; nominal
WO-2026-0772,SP.SINT.FAN01,bf_sinter_fan_blower,Second online balancing cycle — 1X VIB 3.3 mm/s (deposits rebuilding 3 weeks post-last balance),mass_imbalance_deposit_shedding,SCN-013,MEDIUM,OPEN,2026-04-05,2026-04-10,2,4175,0,CondMonTeam,Condition_Monitoring,PLN-REPAIR,P3,WO-2026-0892 in CMMS; deposit rebuild typical; schedule during next sinter-plant maintenance window; if axial ratio rises >0.4 reconsider as shaft bow issue
WO-2026-0773,SP.SINT.FAN01,bf_sinter_fan_blower,Annual blade erosion borescope inspection (per FSB-TLT-TURBO-2024-008),blade_erosion_deposit,SCN-013,MEDIUM,OPEN,2026-04-01,2026-10-01,4,0,0,TLTSpecialist,OEM_Specialist,PM,P3,Annual inspection due Oct-2026 (last was Nov-2023 per overhaul); if leading-edge erosion >3mm: order FAN-BLADE-SET (stock 0; lead 12 weeks)
WO-2026-0774,HSM.STD.R1,hot_strip_mill_stand,Emergency work-roll change — force ripple 4.2% (warning crossed); crown deviation +18 µm; WR-HSS-PREP pair,work_roll_spall_flat,SCN-044,URGENT,COMPLETED,2026-04-03,2026-04-04,2,6680000,2,RollShopTeam,Mechanical,EMRG,P2,Roll change 03-Apr 22:15; confirmed spall 6mm flat on old rolls (UT); rolls condemned; post-change force ripple 0.9% + crown +4 µm nominal
WO-2026-0775,HSM.STD.R1,hot_strip_mill_stand,Corrective action — cobble event on 31-Mar not logged; implement cobble logging protocol and stand vibration spike archiving,work_roll_spall_flat,SCN-044,MEDIUM,OPEN,2026-04-04,2026-04-18,4,0,0,ShiftSupervisor,Process_Engineer,CA,P4,Root cause of spall: thermal shock from unlogged cobble 3 days prior; CMMS procedure update required; all cobble events must generate automatic CMMS entry
WO-2026-0776,RM.CONV.ORE01,raw_material_conveyor,Idler replacement at position 47 (belt section C) — IR 78 degC approaching alarm; proactive change,idler_bearing_failure,SCN-045,MEDIUM,COMPLETED,2026-03-11,2026-03-11,1,7515,1,ConvMaintTeam,Mechanical,PM,P2,Idler replaced 11-Mar 07:45 before alarm reached; ultrasound post-install -12 dBuV baseline; idler fully nominal
WO-2026-0777,RM.CONV.ORE01,raw_material_conveyor,Belt-edge tracking adjustment — edge at 18 mm (approaching warning 25 mm) after ore flow imbalance,belt_misalignment,SCN-009,MEDIUM,COMPLETED,2026-03-17,2026-03-22,2,26720,0,ConvMaintTeam,Mechanical,PM,P4,Training idler adjusted during B-shift 22-Mar; belt edge corrected to 7 mm; rip-loop 70 mA normal; motor current 79%FLA
WO-2026-0778,RM.CONV.ORE01,raw_material_conveyor,Weekly IR idler walk-down and ultrasound patrol — standard recurring inspection programme,idler_bearing_failure,SCN-045,MEDIUM,RECURRING,2026-04-01,2026-12-31,1,0,0,ConvMaintTeam,Mechanical,PM,P4,Weekly cadence; last walk-down 28-Mar all idlers <45 degC; belt tracking 3mm nominal
WO-2026-0779,HSM.F1.MTR01,large_induction_motor_vfd,Annual MCSA + PI checks — rotor bar sideband + polarisation index + current imbalance annual test,broken_rotor_bar,SCN-039,MEDIUM,COMPLETED,2026-04-05,2026-04-05,3,0,0,ElecTeamA,Electrical,PM,P3,Sideband -55 dBc normal; imbalance 0.8%; PI 3.4 (offline spare stator test); winding temp 124 degC normal; all healthy; next PI due Apr-2027
WO-2026-0780,HSM.F1.MTR01,large_induction_motor_vfd,AEGIS ring inspection — per FSB-ABB-2024-003; next due Feb-2025 (12-month interval from Feb-2024 overhaul),insulation_degradation_ground_fault,null,MEDIUM,OVERDUE,2026-02-10,2026-02-10,2,0,0,ElecTeamA,Electrical,PM,P3,OVERDUE — Feb-2025 due date passed; schedule inspection during next planned motor access window; check AEGIS carbon brush fiber wear
WO-2026-0781,BF.CW.PMP02,cooling_descaling_pump,Pre-order IMP-CW-01 impeller — head deviation -5% growing; 6-week lead time procurement; proactive stock,impeller_wear_erosion,SCN-012,MEDIUM,COMPLETED,2026-03-11,2026-04-28,0,542750,0,ProcurementTeam,Procurement,PROC,P3,Impeller ordered 11-Mar; ETA 28-Apr; WRING-CW-01 wear rings also staged; installation at 28-Apr BF planned outage
WO-2026-0782,BF.CW.PMP02,cooling_descaling_pump,Hydraulic performance test — confirm head deviation stable at -6.5% under current loading conditions,impeller_wear_erosion,SCN-012,LOW,OPEN,2026-03-23,2026-04-28,3,0,0,MechTeamC,Mechanical,INSP,P3,PMP02 returned to service 23-Mar post-inspection; monitor head deviation daily; performance test at impeller replacement 28-Apr
WO-2026-0783,HSM.F1.GBX01,mill_gearbox,Full gearbox swap and gear-wheel replacement — GEAR-WHL-M20 installation; planned 8-10 Jun 2026,gear_tooth_fatigue_crack,SCN-038,HIGH,OPEN,2026-03-17,2026-06-10,168,10020000,168,FlenderSpecialist,OEM_Specialist,PLN-REPLCE,P1,GEAR-WHL-M20 ETA 5-Jun from Flender Germany; crane slot booked; backlash set to 0.1-0.3mm; Prussian-blue contact check >70% face; run-in low load before full
