feature_name,point_biserial_r,roc_auc,cohens_d,ks_pvalue,missing_pct,mean_y0,mean_y1,std_y0,std_y1
X13,0.2529,0.8322,1.2123,0.0,0.0,846.1593,1312.3251,389.6676,262.8141
X10,0.2377,0.8214,1.1326,0.0,0.444,6.7277,9.6252,2.5957,1.6552
X32,0.2107,0.8149,0.9997,0.0,0.0,15.8178,19.518,3.7788,1.4899
X30,0.2185,0.8061,1.0384,0.0,0.0,9.9842,12.2657,2.2334,1.2883
X36,-0.2437,0.8056,-1.1652,0.0,0.0,2376.8219,378.8788,1745.4283,917.348
X31,0.2122,0.8012,1.0071,0.0,0.0,13.3503,16.5596,3.2407,1.8182
X15,-0.1493,0.8004,-0.713,0.0,11.834,3.5314,1.9742,2.2326,0.5793
X34,-0.2398,0.7812,-1.1454,0.0,0.0,2455.5591,486.3182,1742.2908,1173.1423
X35,-0.2638,0.7771,-1.2684,0.0,0.0,10320683.4347,2162955.2424,6500015.5882,4889679.0748
X39,-0.0887,0.7704,-0.4128,0.0,0.0,162.5093,157.8333,11.3136,11.6124
X29,0.191,0.7632,0.9022,0.0,0.0,6.9011,7.8703,1.0907,0.6706
X33,0.1627,0.7356,0.7649,0.0,0.0,16.9846,19.7561,3.7059,1.081
X41,-0.1587,0.7299,-0.7452,0.0,0.0,0.5965,0.3786,0.2958,0.2161
X37,-0.1716,0.7161,-0.8079,0.0,0.0,1708.9075,322.6212,1748.2503,856.2431
X5,0.1066,0.6963,0.4971,0.0,0.0,648.1565,665.6577,35.9968,11.473
X42,-0.122,0.6938,-0.5637,0.0,2.293,0.0118,0.0022,0.0174,0.0046
X49,-0.1368,0.6837,-0.6406,1e-06,0.0,0.066,0.0337,0.0511,0.0342
X7,0.1427,0.681,0.6687,0.0,0.0,527.7458,558.3767,46.6818,22.3118
X24,0.1048,0.6713,0.4874,1e-06,0.444,16.239,18.6606,5.0706,2.1176
X22,-0.1247,0.6697,-0.5831,1.2e-05,0.0,603.4085,507.6032,163.7077,175.9312
X16,0.091,0.6488,0.4227,4.8e-05,0.444,22.8933,24.536,3.9425,2.5383
X6,0.1128,0.6482,0.5263,0.0,0.0,617.4201,641.2744,46.0814,26.3562
X4,0.1404,0.6474,0.6574,4e-06,0.0,690.7716,727.7538,57.5386,16.817
X8,0.1229,0.6402,0.574,1.1e-05,0.074,527.6504,550.5686,40.8095,13.8562
X18,-0.0877,0.6365,-0.4081,3.6e-05,0.0,890.6985,887.4486,8.0231,6.6746
X43,0.0947,0.6272,0.4411,0.006235,0.0,0.2798,0.3099,0.069,0.0501
X38,-0.1025,0.6226,-0.4777,0.000206,0.0,719.818,119.1818,1287.4203,262.0343
X25,0.0837,0.6217,0.3885,0.000305,0.444,16.028,17.2387,3.1425,2.5442
X46,-0.0501,0.6189,-0.2328,0.019045,0.0,0.0028,0.0013,0.0068,0.0009
X23,-0.0864,0.6185,-0.4013,0.001123,0.444,28.8008,27.1856,4.0789,2.7715
X44,0.0635,0.6155,0.2953,3.4e-05,0.0,0.0904,0.112,0.0737,0.0568
X45,0.0842,0.6112,0.3919,0.0056,0.0,11.0305,20.7986,24.8638,26.1116
X28,-0.0501,0.6047,-0.2327,6.3e-05,0.0,4.7565,4.6166,0.6159,0.1232
X1,0.0549,0.6038,0.2548,0.013264,0.0,1027.5674,1055.1796,109.6463,79.348
X9,0.1159,0.5893,0.541,6.1e-05,0.0,460.6344,482.4612,41.2474,12.9458
X2,-0.0568,0.5831,-0.2638,0.049382,0.0,578.36,517.2038,233.0471,205.9491
X11,0.0645,0.5824,0.2996,0.010817,0.0,32.1711,33.1667,3.2961,3.8133
X17,-0.0637,0.5819,-0.2959,0.055445,0.0,1157.735,1153.4749,14.318,15.853
X19,-0.0741,0.5721,-0.3445,0.016932,0.0,1360.6129,1311.6457,143.352,115.5065
X40,-0.0644,0.5667,-0.2991,0.179836,0.0,61.9339,60.7879,3.8788,2.7373
X47,-0.0122,0.566,-0.0567,0.15435,0.0,0.051,0.0485,0.0447,0.0434
X27,0.0367,0.5606,0.1698,0.086636,0.444,10.3424,10.5688,1.3402,1.188
X26,0.0396,0.5566,0.1833,0.139767,0.518,13.1967,13.4684,1.4997,1.0847
X21,-0.0279,0.549,-0.1293,0.234567,0.074,677.2526,665.4926,91.8801,70.7334
X48,-0.0557,0.5451,-0.2575,0.239376,0.962,0.0073,0.0041,0.0126,0.0096
X12,-0.0378,0.5352,-0.1755,0.561451,0.0,48.1919,46.5043,9.7218,7.2028
X20,-0.0114,0.5276,-0.0527,0.291677,0.0,571.537,564.9686,124.3041,129.8083
X14,0.0292,0.5254,0.1354,0.036122,0.0,599.5532,603.7501,31.3489,22.7019
X3,0.0013,0.5099,0.006,0.779021,0.0,538.3329,539.1509,136.1635,117.8378
