CoilID,Y
2,0
9,0
14,0
15,1
21,0
22,0
27,0
35,0
38,1
41,1
54,0
65,0
96,1
100,1
104,0
107,0
112,1
121,1
131,0
132,1
140,0
144,0
153,0
156,0
160,1
161,0
162,1
170,0
171,1
176,1
196,1
197,0
199,1
207,0
210,0
211,1
212,0
215,1
216,1
217,0
226,0
229,1
235,0
239,1
240,1
246,1
252,1
257,1
264,1
265,0
274,1
275,1
282,1
289,0
292,0
297,1
302,1
307,1
309,0
329,1
331,0
344,0
351,0
358,0
361,1
376,1
397,0
398,0
403,0
404,0
406,0
410,0
411,1
416,1
419,1
420,0
421,0
422,0
425,0
437,0
457,0
459,1
462,0
474,1
477,1
481,0
485,0
488,1
491,0
494,0
496,0
500,1
507,0
511,0
515,0
528,1
532,1
537,0
538,0
539,1
551,0
555,0
571,1
582,0
586,0
593,1
599,1
600,1
601,1
602,1
614,1
622,1
625,0
631,1
639,1
648,0
654,1
666,1
670,0
675,0
682,1
683,0
684,0
685,0
691,1
692,1
693,1
694,1
704,1
705,0
711,0
730,1
732,1
735,0
736,0
747,0
748,0
751,0
759,1
770,0
776,1
781,0
797,0
802,0
803,1
804,1
806,1
822,1
826,1
829,1
835,1
836,0
838,0
841,0
853,0
856,0
857,1
859,0
862,0
866,0
867,0
877,0
883,0
893,0
897,0
902,1
917,0
919,0
923,0
926,1
933,0
934,1
940,0
941,0
943,0
946,0
954,0
958,1
961,0
962,0
972,1
979,0
994,1
996,0
1019,0
1022,0
1023,0
1024,0
1025,0
1027,0
1028,0
1040,1
1043,0
1049,0
1063,1
1073,1
1082,0
1085,0
1087,0
1088,1
1090,0
1091,1
1092,0
1095,0
1097,1
1100,1
1111,1
1117,1
1118,1
1124,1
1129,1
1132,1
1133,1
1137,1
1138,1
1145,0
1150,0
1157,0
1161,0
1170,0
1179,0
1183,1
1184,1
1187,1
1189,0
1202,0
1203,0
1206,0
1209,0
1210,0
1215,0
1216,0
1223,1
1227,1
1232,1
1233,1
1234,1
1238,0
1242,1
1251,0
1260,0
1263,0
1264,0
1266,1
1274,0
1287,0
1295,0
1298,0
1304,1
1318,0
1321,1
1328,0
1330,0
1334,0
1336,0
1337,0
1344,1
1346,1
1347,0
1355,0
1362,1
1371,0
1374,1
1377,1
1380,1
1386,1
1392,1
1401,0
1407,0
1412,1
1417,1
1418,1
1425,1
1426,1
1429,1
1434,1
1442,0
1444,1
1448,0
1450,1
1452,0
1453,1
1460,1
1463,0
1468,1
1471,0
1477,0
1478,0
1481,0
1482,0
1489,1
1491,0
1492,0
1494,1
1498,1
1506,1
1511,0
1513,0
1520,0
1526,0
1534,1
1537,0
1540,1
1542,0
1547,0
1548,1
1556,1
1557,0
1560,0
1561,1
1562,1
1565,1
1567,1
1568,1
1570,1
1582,1
1583,1
1589,1
1591,1
1592,1
1593,1
1594,1
1597,1
1598,1
1602,0
1607,0
1611,1
1616,0
1617,0
1627,0
1630,0
1643,1
1647,0
1650,0
1651,0
1663,0
1666,0
1676,0
1688,1
