CoilID,v4_proba,ag_proba,v4_rank,ag_rank,blend_rank,blend_rank_pos,v4_flagged
1187,0.4238298012989864,0.392045,9.0,4.0,6.5,1,1
532,0.3801735022883655,0.651065,16.0,2.0,9.0,2,1
282,0.42143748495613753,0.1752,10.0,24.0,17.0,3,1
776,0.11881062302295511,0.381651,60.0,7.0,33.5,4,1
1189,0.1931252469468619,0.128478,41.0,30.0,35.5,5,1
239,0.22521361164024958,0.072103,35.0,41.0,38.0,6,1
826,0.13557189058546681,0.169427,53.0,26.0,39.5,7,1
246,0.11227010591061722,0.277374,65.0,14.0,39.5,8,1
1184,0.11387036164282613,0.253712,63.0,17.0,40.0,9,1
867,0.21554046443541952,0.045222,37.0,56.0,46.5,10,1
730,0.07121184121272636,0.288031,85.0,12.0,48.5,11,1
1097,0.08495045874652003,0.182485,76.0,22.0,49.0,12,1
1137,0.07034065962622532,0.264817,86.0,16.0,51.0,13,1
302,0.09859715110713904,0.105617,68.0,34.0,51.0,14,1
153,0.14132888154562165,0.049174,50.0,53.0,51.5,15,1
1183,0.07785870786138223,0.170037,79.0,25.0,52.0,16,1
694,0.0435264210851062,0.386849,102.0,5.0,53.5,17,1
403,0.12170299808197779,0.051403,58.0,50.0,54.0,18,1
972,0.0985670373919645,0.088941,70.0,39.0,54.5,19,1
919,0.2928499648198816,0.026068,28.0,83.0,55.5,20,1
853,0.16846332535242164,0.029485,44.0,73.0,58.5,21,1
197,0.17784544541562056,0.027291,43.0,76.0,59.5,22,1
797,0.07817558784702218,0.071661,78.0,42.0,60.0,23,1
1251,0.37849804322880054,0.018344,17.0,110.0,63.5,24,0
941,0.26500178711141137,0.022693,32.0,96.0,64.0,25,1
857,0.15956611210930888,0.026098,46.0,82.0,64.0,26,1
297,0.02596322985364915,0.332692,124.0,10.0,67.0,27,1
421,0.265045796089728,0.020386,31.0,104.0,67.5,28,1
923,0.27728817140647144,0.020187,29.0,106.0,67.5,29,1
1095,0.09970473896366353,0.032553,67.0,69.0,68.0,30,0
1091,0.020856380448356294,0.385159,133.0,6.0,69.5,31,1
481,0.415822245189574,0.014667,11.0,128.0,69.5,32,1
1027,0.3868119872500095,0.014823,15.0,126.0,70.5,33,1
836,0.09859354087388891,0.029254,69.0,74.0,71.5,34,1
586,0.1046592092945348,0.026587,66.0,79.0,72.5,35,1
1179,0.047507205562497226,0.061214,98.0,48.0,73.0,36,1
215,0.03926792575616768,0.069869,106.0,43.0,74.5,37,1
933,0.0280683228726627,0.114342,118.0,33.0,75.5,38,1
822,0.019653447483615714,0.285261,140.0,13.0,76.5,39,1
759,0.019837048850114523,0.238984,138.0,18.0,78.0,40,1
264,0.20539122653099237,0.015741,39.0,121.0,80.0,41,0
1087,0.07758591099643106,0.026213,80.0,81.0,80.5,42,1
144,0.07162401707265413,0.026974,84.0,78.0,81.0,43,1
156,0.04827443744635816,0.035346,97.0,66.0,81.5,44,1
803,0.020821113152945547,0.130486,134.0,29.0,81.5,45,1
1491,0.07434059704689303,0.024932,81.0,89.0,85.0,46,1
9,0.40635305596535076,0.010828,13.0,157.0,85.0,47,1
917,0.08624538896128786,0.021955,75.0,97.0,86.0,48,1
747,0.13436606166128268,0.01594,55.0,120.0,87.5,49,0
835,0.01419357064255532,0.209986,155.0,20.0,87.5,50,1
877,0.14205908565349384,0.014773,49.0,127.0,88.0,51,1
748,0.13458997323495914,0.015205,54.0,123.0,88.5,52,0
1346,0.012119121594813442,0.308755,169.0,11.0,90.0,53,1
994,0.017412734765389355,0.102062,145.0,36.0,90.5,54,1
1023,0.02034158906357665,0.064929,136.0,46.0,91.0,55,1
582,0.02793300793204484,0.03694,119.0,64.0,91.5,56,1
411,0.4241107231684412,0.009222,8.0,183.0,95.5,57,0
477,0.0905513744647155,0.016031,72.0,119.0,95.5,58,0
866,0.2713710954644979,0.010399,30.0,162.0,96.0,59,0
996,0.01200392178048279,0.184726,171.0,21.0,96.0,60,1
96,0.01979082397597148,0.048638,139.0,54.0,96.5,61,1
1232,0.16335414364929263,0.011083,45.0,155.0,100.0,62,0
1092,0.24699490099788246,0.009833,34.0,170.0,102.0,63,0
27,0.3080539857619963,0.009053,25.0,187.0,106.0,64,1
161,0.017949925952566687,0.031196,143.0,71.0,107.0,65,1
859,0.014043784132425621,0.043197,156.0,59.0,107.5,66,1
1355,0.12277248107592435,0.010572,57.0,159.0,108.0,67,1
15,0.3543396107546208,0.008459,20.0,197.0,108.5,68,0
274,0.010091286509707028,0.33794,209.0,9.0,109.0,69,1
691,0.01058360305307996,0.166851,191.0,27.0,109.0,70,1
1630,0.5426183612927701,0.007377,2.0,217.0,109.5,71,0
121,0.01091476503273357,0.119665,189.0,31.0,110.0,72,1
654,0.009785891226614014,0.687165,221.0,1.0,111.0,73,1
1157,0.12037899533995158,0.010333,59.0,165.0,112.0,74,1
1602,0.05772321147754328,0.013776,91.0,134.0,112.5,75,1
897,0.02252591409346467,0.022916,130.0,95.0,112.5,76,1
171,0.030923907563596798,0.016795,112.0,115.0,113.5,77,0
217,0.019534898564508497,0.025403,141.0,86.0,113.5,78,1
21,0.04261552181219412,0.014831,103.0,125.0,114.0,79,1
829,0.01012499013041671,0.177835,208.0,23.0,115.5,80,1
528,0.02677426604754688,0.017455,122.0,113.0,117.5,81,1
692,0.4773763722939689,0.00664,3.0,233.0,118.0,82,0
648,0.05839424579713692,0.011679,90.0,148.0,119.0,83,0
162,0.011716244168787209,0.03604,173.0,65.0,119.0,84,1
54,0.01444791974040445,0.025609,154.0,85.0,119.5,85,1
958,0.009402747555984938,0.43814,238.0,3.0,120.5,86,1
599,0.45592287587266106,0.006597,5.0,237.0,121.0,87,0
376,0.009568830728901074,0.268244,229.0,15.0,122.0,88,1
1111,0.009454424806829339,0.380438,236.0,8.0,122.0,89,1
494,0.028918220210155166,0.014567,116.0,129.0,122.5,90,1
176,0.016756001933822755,0.020833,146.0,102.0,124.0,91,1
1371,0.4106054081944487,0.0066,12.0,236.0,124.0,92,0
404,0.013310403985371777,0.024524,160.0,90.0,125.0,93,1
1150,0.03449089181982468,0.01223,108.0,142.0,125.0,94,1
1511,0.09017904068500815,0.009414,73.0,178.0,125.5,95,0
240,0.1405225992071991,0.00798,51.0,202.0,126.5,96,0
1022,0.010279958908140045,0.052554,204.0,49.0,126.5,97,1
289,0.028104087069260632,0.012965,117.0,137.0,127.0,98,1
1063,0.010965912839105215,0.034596,188.0,68.0,128.0,99,1
488,0.22354682263334294,0.007239,36.0,221.0,128.5,100,0
946,0.031215776620982856,0.011992,111.0,146.0,128.5,101,0
961,0.017533500172924116,0.016646,144.0,116.0,130.0,102,1
1494,0.011057755046912223,0.027816,186.0,75.0,130.5,103,1
1448,0.05109663961704687,0.010036,95.0,167.0,131.0,104,0
1520,0.02345449954607879,0.013307,128.0,135.0,131.5,105,1
210,0.31208478179548543,0.006521,24.0,243.0,133.5,106,0
1616,0.4718743569905593,0.006001,4.0,264.0,134.0,107,0
883,0.009896184549806527,0.049463,217.0,52.0,134.5,108,1
344,0.01124809928817604,0.024972,181.0,88.0,134.5,109,1
1132,0.20487833657141064,0.006834,40.0,229.0,134.5,110,0
806,0.0095542227173047,0.091933,231.0,38.0,134.5,111,1
537,0.02750237075582258,0.01143,120.0,152.0,136.0,112,1
1304,0.023433509078432602,0.01215,129.0,145.0,137.0,113,0
1287,0.32691915870502714,0.006357,23.0,252.0,137.5,114,1
140,0.011192360403937647,0.023052,182.0,94.0,138.0,115,1
1138,0.009392508198001817,0.096663,240.0,37.0,138.5,116,1
1242,0.2611748078441588,0.006464,33.0,245.0,139.0,117,0
622,0.010011968683683084,0.034748,213.0,67.0,140.0,118,1
275,0.009233189594311407,0.114357,249.0,32.0,140.5,119,1
732,0.02520277063145519,0.010801,126.0,158.0,142.0,120,0
711,0.011016726614705302,0.021356,187.0,99.0,143.0,121,1
112,0.008826814217894873,0.232725,267.0,19.0,143.0,122,1
682,0.07372841346226101,0.007942,82.0,206.0,144.0,123,0
1344,0.02507277758943552,0.010373,127.0,163.0,145.0,124,0
1377,0.3494029018514562,0.005959,21.0,269.0,145.0,125,0
1548,0.20829192198923335,0.006204,38.0,255.0,146.5,126,0
902,0.009306760618356048,0.051163,243.0,51.0,147.0,127,1
496,0.01450427891731596,0.012208,153.0,144.0,148.5,128,1
1124,0.08139621036532148,0.007065,77.0,223.0,150.0,129,0
1209,0.4418895879482069,0.005392,6.0,295.0,150.5,130,0
1607,0.3721548743759864,0.005683,18.0,284.0,151.0,131,0
856,0.009659853788003612,0.027179,225.0,77.0,151.0,132,1
940,0.009551043179582278,0.031864,232.0,70.0,151.0,133,1
1492,0.010288685342247837,0.02135,203.0,100.0,151.5,134,1
216,0.12657570737345542,0.006411,56.0,248.0,152.0,135,0
410,0.05038267838970808,0.007871,96.0,208.0,152.0,136,0
1598,0.44114063045021307,0.005298,7.0,298.0,152.5,137,0
212,0.012227510056133612,0.012689,166.0,139.0,152.5,138,0
802,0.009153682178304144,0.04107,251.0,60.0,155.5,139,1
675,0.11398596089087723,0.006362,62.0,251.0,156.5,140,0
257,0.012219173758819988,0.011702,167.0,147.0,157.0,141,0
838,0.19057539684349073,0.005828,42.0,275.0,158.5,142,0
1040,0.0163335836008802,0.009809,148.0,171.0,159.5,143,0
1170,0.008604034515817652,0.137357,295.0,28.0,161.5,144,1
1100,0.008686646193293974,0.066336,279.0,45.0,162.0,145,1
459,0.009949258721128262,0.017965,215.0,111.0,163.0,146,1
1597,0.34799280214680317,0.005187,22.0,306.0,164.0,147,0
437,0.3064588555297187,0.005202,26.0,304.0,165.0,148,0
1028,0.010439744414620164,0.013953,199.0,132.0,165.5,149,1
235,0.05768439259859641,0.006568,92.0,239.0,165.5,150,0
507,0.008630256504806222,0.069771,287.0,44.0,165.5,151,1
1513,0.027491343564230247,0.007678,121.0,211.0,166.0,152,0
736,0.008782972372300194,0.037872,271.0,62.0,166.5,153,1
1666,0.014738195659622266,0.009238,152.0,182.0,167.0,154,0
491,0.01109677218238522,0.011635,185.0,150.0,167.5,155,0
1468,0.5898230783001713,0.004432,1.0,335.0,168.0,156,0
1583,0.39345870832640817,0.004775,14.0,324.0,169.0,157,0
1547,0.15041966786509336,0.005475,47.0,292.0,169.5,158,0
1506,0.02107317464162659,0.007935,132.0,207.0,169.5,159,0
625,0.025239839602266452,0.0076,125.0,214.0,169.5,160,0
1085,0.01019990618822737,0.013809,207.0,133.0,170.0,161,1
132,0.012420557487197836,0.009645,165.0,176.0,170.5,162,0
1202,0.026609093219130853,0.007322,123.0,218.0,170.5,163,0
1570,0.116565543354297,0.005774,61.0,281.0,171.0,164,0
841,0.00940901946912727,0.020376,237.0,105.0,171.0,165,1
1651,0.11336783905993716,0.005782,64.0,279.0,171.5,166,0
1565,0.2993309937289871,0.004968,27.0,316.0,171.5,167,0
2,0.045716679376199776,0.006505,100.0,244.0,172.0,168,0
862,0.012433931498174292,0.009347,164.0,180.0,172.0,169,0
107,0.0295517937971554,0.006766,115.0,230.0,172.5,170,0
1463,0.3700804115464713,0.004735,19.0,326.0,172.5,171,0
1024,0.009271641209434875,0.020508,246.0,103.0,174.5,172,1
416,0.01149113875237685,0.009702,177.0,175.0,176.0,173,0
631,0.008354872592532581,0.103585,318.0,35.0,176.5,174,1
614,0.013405486911991431,0.008755,159.0,194.0,176.5,175,0
804,0.008412209053255348,0.075228,313.0,40.0,176.5,176,1
1025,0.008587004286473517,0.043241,296.0,58.0,177.0,177,1
1540,0.03220522207505871,0.006454,110.0,246.0,178.0,178,0
1145,0.009620431549176764,0.013983,226.0,131.0,178.5,179,1
735,0.008942345904700019,0.021764,260.0,98.0,179.0,180,1
1434,0.03952604854654805,0.006235,105.0,254.0,179.5,181,0
160,0.008513296510523289,0.046571,305.0,55.0,180.0,182,1
398,0.1464343432079896,0.005037,48.0,313.0,180.5,183,0
1049,0.012545410175472152,0.008124,163.0,200.0,181.5,184,0
292,0.010482540004318993,0.010102,197.0,166.0,181.5,185,1
684,0.01151929509235913,0.00897,176.0,189.0,182.5,186,1
1560,0.07183382388361673,0.005679,83.0,285.0,184.0,187,0
1238,0.14013184998213038,0.004915,52.0,319.0,185.5,188,0
1073,0.008391561465021135,0.044692,314.0,57.0,185.5,189,1
500,0.00829711959986354,0.061288,325.0,47.0,186.0,190,1
14,0.00860984439908124,0.026431,293.0,80.0,186.5,191,1
1477,0.009468352552129591,0.012539,234.0,141.0,187.5,192,0
1452,0.061147635993099726,0.00561,89.0,287.0,188.0,193,0
170,0.02041274811201408,0.006524,135.0,242.0,188.5,194,0
962,0.008710051138181437,0.02106,276.0,101.0,188.5,195,1
457,0.011764516255901442,0.007797,172.0,210.0,191.0,196,0
462,0.008604702699021947,0.023287,294.0,91.0,192.5,197,1
1663,0.04610263249029599,0.005577,99.0,289.0,194.0,198,0
1478,0.010732139383710934,0.008209,190.0,199.0,194.5,199,0
1266,0.011653197770165847,0.007399,175.0,215.0,195.0,200,0
1643,0.02966077254761963,0.005812,114.0,277.0,195.5,201,0
539,0.009598490909329137,0.010342,227.0,164.0,195.5,202,0
1019,0.008642804494291872,0.020058,285.0,107.0,196.0,203,1
693,0.008655621361406754,0.018444,284.0,109.0,196.5,204,1
1227,0.06210579179005922,0.005198,88.0,305.0,196.5,205,0
1336,0.04482649482948122,0.005471,101.0,293.0,197.0,206,0
943,0.008164623596485121,0.038937,334.0,61.0,197.5,207,1
670,0.008655961301780752,0.017646,283.0,112.0,197.5,208,0
511,0.008489633797106756,0.025036,308.0,87.0,197.5,209,1
1481,0.010013252308468053,0.009121,211.0,184.0,197.5,210,0
425,0.054776480198251966,0.005206,93.0,303.0,198.0,211,0
309,0.013266874022798117,0.006624,161.0,235.0,198.0,212,0
1556,0.06420112679187304,0.005129,87.0,309.0,198.0,213,0
666,0.010212658487189833,0.00885,206.0,191.0,198.5,214,0
551,0.0877315880488784,0.004835,74.0,323.0,198.5,215,0
1161,0.009917495198335399,0.009313,216.0,181.0,198.5,216,1
358,0.008264805418610324,0.030927,327.0,72.0,199.5,217,1
1298,0.01950021897890098,0.006132,142.0,259.0,200.5,218,1
22,0.008073014646921412,0.037583,339.0,63.0,201.0,219,1
1401,0.09331938529953625,0.004564,71.0,333.0,202.0,220,0
131,0.01666850613853944,0.006152,147.0,258.0,202.5,221,0
1647,0.010554673596510947,0.007665,194.0,212.0,203.0,222,0
685,0.009881305860957932,0.00899,218.0,188.0,203.0,223,1
1392,0.05424835094969729,0.005065,94.0,312.0,203.0,224,0
207,0.008612633941867709,0.016153,291.0,118.0,204.5,225,1
35,0.008370594959252122,0.02316,316.0,93.0,204.5,226,1
1498,0.008271560212057542,0.025632,326.0,84.0,205.0,227,1
781,0.008528839867207089,0.018979,302.0,108.0,205.0,228,1
65,0.008353371419105887,0.023272,319.0,92.0,205.5,229,1
1274,0.009772586005670597,0.008945,222.0,190.0,206.0,230,1
538,0.0089654073674948,0.011151,259.0,154.0,206.5,231,0
265,0.009363310704278904,0.009743,241.0,174.0,207.5,232,1
397,0.008512011290490541,0.017429,306.0,114.0,210.0,233,1
1591,0.016156740349569994,0.005885,149.0,271.0,210.0,234,0
1206,0.008865769414702804,0.01104,265.0,156.0,210.5,235,0
1450,0.013678090631212897,0.005996,157.0,265.0,211.0,236,0
1330,0.00995912215946219,0.007836,214.0,209.0,211.5,237,0
1453,0.010014846377707215,0.007638,210.0,213.0,211.5,238,0
704,0.030551526054653187,0.0051,113.0,310.0,211.5,239,0
361,0.009396187937065986,0.009107,239.0,185.0,212.0,240,1
1568,0.04123281615656775,0.004874,104.0,320.0,212.0,241,0
1264,0.00862376315485719,0.012611,288.0,140.0,214.0,242,1
602,0.02186516817916368,0.005336,131.0,297.0,214.0,243,0
1318,0.008691286383736467,0.011613,278.0,151.0,214.5,244,0
1482,0.009529837745866727,0.008307,233.0,198.0,215.5,245,0
1088,0.008966284003913144,0.009777,258.0,173.0,215.5,246,1
211,0.011389306008947522,0.006185,180.0,256.0,218.0,247,0
351,0.015867873087789326,0.00563,150.0,286.0,218.0,248,0
1542,0.019965530911240537,0.005231,137.0,300.0,218.5,249,0
1090,0.009287102941504189,0.008501,244.0,196.0,220.0,250,0
1688,0.03867522311779506,0.004239,107.0,339.0,223.0,251,0
1594,0.03351042747890533,0.00432,109.0,337.0,223.0,252,0
1374,0.008365035587471075,0.014344,317.0,130.0,223.5,253,0
1216,0.008175395547425553,0.016428,332.0,117.0,224.5,254,1
1210,0.008697029158882544,0.009782,277.0,172.0,224.5,255,0
1260,0.008552844125663933,0.011656,301.0,149.0,225.0,256,1
1526,0.008670900710372261,0.009862,282.0,169.0,225.5,257,1
331,0.008258839135267263,0.015268,329.0,122.0,225.5,258,1
422,0.008235061567196353,0.014965,330.0,124.0,227.0,259,1
100,0.01110592376644141,0.005839,184.0,272.0,228.0,260,0
1386,0.010364113881319238,0.006169,200.0,257.0,228.5,261,0
1215,0.00837132935113554,0.012228,315.0,143.0,229.0,262,0
1347,0.010577503803554659,0.005993,192.0,266.0,229.0,263,1
1117,0.008672066063078602,0.00941,281.0,179.0,230.0,264,0
979,0.008319492084785782,0.012837,322.0,138.0,230.0,265,1
1263,0.008301665309892878,0.01317,324.0,136.0,230.0,266,1
104,0.010473817453620474,0.006033,198.0,263.0,230.5,267,0
1295,0.008710077274784478,0.009068,275.0,186.0,230.5,268,1
1223,0.012152735272956414,0.005394,168.0,294.0,231.0,269,0
1537,0.015760925521458368,0.005096,151.0,311.0,231.0,270,0
1234,0.01056998662416377,0.005918,193.0,270.0,231.5,271,0
770,0.00893300200057481,0.00797,261.0,203.0,232.0,272,1
751,0.008751855785029673,0.008844,273.0,192.0,232.5,273,1
1489,0.008557470170090242,0.009961,300.0,168.0,234.0,274,0
893,0.009150190768082881,0.007391,252.0,216.0,234.0,275,0
1412,0.00959768085809928,0.006528,228.0,241.0,234.5,276,1
1444,0.008432953494157024,0.010512,311.0,160.0,235.5,277,0
1133,0.010269218786280914,0.005981,205.0,267.0,236.0,278,0
934,0.008337452020170789,0.011353,320.0,153.0,236.5,279,0
600,0.012118198335141786,0.005159,170.0,307.5,238.75,280,0
1418,0.00903757121762989,0.006958,254.0,226.0,240.0,281,0
1043,0.00905862411928856,0.006902,253.0,227.5,240.25,282,0
474,0.011402504486519905,0.005213,179.0,302.0,240.5,283,0
1617,0.011711686004985674,0.005159,174.0,307.5,240.75,284,0
329,0.010298941666655145,0.00578,202.0,280.0,241.0,285,0
1676,0.0105295264052797,0.005602,195.0,288.0,241.5,286,0
1417,0.009718043706365503,0.00611,224.0,262.0,243.0,287,0
571,0.008609933825259115,0.008604,292.0,195.0,243.5,288,0
485,0.008484357875884115,0.009565,310.0,177.0,243.5,289,0
954,0.008262482497412404,0.010509,328.0,161.0,244.5,290,0
926,0.008580624967625036,0.008809,297.0,193.0,245.0,291,0
1321,0.00974202513039712,0.005961,223.0,268.0,245.5,292,0
515,0.008850446764529873,0.006963,266.0,225.0,245.5,293,0
38,0.010356643725410718,0.005509,201.0,291.0,246.0,294,0
420,0.011450092771343297,0.004988,178.0,314.0,246.0,295,0
1460,0.013478679831371321,0.004356,158.0,336.0,247.0,296,0
307,0.012713081622167888,0.0046,162.0,332.0,247.0,297,0
1334,0.009245916293898617,0.00638,248.0,250.0,249.0,298,0
1611,0.00887405996404006,0.006631,264.0,234.0,249.0,299,0
419,0.009856133759600042,0.005763,219.0,282.0,250.5,300,0
1592,0.00955956135391899,0.005835,230.0,274.0,252.0,301,0
705,0.008516652117566307,0.008033,304.0,201.0,252.5,302,0
683,0.00863224506549455,0.007293,286.0,219.0,252.5,303,0
1118,0.008819103361278608,0.006561,268.0,240.0,254.0,304,0
1380,0.008901927641598707,0.006405,262.0,249.0,255.5,305,0
1589,0.011107125191975629,0.004682,183.0,328.0,255.5,306,0
1082,0.008995498234946263,0.006124,257.0,260.0,258.5,307,0
593,0.009318685063163861,0.005786,242.0,278.0,260.0,308,0
1582,0.010492724700138227,0.00466,196.0,329.0,262.5,309,0
1425,0.009208448817881706,0.005815,250.0,276.0,263.0,310,0
639,0.00832848395573727,0.007954,321.0,205.0,263.0,311,0
226,0.008620033529738714,0.006574,290.0,238.0,264.0,312,0
1562,0.009255225785055261,0.005712,247.0,283.0,265.0,313,0
1362,0.008522781259300522,0.006706,303.0,231.0,267.0,314,0
199,0.00872436495580557,0.006116,274.0,261.0,267.5,315,0
41,0.008622884004911163,0.006453,289.0,247.0,268.0,316,0
252,0.00848672325445747,0.006902,309.0,227.5,268.25,317,0
196,0.008143850745763513,0.007963,335.0,204.0,269.5,318,0
1337,0.010012132231300392,0.004636,212.0,330.0,271.0,319,0
406,0.008413789772736211,0.006644,312.0,232.0,272.0,320,0
229,0.008572986537380978,0.006319,298.0,253.0,275.5,321,0
1442,0.008215896223482701,0.00712,331.0,222.0,276.5,322,0
1627,0.009006760979736014,0.005262,255.0,299.0,277.0,323,0
1233,0.008107394677766291,0.007284,337.0,220.0,278.5,324,0
1328,0.009816639324482273,0.004288,220.0,338.0,279.0,325,0
1426,0.008108184449391731,0.007043,336.0,224.0,280.0,326,0
1650,0.00879529881598791,0.005347,270.0,296.0,283.0,327,0
555,0.009465231268272058,0.004494,235.0,334.0,284.5,328,0
601,0.009280792902801902,0.004723,245.0,327.0,286.0,329,0
1429,0.009000541158000086,0.004866,256.0,322.0,289.0,330,0
1203,0.008678393110378161,0.005218,280.0,301.0,290.5,331,0
1471,0.008877348574539016,0.004749,263.0,325.0,294.0,332,0
1557,0.00881411506143967,0.004867,269.0,321.0,295.0,333,0
1593,0.008773820398452679,0.004622,272.0,331.0,301.5,334,0
1129,0.008168208884931628,0.005837,333.0,273.0,303.0,335,0
1534,0.008561935784222457,0.004928,299.0,317.5,308.25,336,0
1561,0.00850000039554744,0.004928,307.0,317.5,312.25,337,0
1407,0.008096164362378625,0.005539,338.0,290.0,314.0,338,0
1567,0.008315054650459971,0.00498,323.0,315.0,319.0,339,0
