timestamp,asset_id,source_system,fault_code,severity,incident_id,message
2025-01-02 03:57:00,CCM.SEG.07,HMI,LUBE_LOW_INFO,INFO,,Nuisance/info event
2025-01-02 04:03:00,MS.LDC.CRN01,CMS,COMM_TIMEOUT,INFO,,Nuisance/info event
2025-01-02 10:22:10,RM.CONV.ORE01,CMS,COMM_TIMEOUT,WARNING,,Nuisance/info event
2025-01-03 18:14:55,HSM.DSC.PMP01,CMS,SENSOR_GLITCH,INFO,,Nuisance/info event
2025-01-04 07:41:32,SP.SINT.FAN01,SCADA,LUBE_LOW_INFO,INFO,,Nuisance/info event
2025-01-04 22:06:01,RHF.ZONE.SOAK,SCADA,COMM_TIMEOUT,INFO,,Nuisance/info event
2025-01-05 04:02:14,RM.CONV.ORE01,SCADA,SENSOR_GLITCH,INFO,,Nuisance/info event
2025-01-05 04:11:27,EAF.AUX.HYD01,PLC,SENSOR_GLITCH,WARNING,,Nuisance/info event
2025-01-05 06:15:35,RHF.ZONE.SOAK,SCADA,LUBE_LOW_INFO,INFO,,Nuisance/info event
2025-01-05 19:02:14,HSM.F1.MTR01,CMS,HMI_WARN,WARNING,,Nuisance/info event
2025-01-05 22:59:41,BF.BLW.FAN01,SCADA,DOOR_OPEN,INFO,,Nuisance/info event
2025-01-06 20:12:29,SP.SINT.FAN01,PLC,LUBE_LOW_INFO,WARNING,,Nuisance/info event
2025-01-07 13:39:01,RM.CONV.ORE01,PLC,DOOR_OPEN,WARNING,,Nuisance/info event
2025-01-07 14:18:32,EAF.AUX.HYD01,PLC,DOOR_OPEN,INFO,,Nuisance/info event
2025-01-07 20:28:45,SP.SINT.FAN01,HMI,CAL_DUE,INFO,,Nuisance/info event
2025-01-07 20:55:32,HSM.F1.GBX01,CMS,LUBE_LOW_INFO,INFO,,Nuisance/info event
2025-01-08 12:36:00,BF.CW.PMP02,CMS,BRG-TEMP-ALARM,WARNING,INC-0009,BRG-TEMP-ALARM on BF.CW.PMP02 (escalating to INC-0009)
2025-01-08 18:31:55,HSM.DSC.PMP01,HMI,COMM_TIMEOUT,INFO,,Nuisance/info event
2025-01-08 21:00:00,SP.SINT.FAN01,PLC,VIB-1X-ALARM,WARNING,INC-0114,VIB-1X-ALARM on SP.SINT.FAN01 (escalating to INC-0114)
2025-01-09 07:38:04,HSM.F1.GBX01,HMI,COMM_TIMEOUT,INFO,,Nuisance/info event
2025-01-09 15:54:25,HSM.F1.GBX01,PLC,COMM_TIMEOUT,INFO,,Nuisance/info event
2025-01-09 20:17:00,HSM.STD.R1,PLC,HMI_WARN,WARNING,,Nuisance/info event
2025-01-09 20:41:56,HSM.F1.MTR01,SCADA,CAL_DUE,WARNING,,Nuisance/info event
2025-01-09 23:21:03,MS.LDC.CRN01,SCADA,HMI_WARN,WARNING,,Nuisance/info event
2025-01-10 01:54:04,EAF.AUX.HYD01,CMS,SENSOR_GLITCH,INFO,,Nuisance/info event
2025-01-11 01:48:42,BF.CW.PMP02,SCADA,SENSOR_GLITCH,WARNING,,Nuisance/info event
2025-01-11 23:00:00,BF.CW.PMP02,HMI,VIB-1X-ALARM,ALARM,INC-0009,VIB-1X-ALARM on BF.CW.PMP02 (escalating to INC-0009)
2025-01-11 23:44:09,CCM.SEG.07,SCADA,DOOR_OPEN,INFO,,Nuisance/info event
2025-01-12 04:11:35,CRM.AGC.SV01,HMI,SENSOR_GLITCH,INFO,,Nuisance/info event
2025-01-12 11:00:00,SP.SINT.FAN01,PLC,IMBALANCE-SHED,ALARM,INC-0114,IMBALANCE-SHED on SP.SINT.FAN01 (escalating to INC-0114)
2025-01-12 21:24:24,CCM.MOLD.01,HMI,DOOR_OPEN,WARNING,,Nuisance/info event
2025-01-12 22:09:50,HSM.DSC.PMP01,PLC,DOOR_OPEN,INFO,,Nuisance/info event
2025-01-13 13:51:16,MS.LDC.CRN01,PLC,DOOR_OPEN,WARNING,,Nuisance/info event
2025-01-13 17:48:14,BF.BLW.FAN01,HMI,LUBE_LOW_INFO,INFO,,Nuisance/info event
2025-01-14 18:21:32,HSM.F1.GBX01,CMS,HMI_WARN,INFO,,Nuisance/info event
2025-01-15 15:16:54,HSM.F3.WR.BRG01,SCADA,COMM_TIMEOUT,WARNING,,Nuisance/info event
2025-01-16 04:24:00,EAF.AUX.HYD01,HMI,HYD-FILT-DP-ALARM,ALARM,INC-0042,HYD-FILT-DP-ALARM on EAF.AUX.HYD01 (escalating to INC-0042)
2025-01-16 20:01:45,HSM.DSC.PMP01,PLC,SENSOR_GLITCH,INFO,,Nuisance/info event
2025-01-16 20:48:01,HSM.F1.GBX01,CMS,HMI_WARN,WARNING,,Nuisance/info event
2025-01-16 22:38:04,CCM.MOLD.01,CMS,SENSOR_GLITCH,INFO,,Nuisance/info event
2025-01-17 04:28:49,CCM.MOLD.01,HMI,LUBE_LOW_INFO,WARNING,,Nuisance/info event
2025-01-17 09:21:18,RHF.ZONE.SOAK,PLC,LUBE_LOW_INFO,WARNING,,Nuisance/info event
2025-01-18 03:45:52,EAF.AUX.HYD01,CMS,CAL_DUE,WARNING,,Nuisance/info event
2025-01-18 10:14:54,RHF.ZONE.SOAK,PLC,SENSOR_GLITCH,INFO,,Nuisance/info event
2025-01-18 21:48:00,RM.CONV.ORE01,PLC,IDLER-US-ALARM,WARNING,INC-0106,IDLER-US-ALARM on RM.CONV.ORE01 (escalating to INC-0106)
2025-01-19 08:28:14,HSM.STD.R1,SCADA,DOOR_OPEN,INFO,,Nuisance/info event
2025-01-19 09:56:25,HSM.STD.R1,HMI,LUBE_LOW_INFO,INFO,,Nuisance/info event
2025-01-19 16:13:27,CRM.AGC.SV01,HMI,COMM_TIMEOUT,INFO,,Nuisance/info event
2025-01-19 17:25:01,CCM.SEG.07,PLC,LUBE_LOW_INFO,WARNING,,Nuisance/info event
2025-01-19 19:46:13,BF.CW.PMP02,HMI,CAL_DUE,WARNING,,Nuisance/info event
2025-01-20 07:00:00,RM.CONV.ORE01,CMS,IDLER-TEMP-FIRE,ALARM,INC-0106,IDLER-TEMP-FIRE on RM.CONV.ORE01 (escalating to INC-0106)
2025-01-20 12:27:35,HSM.STD.R1,CMS,HMI_WARN,INFO,,Nuisance/info event
2025-01-20 17:33:24,BF.BLW.FAN01,HMI,DOOR_OPEN,INFO,,Nuisance/info event
2025-01-20 19:48:05,BF.BLW.FAN01,CMS,DOOR_OPEN,WARNING,,Nuisance/info event
2025-01-20 20:39:48,BF.BLW.FAN01,HMI,LUBE_LOW_INFO,WARNING,,Nuisance/info event
2025-01-21 08:34:20,HSM.F3.WR.BRG01,HMI,CAL_DUE,INFO,,Nuisance/info event
2025-01-21 11:10:52,SP.SINT.FAN01,CMS,LUBE_LOW_INFO,WARNING,,Nuisance/info event
2025-01-21 15:43:17,HSM.STD.R1,SCADA,LUBE_LOW_INFO,WARNING,,Nuisance/info event
2025-01-21 21:42:54,EAF.AUX.HYD01,SCADA,DOOR_OPEN,WARNING,,Nuisance/info event
2025-01-22 00:19:51,HSM.F1.MTR01,SCADA,DOOR_OPEN,WARNING,,Nuisance/info event
2025-01-22 05:28:23,BF.BLW.FAN01,PLC,DOOR_OPEN,WARNING,,Nuisance/info event
2025-01-22 10:29:35,HSM.F1.GBX01,PLC,CAL_DUE,WARNING,,Nuisance/info event
2025-01-22 14:24:09,SP.SINT.FAN01,PLC,COMM_TIMEOUT,WARNING,,Nuisance/info event
2025-01-23 16:54:26,CRM.AGC.SV01,SCADA,SENSOR_GLITCH,INFO,,Nuisance/info event
2025-01-24 04:10:28,CCM.SEG.07,CMS,DOOR_OPEN,WARNING,,Nuisance/info event
2025-01-24 07:12:00,CCM.MOLD.01,PLC,BPS-BREAKOUT-P1,WARNING,INC-0017,BPS-BREAKOUT-P1 on CCM.MOLD.01 (escalating to INC-0017)
2025-01-24 14:51:14,HSM.F1.GBX01,HMI,SENSOR_GLITCH,WARNING,,Nuisance/info event
2025-01-25 00:56:45,RHF.ZONE.SOAK,HMI,CAL_DUE,WARNING,,Nuisance/info event
2025-01-25 05:02:03,SP.SINT.FAN01,SCADA,SENSOR_GLITCH,WARNING,,Nuisance/info event
2025-01-26 10:49:36,CCM.SEG.07,HMI,CAL_DUE,WARNING,,Nuisance/info event
2025-01-26 19:51:46,HSM.STD.R1,HMI,HMI_WARN,WARNING,,Nuisance/info event
2025-01-26 23:34:32,CCM.MOLD.01,CMS,HMI_WARN,WARNING,,Nuisance/info event
2025-01-27 00:00:24,HSM.F1.GBX01,HMI,LUBE_LOW_INFO,INFO,,Nuisance/info event
2025-01-28 03:31:42,HSM.F1.MTR01,HMI,LUBE_LOW_INFO,WARNING,,Nuisance/info event
2025-01-28 05:21:03,RM.CONV.ORE01,SCADA,LUBE_LOW_INFO,WARNING,,Nuisance/info event
2025-01-28 07:40:14,EAF.AUX.HYD01,HMI,DOOR_OPEN,WARNING,,Nuisance/info event
2025-01-29 10:24:00,HSM.F1.GBX01,PLC,GMF-DANGER,WARNING,INC-0058,GMF-DANGER on HSM.F1.GBX01 (escalating to INC-0058)
2025-01-29 13:30:16,CRM.AGC.SV01,HMI,CAL_DUE,WARNING,,Nuisance/info event
2025-01-29 19:58:58,BF.BLW.FAN01,HMI,HMI_WARN,WARNING,,Nuisance/info event
2025-01-30 03:49:51,MS.LDC.CRN01,HMI,CAL_DUE,INFO,,Nuisance/info event
2025-01-30 05:25:22,RHF.ZONE.SOAK,HMI,LUBE_LOW_INFO,INFO,,Nuisance/info event
2025-01-30 05:36:00,MS.LDC.CRN01,SCADA,ROPE-MFL-RETIRE,WARNING,INC-0090,ROPE-MFL-RETIRE on MS.LDC.CRN01 (escalating to INC-0090)
2025-01-30 13:21:04,HSM.STD.R1,HMI,LUBE_LOW_INFO,INFO,,Nuisance/info event
2025-01-30 17:36:00,CCM.MOLD.01,SCADA,TC-VPATTERN,WARNING,INC-0017,TC-VPATTERN on CCM.MOLD.01 (escalating to INC-0017)
2025-01-31 10:33:19,HSM.DSC.PMP01,CMS,SENSOR_GLITCH,INFO,,Nuisance/info event
2025-01-31 10:59:18,HSM.DSC.PMP01,HMI,CAL_DUE,WARNING,,Nuisance/info event
2025-02-01 10:13:41,HSM.F3.WR.BRG01,SCADA,SENSOR_GLITCH,INFO,,Nuisance/info event
2025-02-01 11:07:51,RHF.ZONE.SOAK,HMI,CAL_DUE,INFO,,Nuisance/info event
2025-02-02 07:36:31,RM.CONV.ORE01,PLC,CAL_DUE,INFO,,Nuisance/info event
2025-02-02 08:11:26,CCM.SEG.07,HMI,DOOR_OPEN,WARNING,,Nuisance/info event
2025-02-02 10:02:38,BF.BLW.FAN01,HMI,LUBE_LOW_INFO,WARNING,,Nuisance/info event
2025-02-02 14:00:00,MS.LDC.CRN01,CMS,ROPE-DISCARD-ISO4309,ALARM,INC-0090,ROPE-DISCARD-ISO4309 on MS.LDC.CRN01 (escalating to INC-0090)
2025-02-02 14:55:37,HSM.STD.R1,SCADA,DOOR_OPEN,INFO,,Nuisance/info event
2025-02-02 19:57:59,HSM.DSC.PMP01,CMS,CAL_DUE,WARNING,,Nuisance/info event
2025-02-02 21:28:01,SP.SINT.FAN01,HMI,DOOR_OPEN,WARNING,,Nuisance/info event
2025-02-03 00:02:42,BF.BLW.FAN01,HMI,SENSOR_GLITCH,INFO,,Nuisance/info event
2025-02-03 02:19:38,CCM.MOLD.01,SCADA,SENSOR_GLITCH,INFO,,Nuisance/info event
2025-02-03 02:57:38,SP.SINT.FAN01,CMS,CAL_DUE,INFO,,Nuisance/info event
2025-02-03 04:00:00,HSM.F1.GBX01,CMS,CHIP-DETECT-ALARM,ALARM,INC-0058,CHIP-DETECT-ALARM on HSM.F1.GBX01 (escalating to INC-0058)
2025-02-03 04:00:34,CRM.AGC.SV01,PLC,DOOR_OPEN,WARNING,,Nuisance/info event
2025-02-03 19:09:20,MS.LDC.CRN01,SCADA,LUBE_LOW_INFO,WARNING,,Nuisance/info event
2025-02-03 23:28:24,MS.LDC.CRN01,CMS,CAL_DUE,WARNING,,Nuisance/info event
2025-02-04 08:20:28,SP.SINT.FAN01,SCADA,COMM_TIMEOUT,INFO,,Nuisance/info event
2025-02-04 11:36:49,HSM.F1.MTR01,CMS,HMI_WARN,INFO,,Nuisance/info event
2025-02-04 20:50:47,BF.CW.PMP02,CMS,SENSOR_GLITCH,INFO,,Nuisance/info event
2025-02-04 22:10:45,CRM.AGC.SV01,PLC,DOOR_OPEN,INFO,,Nuisance/info event
2025-02-05 15:21:23,EAF.AUX.HYD01,HMI,COMM_TIMEOUT,INFO,,Nuisance/info event
2025-02-06 03:29:38,RHF.ZONE.SOAK,HMI,COMM_TIMEOUT,INFO,,Nuisance/info event
2025-02-06 04:00:00,CCM.MOLD.01,HMI,OSC-FRICTION-SPIKE,ALARM,INC-0017,OSC-FRICTION-SPIKE on CCM.MOLD.01 (escalating to INC-0017)
2025-02-06 17:54:27,BF.BLW.FAN01,PLC,DOOR_OPEN,WARNING,,Nuisance/info event
2025-02-07 00:06:57,BF.CW.PMP02,SCADA,CAL_DUE,INFO,,Nuisance/info event
2025-02-07 02:26:13,HSM.F3.WR.BRG01,PLC,LUBE_LOW_INFO,WARNING,,Nuisance/info event
2025-02-07 05:48:00,RHF.ZONE.SOAK,SCADA,FLAME-FAIL-CUTOFF,WARNING,INC-0098,FLAME-FAIL-CUTOFF on RHF.ZONE.SOAK (escalating to INC-0098)
2025-02-07 09:11:28,HSM.STD.R1,PLC,COMM_TIMEOUT,INFO,,Nuisance/info event
2025-02-07 19:48:00,HSM.DSC.PMP01,HMI,VIB-SEAL-DANGER,ALARM,INC-0051,VIB-SEAL-DANGER on HSM.DSC.PMP01 (escalating to INC-0051)
2025-02-08 07:27:19,HSM.F1.MTR01,CMS,DOOR_OPEN,INFO,,Nuisance/info event
2025-02-08 16:11:17,RM.CONV.ORE01,HMI,HMI_WARN,WARNING,,Nuisance/info event
2025-02-08 20:31:29,CRM.AGC.SV01,SCADA,SENSOR_GLITCH,INFO,,Nuisance/info event
2025-02-09 01:49:16,CRM.AGC.SV01,CMS,HMI_WARN,INFO,,Nuisance/info event
2025-02-09 06:48:40,HSM.F1.GBX01,HMI,COMM_TIMEOUT,WARNING,,Nuisance/info event
2025-02-09 15:03:26,HSM.F1.MTR01,PLC,DOOR_OPEN,WARNING,,Nuisance/info event
2025-02-10 00:24:00,CRM.AGC.SV01,HMI,SERVO-HUNT,WARNING,INC-0033,SERVO-HUNT on CRM.AGC.SV01 (escalating to INC-0033)
2025-02-10 17:13:05,SP.SINT.FAN01,CMS,CAL_DUE,INFO,,Nuisance/info event
2025-02-11 01:04:52,CCM.SEG.07,CMS,LUBE_LOW_INFO,INFO,,Nuisance/info event
2025-02-11 06:55:16,HSM.STD.R1,HMI,HMI_WARN,INFO,,Nuisance/info event
2025-02-12 13:36:00,CCM.SEG.07,SCADA,ROLL-SEIZE,WARNING,INC-0026,ROLL-SEIZE on CCM.SEG.07 (escalating to INC-0026)
2025-02-12 18:45:17,CRM.AGC.SV01,PLC,DOOR_OPEN,WARNING,,Nuisance/info event
2025-02-13 08:36:00,HSM.STD.R1,PLC,FORCE-RIPPLE-HIGH,WARNING,INC-0083,FORCE-RIPPLE-HIGH on HSM.STD.R1 (escalating to INC-0083)
2025-02-13 09:12:00,CRM.AGC.SV01,CMS,GAUGE-EXCURSION,WARNING,INC-0033,GAUGE-EXCURSION on CRM.AGC.SV01 (escalating to INC-0033)
2025-02-13 14:03:37,BF.CW.PMP02,CMS,COMM_TIMEOUT,WARNING,,Nuisance/info event
2025-02-13 20:37:35,MS.LDC.CRN01,PLC,HMI_WARN,WARNING,,Nuisance/info event
2025-02-14 02:01:12,HSM.F3.WR.BRG01,HMI,DOOR_OPEN,INFO,,Nuisance/info event
2025-02-14 11:34:49,SP.SINT.FAN01,PLC,COMM_TIMEOUT,WARNING,,Nuisance/info event
2025-02-14 23:54:38,HSM.DSC.PMP01,CMS,COMM_TIMEOUT,WARNING,,Nuisance/info event
2025-02-15 05:29:49,BF.BLW.FAN01,CMS,CAL_DUE,WARNING,,Nuisance/info event
2025-02-15 12:03:25,BF.BLW.FAN01,HMI,HMI_WARN,WARNING,,Nuisance/info event
2025-02-15 19:14:02,RM.CONV.ORE01,SCADA,CAL_DUE,INFO,,Nuisance/info event
2025-02-16 02:53:24,HSM.F3.WR.BRG01,HMI,SENSOR_GLITCH,INFO,,Nuisance/info event
2025-02-16 05:22:21,CCM.SEG.07,HMI,SENSOR_GLITCH,INFO,,Nuisance/info event
2025-02-16 16:29:03,CCM.SEG.07,PLC,HMI_WARN,INFO,,Nuisance/info event
2025-02-16 18:00:00,CRM.AGC.SV01,PLC,ISO4406-SERVO-DIRTY,ALARM,INC-0033,ISO4406-SERVO-DIRTY on CRM.AGC.SV01 (escalating to INC-0033)
2025-02-16 21:00:00,HSM.STD.R1,HMI,SURFACE-DEFECT-PERIODIC,ALARM,INC-0083,SURFACE-DEFECT-PERIODIC on HSM.STD.R1 (escalating to INC-0083)
2025-02-16 22:31:51,CRM.AGC.SV01,PLC,HMI_WARN,WARNING,,Nuisance/info event
2025-02-16 23:54:00,HSM.F1.MTR01,CMS,CAL_DUE,INFO,,Nuisance/info event
2025-02-17 03:47:10,EAF.AUX.HYD01,HMI,HMI_WARN,INFO,,Nuisance/info event
2025-02-18 08:32:56,RHF.ZONE.SOAK,PLC,CAL_DUE,INFO,,Nuisance/info event
2025-02-18 11:24:05,HSM.STD.R1,HMI,SENSOR_GLITCH,WARNING,,Nuisance/info event
2025-02-18 12:16:05,BF.CW.PMP02,CMS,COMM_TIMEOUT,INFO,,Nuisance/info event
2025-02-19 01:00:27,BF.CW.PMP02,HMI,HMI_WARN,INFO,,Nuisance/info event
2025-02-19 17:00:00,HSM.F3.WR.BRG01,SCADA,VIB-BPFO-DANGER,WARNING,INC-0075,VIB-BPFO-DANGER on HSM.F3.WR.BRG01 (escalating to INC-0075)
2025-02-20 16:02:47,BF.BLW.FAN01,SCADA,COMM_TIMEOUT,WARNING,,Nuisance/info event
2025-02-21 04:10:04,BF.CW.PMP02,PLC,COMM_TIMEOUT,WARNING,,Nuisance/info event
2025-02-21 23:04:24,SP.SINT.FAN01,CMS,HMI_WARN,WARNING,,Nuisance/info event
2025-02-22 23:24:00,RM.CONV.ORE01,CMS,IDLER-US-ALARM,WARNING,INC-0107,IDLER-US-ALARM on RM.CONV.ORE01 (escalating to INC-0107)
2025-02-23 20:30:41,BF.BLW.FAN01,SCADA,DOOR_OPEN,INFO,,Nuisance/info event
2025-02-24 00:53:11,HSM.F3.WR.BRG01,PLC,COMM_TIMEOUT,INFO,,Nuisance/info event
2025-02-24 12:41:34,HSM.F1.MTR01,HMI,CAL_DUE,INFO,,Nuisance/info event
2025-02-24 19:42:29,HSM.F1.GBX01,CMS,COMM_TIMEOUT,WARNING,,Nuisance/info event
2025-02-24 20:36:00,SP.SINT.FAN01,PLC,VIB-1X-ALARM,WARNING,INC-0115,VIB-1X-ALARM on SP.SINT.FAN01 (escalating to INC-0115)
2025-02-24 21:51:28,BF.CW.PMP02,PLC,CAL_DUE,INFO,,Nuisance/info event
2025-02-25 00:02:50,CRM.AGC.SV01,CMS,DOOR_OPEN,WARNING,,Nuisance/info event
2025-02-25 23:59:09,HSM.F1.GBX01,CMS,LUBE_LOW_INFO,INFO,,Nuisance/info event
2025-02-26 18:41:42,BF.BLW.FAN01,SCADA,SENSOR_GLITCH,INFO,,Nuisance/info event
2025-02-26 20:48:00,EAF.AUX.HYD01,SCADA,HYD-FILT-DP-ALARM,ALARM,INC-0043,HYD-FILT-DP-ALARM on EAF.AUX.HYD01 (escalating to INC-0043)
2025-02-27 10:06:59,CCM.MOLD.01,CMS,CAL_DUE,INFO,,Nuisance/info event
2025-02-27 16:24:00,BF.CW.PMP02,SCADA,BRG-TEMP-ALARM,WARNING,INC-0010,BRG-TEMP-ALARM on BF.CW.PMP02 (escalating to INC-0010)
2025-02-27 16:46:03,SP.SINT.FAN01,HMI,LUBE_LOW_INFO,WARNING,,Nuisance/info event
2025-02-27 23:42:57,RHF.ZONE.SOAK,PLC,HMI_WARN,WARNING,,Nuisance/info event
2025-02-28 01:00:00,RHF.ZONE.SOAK,PLC,FLUE-O2-HIGH,ALARM,INC-0098,FLUE-O2-HIGH on RHF.ZONE.SOAK (escalating to INC-0098)
2025-02-28 05:49:46,MS.LDC.CRN01,CMS,COMM_TIMEOUT,INFO,,Nuisance/info event
2025-02-28 20:30:47,HSM.F3.WR.BRG01,CMS,DOOR_OPEN,INFO,,Nuisance/info event
2025-02-28 21:35:29,HSM.STD.R1,CMS,SENSOR_GLITCH,INFO,,Nuisance/info event
2025-02-28 23:48:00,HSM.F1.GBX01,CMS,GMF-DANGER,WARNING,INC-0059,GMF-DANGER on HSM.F1.GBX01 (escalating to INC-0059)
2025-03-01 03:36:03,RHF.ZONE.SOAK,SCADA,CAL_DUE,INFO,,Nuisance/info event
2025-03-01 07:33:11,EAF.AUX.HYD01,SCADA,SENSOR_GLITCH,WARNING,,Nuisance/info event
2025-03-01 08:00:00,CCM.SEG.07,SCADA,SEG-FORCE-HIGH,ALARM,INC-0026,SEG-FORCE-HIGH on CCM.SEG.07 (escalating to INC-0026)
2025-03-01 09:22:42,CRM.AGC.SV01,HMI,COMM_TIMEOUT,WARNING,,Nuisance/info event
2025-03-01 15:56:37,HSM.F1.MTR01,PLC,SENSOR_GLITCH,WARNING,,Nuisance/info event
2025-03-01 20:09:44,EAF.AUX.HYD01,PLC,SENSOR_GLITCH,WARNING,,Nuisance/info event
2025-03-01 21:15:20,HSM.F1.GBX01,SCADA,SENSOR_GLITCH,WARNING,,Nuisance/info event
2025-03-02 06:54:44,MS.LDC.CRN01,PLC,LUBE_LOW_INFO,WARNING,,Nuisance/info event
2025-03-04 05:22:07,RHF.ZONE.SOAK,PLC,CAL_DUE,WARNING,,Nuisance/info event
2025-03-04 15:34:33,HSM.STD.R1,PLC,COMM_TIMEOUT,INFO,,Nuisance/info event
2025-03-04 20:14:16,HSM.STD.R1,HMI,DOOR_OPEN,INFO,,Nuisance/info event
2025-03-05 01:00:00,HSM.F1.GBX01,CMS,CHIP-DETECT-ALARM,ALARM,INC-0059,CHIP-DETECT-ALARM on HSM.F1.GBX01 (escalating to INC-0059)
2025-03-05 01:25:52,HSM.DSC.PMP01,HMI,DOOR_OPEN,WARNING,,Nuisance/info event
2025-03-05 05:52:59,CRM.AGC.SV01,CMS,CAL_DUE,WARNING,,Nuisance/info event
2025-03-05 10:49:00,CCM.MOLD.01,SCADA,DOOR_OPEN,WARNING,,Nuisance/info event
2025-03-06 04:23:13,HSM.F1.GBX01,HMI,DOOR_OPEN,INFO,,Nuisance/info event
2025-03-06 06:02:01,EAF.AUX.HYD01,HMI,CAL_DUE,INFO,,Nuisance/info event
2025-03-06 09:15:19,EAF.AUX.HYD01,HMI,LUBE_LOW_INFO,WARNING,,Nuisance/info event
2025-03-07 00:48:28,SP.SINT.FAN01,HMI,HMI_WARN,WARNING,,Nuisance/info event
2025-03-07 03:00:00,RM.CONV.ORE01,PLC,IDLER-TEMP-FIRE,ALARM,INC-0107,IDLER-TEMP-FIRE on RM.CONV.ORE01 (escalating to INC-0107)
2025-03-07 15:08:00,SP.SINT.FAN01,CMS,DOOR_OPEN,INFO,,Nuisance/info event
2025-03-08 01:50:27,CCM.MOLD.01,HMI,CAL_DUE,WARNING,,Nuisance/info event
2025-03-08 05:01:20,MS.LDC.CRN01,CMS,CAL_DUE,INFO,,Nuisance/info event
2025-03-08 14:13:11,HSM.STD.R1,PLC,CAL_DUE,INFO,,Nuisance/info event
2025-03-09 00:24:20,CCM.SEG.07,PLC,HMI_WARN,WARNING,,Nuisance/info event
2025-03-09 12:48:57,EAF.AUX.HYD01,PLC,SENSOR_GLITCH,INFO,,Nuisance/info event
2025-03-09 16:36:00,CCM.MOLD.01,SCADA,BPS-BREAKOUT-P1,WARNING,INC-0018,BPS-BREAKOUT-P1 on CCM.MOLD.01 (escalating to INC-0018)
2025-03-09 21:05:49,CCM.SEG.07,HMI,HMI_WARN,INFO,,Nuisance/info event
2025-03-10 00:01:56,BF.CW.PMP02,CMS,HMI_WARN,WARNING,,Nuisance/info event
2025-03-10 00:52:34,HSM.F1.MTR01,HMI,LUBE_LOW_INFO,WARNING,,Nuisance/info event
2025-03-10 08:52:56,HSM.F1.MTR01,CMS,DOOR_OPEN,INFO,,Nuisance/info event
2025-03-10 10:00:00,HSM.F1.MTR01,CMS,MCSA-RBAR-ALARM,ALARM,INC-0067,MCSA-RBAR-ALARM on HSM.F1.MTR01 (escalating to INC-0067)
2025-03-10 11:54:22,SP.SINT.FAN01,CMS,SENSOR_GLITCH,WARNING,,Nuisance/info event
2025-03-10 13:07:26,CCM.SEG.07,HMI,CAL_DUE,INFO,,Nuisance/info event
2025-03-10 13:14:11,HSM.STD.R1,CMS,CAL_DUE,INFO,,Nuisance/info event
2025-03-11 01:07:58,CCM.SEG.07,HMI,SENSOR_GLITCH,WARNING,,Nuisance/info event
2025-03-11 06:32:02,HSM.STD.R1,CMS,DOOR_OPEN,INFO,,Nuisance/info event
2025-03-11 08:08:27,HSM.F1.GBX01,PLC,COMM_TIMEOUT,INFO,,Nuisance/info event
2025-03-11 14:12:00,RM.CONV.ORE01,HMI,IDLER-US-ALARM,WARNING,INC-0108,IDLER-US-ALARM on RM.CONV.ORE01 (escalating to INC-0108)
2025-03-11 15:48:00,CCM.MOLD.01,HMI,TC-VPATTERN,WARNING,INC-0018,TC-VPATTERN on CCM.MOLD.01 (escalating to INC-0018)
2025-03-11 21:38:46,MS.LDC.CRN01,SCADA,SENSOR_GLITCH,WARNING,,Nuisance/info event
2025-03-12 05:48:59,SP.SINT.FAN01,PLC,HMI_WARN,INFO,,Nuisance/info event
2025-03-12 17:24:36,HSM.F3.WR.BRG01,PLC,HMI_WARN,WARNING,,Nuisance/info event
2025-03-13 05:00:00,RM.CONV.ORE01,HMI,IDLER-TEMP-FIRE,ALARM,INC-0108,IDLER-TEMP-FIRE on RM.CONV.ORE01 (escalating to INC-0108)
2025-03-13 15:00:00,CCM.MOLD.01,SCADA,OSC-FRICTION-SPIKE,ALARM,INC-0018,OSC-FRICTION-SPIKE on CCM.MOLD.01 (escalating to INC-0018)
2025-03-13 15:24:00,BF.BLW.FAN01,HMI,SURGE-ALARM,WARNING,INC-0001,SURGE-ALARM on BF.BLW.FAN01 (escalating to INC-0001)
2025-03-14 00:08:54,BF.BLW.FAN01,PLC,COMM_TIMEOUT,WARNING,,Nuisance/info event
2025-03-14 08:00:48,CCM.MOLD.01,HMI,COMM_TIMEOUT,WARNING,,Nuisance/info event
2025-03-14 08:57:45,CCM.MOLD.01,CMS,SENSOR_GLITCH,WARNING,,Nuisance/info event
2025-03-14 11:48:18,CRM.AGC.SV01,PLC,DOOR_OPEN,WARNING,,Nuisance/info event
2025-03-15 02:24:00,MS.LDC.CRN01,PLC,ROPE-MFL-RETIRE,WARNING,INC-0091,ROPE-MFL-RETIRE on MS.LDC.CRN01 (escalating to INC-0091)
2025-03-15 05:18:16,RM.CONV.ORE01,SCADA,LUBE_LOW_INFO,WARNING,,Nuisance/info event
2025-03-17 12:25:40,HSM.DSC.PMP01,SCADA,CAL_DUE,WARNING,,Nuisance/info event
2025-03-17 13:39:51,CCM.SEG.07,SCADA,SENSOR_GLITCH,INFO,,Nuisance/info event
2025-03-18 04:32:59,HSM.F3.WR.BRG01,SCADA,COMM_TIMEOUT,INFO,,Nuisance/info event
2025-03-18 07:00:16,HSM.DSC.PMP01,SCADA,LUBE_LOW_INFO,INFO,,Nuisance/info event
2025-03-18 08:33:19,SP.SINT.FAN01,HMI,LUBE_LOW_INFO,WARNING,,Nuisance/info event
2025-03-18 20:24:00,HSM.F1.GBX01,CMS,GMF-DANGER,WARNING,INC-0060,GMF-DANGER on HSM.F1.GBX01 (escalating to INC-0060)
2025-03-19 09:15:10,HSM.DSC.PMP01,PLC,COMM_TIMEOUT,WARNING,,Nuisance/info event
2025-03-19 13:49:40,BF.BLW.FAN01,PLC,DOOR_OPEN,INFO,,Nuisance/info event
2025-03-19 18:00:00,BF.CW.PMP02,PLC,VIB-1X-ALARM,ALARM,INC-0010,VIB-1X-ALARM on BF.CW.PMP02 (escalating to INC-0010)
2025-03-19 19:52:47,RM.CONV.ORE01,PLC,LUBE_LOW_INFO,INFO,,Nuisance/info event
2025-03-20 14:00:00,HSM.F1.GBX01,HMI,CHIP-DETECT-ALARM,ALARM,INC-0060,CHIP-DETECT-ALARM on HSM.F1.GBX01 (escalating to INC-0060)
2025-03-20 20:21:08,BF.CW.PMP02,SCADA,HMI_WARN,WARNING,,Nuisance/info event
2025-03-20 22:38:32,HSM.F3.WR.BRG01,PLC,DOOR_OPEN,INFO,,Nuisance/info event
2025-03-21 11:08:10,HSM.F1.MTR01,HMI,DOOR_OPEN,INFO,,Nuisance/info event
2025-03-21 13:00:00,HSM.F3.WR.BRG01,PLC,TEMP-TRIP-100C,ALARM,INC-0075,TEMP-TRIP-100C on HSM.F3.WR.BRG01 (escalating to INC-0075)
2025-03-23 08:58:19,HSM.DSC.PMP01,SCADA,DOOR_OPEN,WARNING,,Nuisance/info event
2025-03-23 10:52:23,SP.SINT.FAN01,SCADA,COMM_TIMEOUT,INFO,,Nuisance/info event
2025-03-23 21:00:00,SP.SINT.FAN01,HMI,IMBALANCE-SHED,ALARM,INC-0115,IMBALANCE-SHED on SP.SINT.FAN01 (escalating to INC-0115)
2025-03-23 22:31:06,EAF.AUX.HYD01,PLC,SENSOR_GLITCH,WARNING,,Nuisance/info event
2025-03-23 22:40:43,EAF.AUX.HYD01,PLC,COMM_TIMEOUT,INFO,,Nuisance/info event
2025-03-24 21:13:33,EAF.AUX.HYD01,CMS,LUBE_LOW_INFO,WARNING,,Nuisance/info event
2025-03-25 01:35:59,EAF.AUX.HYD01,HMI,HMI_WARN,INFO,,Nuisance/info event
2025-03-25 02:27:41,RHF.ZONE.SOAK,HMI,CAL_DUE,WARNING,,Nuisance/info event
2025-03-25 14:43:30,SP.SINT.FAN01,SCADA,COMM_TIMEOUT,INFO,,Nuisance/info event
2025-03-26 02:15:00,RHF.ZONE.SOAK,CMS,DOOR_OPEN,INFO,,Nuisance/info event
2025-03-26 06:36:00,RHF.ZONE.SOAK,PLC,FLAME-FAIL-CUTOFF,WARNING,INC-0099,FLAME-FAIL-CUTOFF on RHF.ZONE.SOAK (escalating to INC-0099)
2025-03-26 14:53:30,RM.CONV.ORE01,HMI,DOOR_OPEN,INFO,,Nuisance/info event
2025-03-26 21:15:40,BF.CW.PMP02,CMS,LUBE_LOW_INFO,INFO,,Nuisance/info event
2025-03-27 04:21:40,HSM.F3.WR.BRG01,CMS,SENSOR_GLITCH,WARNING,,Nuisance/info event
2025-03-27 11:02:06,MS.LDC.CRN01,PLC,CAL_DUE,WARNING,,Nuisance/info event
2025-03-27 17:13:05,HSM.STD.R1,HMI,SENSOR_GLITCH,WARNING,,Nuisance/info event
2025-03-27 17:49:44,BF.BLW.FAN01,CMS,COMM_TIMEOUT,WARNING,,Nuisance/info event
2025-03-28 08:24:00,CCM.MOLD.01,PLC,BPS-BREAKOUT-P1,WARNING,INC-0019,BPS-BREAKOUT-P1 on CCM.MOLD.01 (escalating to INC-0019)
2025-03-28 20:43:16,RHF.ZONE.SOAK,SCADA,HMI_WARN,WARNING,,Nuisance/info event
2025-03-30 02:12:00,CCM.MOLD.01,SCADA,TC-VPATTERN,WARNING,INC-0019,TC-VPATTERN on CCM.MOLD.01 (escalating to INC-0019)
2025-03-30 07:51:06,HSM.STD.R1,HMI,HMI_WARN,WARNING,,Nuisance/info event
2025-03-30 15:30:11,RHF.ZONE.SOAK,CMS,LUBE_LOW_INFO,INFO,,Nuisance/info event
2025-03-30 19:54:43,HSM.STD.R1,PLC,DOOR_OPEN,WARNING,,Nuisance/info event
2025-03-31 20:00:00,CCM.MOLD.01,SCADA,OSC-FRICTION-SPIKE,ALARM,INC-0019,OSC-FRICTION-SPIKE on CCM.MOLD.01 (escalating to INC-0019)
2025-04-01 00:20:57,BF.BLW.FAN01,SCADA,SENSOR_GLITCH,WARNING,,Nuisance/info event
2025-04-01 06:00:00,MS.LDC.CRN01,SCADA,ROPE-DISCARD-ISO4309,ALARM,INC-0091,ROPE-DISCARD-ISO4309 on MS.LDC.CRN01 (escalating to INC-0091)
2025-04-01 17:25:10,HSM.DSC.PMP01,HMI,COMM_TIMEOUT,INFO,,Nuisance/info event
2025-04-01 18:26:57,BF.BLW.FAN01,SCADA,COMM_TIMEOUT,WARNING,,Nuisance/info event
2025-04-02 00:41:43,SP.SINT.FAN01,PLC,SENSOR_GLITCH,WARNING,,Nuisance/info event
2025-04-03 01:24:00,EAF.AUX.HYD01,CMS,HYD-FILT-DP-ALARM,ALARM,INC-0044,HYD-FILT-DP-ALARM on EAF.AUX.HYD01 (escalating to INC-0044)
2025-04-03 19:07:46,HSM.STD.R1,PLC,LUBE_LOW_INFO,INFO,,Nuisance/info event
2025-04-03 20:48:00,HSM.STD.R1,SCADA,FORCE-RIPPLE-HIGH,WARNING,INC-0084,FORCE-RIPPLE-HIGH on HSM.STD.R1 (escalating to INC-0084)
2025-04-04 01:14:57,HSM.DSC.PMP01,HMI,CAL_DUE,WARNING,,Nuisance/info event
2025-04-04 01:44:20,HSM.F1.GBX01,SCADA,COMM_TIMEOUT,INFO,,Nuisance/info event
2025-04-04 02:18:51,BF.BLW.FAN01,PLC,HMI_WARN,INFO,,Nuisance/info event
2025-04-04 17:12:13,SP.SINT.FAN01,CMS,LUBE_LOW_INFO,WARNING,,Nuisance/info event
2025-04-04 20:00:00,HSM.F3.WR.BRG01,CMS,VIB-BPFO-DANGER,WARNING,INC-0076,VIB-BPFO-DANGER on HSM.F3.WR.BRG01 (escalating to INC-0076)
2025-04-05 09:14:18,HSM.STD.R1,PLC,CAL_DUE,INFO,,Nuisance/info event
2025-04-05 18:12:14,EAF.AUX.HYD01,HMI,SENSOR_GLITCH,INFO,,Nuisance/info event
2025-04-05 18:53:47,RM.CONV.ORE01,SCADA,COMM_TIMEOUT,INFO,,Nuisance/info event
2025-04-06 00:12:00,BF.CW.PMP02,PLC,BRG-TEMP-ALARM,WARNING,INC-0011,BRG-TEMP-ALARM on BF.CW.PMP02 (escalating to INC-0011)
2025-04-06 02:44:06,HSM.F1.GBX01,SCADA,HMI_WARN,INFO,,Nuisance/info event
2025-04-06 07:00:00,RHF.ZONE.SOAK,HMI,FLUE-O2-HIGH,ALARM,INC-0099,FLUE-O2-HIGH on RHF.ZONE.SOAK (escalating to INC-0099)
2025-04-06 10:00:00,HSM.STD.R1,PLC,SURFACE-DEFECT-PERIODIC,ALARM,INC-0084,SURFACE-DEFECT-PERIODIC on HSM.STD.R1 (escalating to INC-0084)
2025-04-06 10:20:13,MS.LDC.CRN01,SCADA,SENSOR_GLITCH,WARNING,,Nuisance/info event
2025-04-06 14:09:39,CCM.SEG.07,CMS,COMM_TIMEOUT,INFO,,Nuisance/info event
2025-04-06 15:47:41,CCM.MOLD.01,HMI,LUBE_LOW_INFO,INFO,,Nuisance/info event
2025-04-06 21:02:28,HSM.F3.WR.BRG01,HMI,LUBE_LOW_INFO,INFO,,Nuisance/info event
2025-04-07 01:19:13,HSM.DSC.PMP01,SCADA,HMI_WARN,WARNING,,Nuisance/info event
2025-04-07 23:00:00,BF.CW.PMP02,PLC,VIB-1X-ALARM,ALARM,INC-0011,VIB-1X-ALARM on BF.CW.PMP02 (escalating to INC-0011)
2025-04-08 00:07:10,RHF.ZONE.SOAK,PLC,LUBE_LOW_INFO,INFO,,Nuisance/info event
2025-04-08 10:26:15,CCM.SEG.07,PLC,DOOR_OPEN,WARNING,,Nuisance/info event
2025-04-08 18:04:00,HSM.F1.MTR01,HMI,DOOR_OPEN,WARNING,,Nuisance/info event
2025-04-08 22:03:52,CCM.SEG.07,SCADA,COMM_TIMEOUT,WARNING,,Nuisance/info event
2025-04-09 18:44:25,RM.CONV.ORE01,PLC,CAL_DUE,INFO,,Nuisance/info event
2025-04-10 08:00:00,HSM.F3.WR.BRG01,HMI,TEMP-TRIP-100C,ALARM,INC-0076,TEMP-TRIP-100C on HSM.F3.WR.BRG01 (escalating to INC-0076)
2025-04-10 08:53:17,MS.LDC.CRN01,PLC,COMM_TIMEOUT,INFO,,Nuisance/info event
2025-04-10 14:28:30,HSM.STD.R1,CMS,SENSOR_GLITCH,WARNING,,Nuisance/info event
2025-04-11 01:09:35,HSM.F1.MTR01,PLC,SENSOR_GLITCH,INFO,,Nuisance/info event
2025-04-11 03:34:06,BF.BLW.FAN01,PLC,DOOR_OPEN,WARNING,,Nuisance/info event
2025-04-11 08:14:14,CCM.MOLD.01,SCADA,COMM_TIMEOUT,INFO,,Nuisance/info event
2025-04-11 10:06:44,SP.SINT.FAN01,HMI,HMI_WARN,WARNING,,Nuisance/info event
2025-04-11 12:27:09,HSM.STD.R1,CMS,CAL_DUE,WARNING,,Nuisance/info event
2025-04-11 15:06:46,CCM.SEG.07,SCADA,HMI_WARN,INFO,,Nuisance/info event
2025-04-11 22:57:21,MS.LDC.CRN01,PLC,CAL_DUE,WARNING,,Nuisance/info event
2025-04-12 08:00:00,MS.LDC.CRN01,CMS,ROPE-MFL-RETIRE,WARNING,INC-0092,ROPE-MFL-RETIRE on MS.LDC.CRN01 (escalating to INC-0092)
2025-04-12 17:04:04,BF.CW.PMP02,CMS,HMI_WARN,WARNING,,Nuisance/info event
2025-04-12 19:44:55,RHF.ZONE.SOAK,HMI,HMI_WARN,WARNING,,Nuisance/info event
2025-04-12 22:41:12,HSM.F1.MTR01,PLC,SENSOR_GLITCH,INFO,,Nuisance/info event
2025-04-12 23:04:46,HSM.F1.MTR01,CMS,LUBE_LOW_INFO,WARNING,,Nuisance/info event
2025-04-13 07:00:00,BF.BLW.FAN01,SCADA,ASV-CYCLING,ALARM,INC-0001,ASV-CYCLING on BF.BLW.FAN01 (escalating to INC-0001)
2025-04-13 08:46:28,MS.LDC.CRN01,PLC,CAL_DUE,WARNING,,Nuisance/info event
2025-04-13 11:20:02,HSM.DSC.PMP01,HMI,COMM_TIMEOUT,INFO,,Nuisance/info event
2025-04-13 21:33:25,HSM.F3.WR.BRG01,CMS,HMI_WARN,INFO,,Nuisance/info event
2025-04-15 00:57:20,HSM.STD.R1,PLC,HMI_WARN,INFO,,Nuisance/info event
2025-04-15 06:27:55,BF.CW.PMP02,SCADA,LUBE_LOW_INFO,INFO,,Nuisance/info event
2025-04-15 13:48:00,CRM.AGC.SV01,HMI,SERVO-HUNT,WARNING,INC-0034,SERVO-HUNT on CRM.AGC.SV01 (escalating to INC-0034)
2025-04-15 14:46:03,HSM.F3.WR.BRG01,HMI,DOOR_OPEN,WARNING,,Nuisance/info event
2025-04-16 01:10:21,SP.SINT.FAN01,HMI,COMM_TIMEOUT,WARNING,,Nuisance/info event
2025-04-16 01:29:42,CRM.AGC.SV01,CMS,DOOR_OPEN,WARNING,,Nuisance/info event
2025-04-17 00:00:00,MS.LDC.CRN01,HMI,ROPE-DISCARD-ISO4309,ALARM,INC-0092,ROPE-DISCARD-ISO4309 on MS.LDC.CRN01 (escalating to INC-0092)
2025-04-17 06:03:17,SP.SINT.FAN01,PLC,HMI_WARN,WARNING,,Nuisance/info event
2025-04-17 18:14:15,HSM.STD.R1,SCADA,DOOR_OPEN,INFO,,Nuisance/info event
2025-04-18 02:15:40,MS.LDC.CRN01,HMI,LUBE_LOW_INFO,WARNING,,Nuisance/info event
2025-04-18 06:28:54,HSM.F3.WR.BRG01,HMI,LUBE_LOW_INFO,INFO,,Nuisance/info event
2025-04-18 11:13:44,SP.SINT.FAN01,SCADA,SENSOR_GLITCH,INFO,,Nuisance/info event
2025-04-18 13:24:00,CCM.SEG.07,SCADA,ROLL-SEIZE,WARNING,INC-0027,ROLL-SEIZE on CCM.SEG.07 (escalating to INC-0027)
2025-04-18 13:46:03,RHF.ZONE.SOAK,CMS,HMI_WARN,INFO,,Nuisance/info event
2025-04-18 14:20:10,MS.LDC.CRN01,PLC,LUBE_LOW_INFO,INFO,,Nuisance/info event
2025-04-18 15:00:00,RHF.ZONE.SOAK,PLC,FLAME-FAIL-CUTOFF,WARNING,INC-0100,FLAME-FAIL-CUTOFF on RHF.ZONE.SOAK (escalating to INC-0100)
2025-04-18 21:29:34,RHF.ZONE.SOAK,CMS,HMI_WARN,INFO,,Nuisance/info event
2025-04-19 04:27:31,RM.CONV.ORE01,SCADA,SENSOR_GLITCH,WARNING,,Nuisance/info event
2025-04-19 05:44:10,HSM.F3.WR.BRG01,CMS,CAL_DUE,INFO,,Nuisance/info event
2025-04-20 16:24:00,SP.SINT.FAN01,SCADA,VIB-1X-ALARM,WARNING,INC-0116,VIB-1X-ALARM on SP.SINT.FAN01 (escalating to INC-0116)
2025-04-21 00:12:00,HSM.F1.GBX01,HMI,GMF-DANGER,WARNING,INC-0061,GMF-DANGER on HSM.F1.GBX01 (escalating to INC-0061)
2025-04-21 09:00:00,RHF.ZONE.SOAK,PLC,FLUE-O2-HIGH,ALARM,INC-0100,FLUE-O2-HIGH on RHF.ZONE.SOAK (escalating to INC-0100)
2025-04-21 10:24:33,RHF.ZONE.SOAK,PLC,SENSOR_GLITCH,INFO,,Nuisance/info event
2025-04-21 14:54:20,CCM.MOLD.01,CMS,SENSOR_GLITCH,WARNING,,Nuisance/info event
2025-04-21 21:12:00,HSM.DSC.PMP01,CMS,VIB-SEAL-DANGER,ALARM,INC-0052,VIB-SEAL-DANGER on HSM.DSC.PMP01 (escalating to INC-0052)
2025-04-22 00:40:46,RHF.ZONE.SOAK,PLC,COMM_TIMEOUT,INFO,,Nuisance/info event
2025-04-22 08:40:57,EAF.AUX.HYD01,SCADA,DOOR_OPEN,WARNING,,Nuisance/info event
2025-04-22 11:59:17,HSM.F3.WR.BRG01,HMI,SENSOR_GLITCH,INFO,,Nuisance/info event
2025-04-23 03:00:00,HSM.F1.GBX01,CMS,CHIP-DETECT-ALARM,ALARM,INC-0061,CHIP-DETECT-ALARM on HSM.F1.GBX01 (escalating to INC-0061)
2025-04-23 10:00:00,SP.SINT.FAN01,CMS,IMBALANCE-SHED,ALARM,INC-0116,IMBALANCE-SHED on SP.SINT.FAN01 (escalating to INC-0116)
2025-04-23 17:41:46,MS.LDC.CRN01,CMS,HMI_WARN,WARNING,,Nuisance/info event
2025-04-23 22:55:14,HSM.STD.R1,CMS,SENSOR_GLITCH,WARNING,,Nuisance/info event
2025-04-24 04:24:00,HSM.F3.WR.BRG01,HMI,VIB-BPFO-DANGER,WARNING,INC-0077,VIB-BPFO-DANGER on HSM.F3.WR.BRG01 (escalating to INC-0077)
2025-04-24 08:56:37,CRM.AGC.SV01,HMI,COMM_TIMEOUT,WARNING,,Nuisance/info event
2025-04-24 14:55:43,CCM.SEG.07,CMS,DOOR_OPEN,INFO,,Nuisance/info event
2025-04-26 04:00:00,HSM.F3.WR.BRG01,CMS,TEMP-TRIP-100C,ALARM,INC-0077,TEMP-TRIP-100C on HSM.F3.WR.BRG01 (escalating to INC-0077)
2025-04-26 14:59:52,MS.LDC.CRN01,CMS,HMI_WARN,INFO,,Nuisance/info event
2025-04-27 15:24:00,HSM.F1.MTR01,SCADA,MCSA-RBAR-ALARM,ALARM,INC-0068,MCSA-RBAR-ALARM on HSM.F1.MTR01 (escalating to INC-0068)
2025-04-27 17:12:26,BF.BLW.FAN01,PLC,COMM_TIMEOUT,INFO,,Nuisance/info event
2025-04-27 21:09:37,BF.BLW.FAN01,HMI,COMM_TIMEOUT,WARNING,,Nuisance/info event
2025-04-28 00:53:07,HSM.STD.R1,HMI,SENSOR_GLITCH,INFO,,Nuisance/info event
2025-04-28 08:36:16,SP.SINT.FAN01,SCADA,SENSOR_GLITCH,WARNING,,Nuisance/info event
2025-04-29 07:30:03,HSM.STD.R1,SCADA,LUBE_LOW_INFO,WARNING,,Nuisance/info event
2025-04-29 12:03:46,HSM.F3.WR.BRG01,HMI,COMM_TIMEOUT,INFO,,Nuisance/info event
2025-04-29 19:12:23,HSM.STD.R1,SCADA,COMM_TIMEOUT,WARNING,,Nuisance/info event
2025-04-30 03:24:00,CRM.AGC.SV01,PLC,GAUGE-EXCURSION,WARNING,INC-0034,GAUGE-EXCURSION on CRM.AGC.SV01 (escalating to INC-0034)
2025-04-30 15:08:35,RM.CONV.ORE01,PLC,DOOR_OPEN,INFO,,Nuisance/info event
2025-05-01 07:24:00,HSM.DSC.PMP01,CMS,VIB-SEAL-DANGER,ALARM,INC-0053,VIB-SEAL-DANGER on HSM.DSC.PMP01 (escalating to INC-0053)
2025-05-01 15:50:12,HSM.F1.MTR01,PLC,CAL_DUE,INFO,,Nuisance/info event
2025-05-02 21:07:29,HSM.F1.MTR01,PLC,CAL_DUE,INFO,,Nuisance/info event
2025-05-03 00:36:00,RM.CONV.ORE01,CMS,IDLER-US-ALARM,WARNING,INC-0109,IDLER-US-ALARM on RM.CONV.ORE01 (escalating to INC-0109)
2025-05-03 09:23:59,HSM.DSC.PMP01,PLC,LUBE_LOW_INFO,WARNING,,Nuisance/info event
2025-05-03 11:24:22,CCM.MOLD.01,PLC,CAL_DUE,INFO,,Nuisance/info event
2025-05-03 19:55:00,RHF.ZONE.SOAK,SCADA,LUBE_LOW_INFO,INFO,,Nuisance/info event
2025-05-04 19:44:47,CCM.MOLD.01,SCADA,DOOR_OPEN,WARNING,,Nuisance/info event
2025-05-06 04:12:00,MS.LDC.CRN01,SCADA,ROPE-MFL-RETIRE,WARNING,INC-0093,ROPE-MFL-RETIRE on MS.LDC.CRN01 (escalating to INC-0093)
2025-05-06 06:29:46,BF.BLW.FAN01,SCADA,DOOR_OPEN,INFO,,Nuisance/info event
2025-05-07 07:24:02,HSM.DSC.PMP01,HMI,DOOR_OPEN,WARNING,,Nuisance/info event
2025-05-07 08:36:09,EAF.AUX.HYD01,SCADA,CAL_DUE,INFO,,Nuisance/info event
2025-05-07 09:24:02,HSM.STD.R1,CMS,HMI_WARN,INFO,,Nuisance/info event
2025-05-08 13:48:47,BF.CW.PMP02,HMI,SENSOR_GLITCH,INFO,,Nuisance/info event
2025-05-08 17:00:00,MS.LDC.CRN01,HMI,ROPE-DISCARD-ISO4309,ALARM,INC-0093,ROPE-DISCARD-ISO4309 on MS.LDC.CRN01 (escalating to INC-0093)
2025-05-08 21:46:04,HSM.F1.MTR01,HMI,DOOR_OPEN,WARNING,,Nuisance/info event
2025-05-09 09:11:31,SP.SINT.FAN01,PLC,DOOR_OPEN,WARNING,,Nuisance/info event
2025-05-09 13:48:00,HSM.F3.WR.BRG01,SCADA,VIB-BPFO-DANGER,WARNING,INC-0078,VIB-BPFO-DANGER on HSM.F3.WR.BRG01 (escalating to INC-0078)
2025-05-10 20:27:52,HSM.DSC.PMP01,CMS,DOOR_OPEN,INFO,,Nuisance/info event
2025-05-11 02:26:55,CRM.AGC.SV01,PLC,CAL_DUE,WARNING,,Nuisance/info event
2025-05-11 06:29:32,EAF.AUX.HYD01,SCADA,LUBE_LOW_INFO,INFO,,Nuisance/info event
2025-05-11 17:50:39,EAF.AUX.HYD01,CMS,HMI_WARN,INFO,,Nuisance/info event
2025-05-11 18:43:52,RM.CONV.ORE01,SCADA,SENSOR_GLITCH,INFO,,Nuisance/info event
2025-05-12 01:25:14,HSM.F1.GBX01,SCADA,SENSOR_GLITCH,WARNING,,Nuisance/info event
2025-05-12 03:10:39,HSM.F3.WR.BRG01,HMI,HMI_WARN,WARNING,,Nuisance/info event
2025-05-12 09:00:00,CCM.SEG.07,SCADA,SEG-FORCE-HIGH,ALARM,INC-0027,SEG-FORCE-HIGH on CCM.SEG.07 (escalating to INC-0027)
2025-05-12 13:30:28,CCM.SEG.07,SCADA,COMM_TIMEOUT,WARNING,,Nuisance/info event
2025-05-12 22:42:54,CCM.SEG.07,HMI,CAL_DUE,INFO,,Nuisance/info event
2025-05-13 04:01:55,MS.LDC.CRN01,PLC,CAL_DUE,WARNING,,Nuisance/info event
2025-05-13 07:54:47,MS.LDC.CRN01,SCADA,CAL_DUE,WARNING,,Nuisance/info event
2025-05-14 09:48:32,HSM.F1.GBX01,SCADA,HMI_WARN,INFO,,Nuisance/info event
2025-05-14 17:00:00,CRM.AGC.SV01,CMS,ISO4406-SERVO-DIRTY,ALARM,INC-0034,ISO4406-SERVO-DIRTY on CRM.AGC.SV01 (escalating to INC-0034)
2025-05-14 18:37:46,MS.LDC.CRN01,CMS,HMI_WARN,INFO,,Nuisance/info event
2025-05-15 00:48:00,BF.BLW.FAN01,CMS,SURGE-ALARM,WARNING,INC-0002,SURGE-ALARM on BF.BLW.FAN01 (escalating to INC-0002)
2025-05-15 03:00:00,HSM.F3.WR.BRG01,PLC,TEMP-TRIP-100C,ALARM,INC-0078,TEMP-TRIP-100C on HSM.F3.WR.BRG01 (escalating to INC-0078)
2025-05-15 05:52:52,RHF.ZONE.SOAK,HMI,SENSOR_GLITCH,WARNING,,Nuisance/info event
2025-05-16 08:27:12,MS.LDC.CRN01,CMS,HMI_WARN,INFO,,Nuisance/info event
2025-05-16 10:00:00,BF.BLW.FAN01,CMS,ASV-CYCLING,ALARM,INC-0002,ASV-CYCLING on BF.BLW.FAN01 (escalating to INC-0002)
2025-05-16 22:22:12,HSM.STD.R1,PLC,SENSOR_GLITCH,WARNING,,Nuisance/info event
2025-05-17 22:38:35,EAF.AUX.HYD01,SCADA,CAL_DUE,WARNING,,Nuisance/info event
2025-05-18 08:23:38,HSM.STD.R1,CMS,LUBE_LOW_INFO,INFO,,Nuisance/info event
2025-05-18 11:16:31,HSM.DSC.PMP01,CMS,CAL_DUE,INFO,,Nuisance/info event
2025-05-18 15:50:22,HSM.F3.WR.BRG01,CMS,LUBE_LOW_INFO,INFO,,Nuisance/info event
2025-05-19 09:31:04,HSM.F1.MTR01,PLC,DOOR_OPEN,WARNING,,Nuisance/info event
2025-05-19 13:24:15,HSM.DSC.PMP01,CMS,DOOR_OPEN,WARNING,,Nuisance/info event
2025-05-20 01:46:25,HSM.DSC.PMP01,HMI,COMM_TIMEOUT,WARNING,,Nuisance/info event
2025-05-21 18:40:32,SP.SINT.FAN01,CMS,LUBE_LOW_INFO,WARNING,,Nuisance/info event
2025-05-22 04:32:40,BF.CW.PMP02,PLC,CAL_DUE,INFO,,Nuisance/info event
2025-05-22 12:51:26,RM.CONV.ORE01,SCADA,COMM_TIMEOUT,WARNING,,Nuisance/info event
2025-05-22 17:56:22,HSM.F1.GBX01,CMS,SENSOR_GLITCH,WARNING,,Nuisance/info event
2025-05-23 04:03:18,HSM.F1.GBX01,CMS,DOOR_OPEN,INFO,,Nuisance/info event
2025-05-23 07:48:10,HSM.F1.GBX01,CMS,LUBE_LOW_INFO,WARNING,,Nuisance/info event
2025-05-24 01:15:27,HSM.F1.MTR01,CMS,COMM_TIMEOUT,INFO,,Nuisance/info event
2025-05-24 02:10:17,HSM.F3.WR.BRG01,HMI,SENSOR_GLITCH,INFO,,Nuisance/info event
2025-05-24 05:31:36,HSM.F3.WR.BRG01,SCADA,LUBE_LOW_INFO,WARNING,,Nuisance/info event
2025-05-24 13:53:25,HSM.F1.GBX01,SCADA,DOOR_OPEN,INFO,,Nuisance/info event
2025-05-24 23:00:00,RM.CONV.ORE01,CMS,IDLER-TEMP-FIRE,ALARM,INC-0109,IDLER-TEMP-FIRE on RM.CONV.ORE01 (escalating to INC-0109)
2025-05-25 04:32:40,BF.BLW.FAN01,PLC,HMI_WARN,INFO,,Nuisance/info event
2025-05-25 15:03:47,RHF.ZONE.SOAK,SCADA,COMM_TIMEOUT,WARNING,,Nuisance/info event
2025-05-25 18:51:56,MS.LDC.CRN01,CMS,HMI_WARN,WARNING,,Nuisance/info event
2025-05-25 19:24:31,RM.CONV.ORE01,CMS,DOOR_OPEN,INFO,,Nuisance/info event
2025-05-26 05:21:06,HSM.STD.R1,CMS,LUBE_LOW_INFO,WARNING,,Nuisance/info event
2025-05-26 11:41:51,HSM.STD.R1,HMI,COMM_TIMEOUT,WARNING,,Nuisance/info event
2025-05-26 19:59:22,HSM.STD.R1,SCADA,HMI_WARN,WARNING,,Nuisance/info event
2025-05-26 22:14:32,CCM.MOLD.01,CMS,DOOR_OPEN,INFO,,Nuisance/info event
2025-05-27 03:16:29,HSM.F1.GBX01,PLC,CAL_DUE,INFO,,Nuisance/info event
2025-05-27 03:36:00,RHF.ZONE.SOAK,CMS,FLAME-FAIL-CUTOFF,WARNING,INC-0101,FLAME-FAIL-CUTOFF on RHF.ZONE.SOAK (escalating to INC-0101)
2025-05-27 14:38:05,HSM.F1.GBX01,SCADA,COMM_TIMEOUT,INFO,,Nuisance/info event
2025-05-27 20:42:28,BF.BLW.FAN01,PLC,DOOR_OPEN,INFO,,Nuisance/info event
2025-05-27 20:52:08,HSM.F1.MTR01,PLC,DOOR_OPEN,INFO,,Nuisance/info event
2025-05-28 00:55:10,HSM.F1.GBX01,SCADA,LUBE_LOW_INFO,INFO,,Nuisance/info event
2025-05-28 08:12:00,HSM.DSC.PMP01,CMS,SENSOR_GLITCH,WARNING,,Nuisance/info event
2025-05-28 13:47:09,HSM.F1.GBX01,CMS,DOOR_OPEN,WARNING,,Nuisance/info event
2025-05-29 02:24:00,EAF.AUX.HYD01,HMI,HYD-FILT-DP-ALARM,ALARM,INC-0045,HYD-FILT-DP-ALARM on EAF.AUX.HYD01 (escalating to INC-0045)
2025-05-29 07:13:30,RHF.ZONE.SOAK,HMI,LUBE_LOW_INFO,WARNING,,Nuisance/info event
2025-05-29 10:15:04,SP.SINT.FAN01,PLC,LUBE_LOW_INFO,WARNING,,Nuisance/info event
2025-05-29 19:26:03,BF.CW.PMP02,HMI,COMM_TIMEOUT,INFO,,Nuisance/info event
2025-05-30 02:32:52,SP.SINT.FAN01,HMI,LUBE_LOW_INFO,WARNING,,Nuisance/info event
2025-05-30 07:48:25,MS.LDC.CRN01,CMS,COMM_TIMEOUT,WARNING,,Nuisance/info event
2025-05-30 16:42:23,EAF.AUX.HYD01,PLC,HMI_WARN,WARNING,,Nuisance/info event
2025-05-30 17:09:36,HSM.DSC.PMP01,HMI,HMI_WARN,WARNING,,Nuisance/info event
2025-05-31 02:53:22,HSM.F3.WR.BRG01,PLC,LUBE_LOW_INFO,INFO,,Nuisance/info event
2025-05-31 18:48:00,HSM.F1.MTR01,SCADA,MCSA-RBAR-ALARM,ALARM,INC-0069,MCSA-RBAR-ALARM on HSM.F1.MTR01 (escalating to INC-0069)
2025-05-31 19:16:05,CCM.SEG.07,SCADA,HMI_WARN,INFO,,Nuisance/info event
2025-05-31 20:51:04,CCM.MOLD.01,CMS,COMM_TIMEOUT,WARNING,,Nuisance/info event
2025-05-31 22:36:00,CCM.MOLD.01,HMI,BPS-BREAKOUT-P1,WARNING,INC-0020,BPS-BREAKOUT-P1 on CCM.MOLD.01 (escalating to INC-0020)
2025-06-01 05:56:15,HSM.F1.MTR01,HMI,LUBE_LOW_INFO,INFO,,Nuisance/info event
2025-06-01 06:38:26,HSM.F1.MTR01,HMI,HMI_WARN,WARNING,,Nuisance/info event
2025-06-01 08:21:57,CCM.SEG.07,PLC,HMI_WARN,INFO,,Nuisance/info event
2025-06-01 09:11:41,HSM.F1.MTR01,PLC,HMI_WARN,INFO,,Nuisance/info event
2025-06-02 15:16:22,SP.SINT.FAN01,SCADA,CAL_DUE,WARNING,,Nuisance/info event
2025-06-03 02:02:08,BF.CW.PMP02,PLC,SENSOR_GLITCH,WARNING,,Nuisance/info event
2025-06-03 15:14:42,SP.SINT.FAN01,CMS,COMM_TIMEOUT,INFO,,Nuisance/info event
2025-06-03 17:17:00,SP.SINT.FAN01,PLC,SENSOR_GLITCH,INFO,,Nuisance/info event
2025-06-03 19:02:07,RM.CONV.ORE01,PLC,COMM_TIMEOUT,INFO,,Nuisance/info event
2025-06-03 21:17:02,HSM.F1.GBX01,PLC,HMI_WARN,INFO,,Nuisance/info event
2025-06-04 00:28:51,HSM.F3.WR.BRG01,PLC,LUBE_LOW_INFO,INFO,,Nuisance/info event
2025-06-04 03:12:00,HSM.STD.R1,PLC,FORCE-RIPPLE-HIGH,WARNING,INC-0085,FORCE-RIPPLE-HIGH on HSM.STD.R1 (escalating to INC-0085)
2025-06-04 08:35:14,HSM.DSC.PMP01,HMI,DOOR_OPEN,WARNING,,Nuisance/info event
2025-06-04 08:39:24,EAF.AUX.HYD01,CMS,LUBE_LOW_INFO,INFO,,Nuisance/info event
2025-06-04 14:51:29,BF.CW.PMP02,HMI,SENSOR_GLITCH,INFO,,Nuisance/info event
2025-06-04 15:39:33,MS.LDC.CRN01,HMI,CAL_DUE,INFO,,Nuisance/info event
2025-06-04 16:36:11,BF.CW.PMP02,SCADA,SENSOR_GLITCH,WARNING,,Nuisance/info event
2025-06-05 12:31:20,SP.SINT.FAN01,HMI,DOOR_OPEN,INFO,,Nuisance/info event
2025-06-05 16:54:15,CCM.SEG.07,HMI,COMM_TIMEOUT,WARNING,,Nuisance/info event
2025-06-05 16:58:57,CCM.SEG.07,SCADA,LUBE_LOW_INFO,INFO,,Nuisance/info event
2025-06-06 04:03:28,RHF.ZONE.SOAK,CMS,DOOR_OPEN,INFO,,Nuisance/info event
2025-06-06 06:00:00,HSM.STD.R1,HMI,SURFACE-DEFECT-PERIODIC,ALARM,INC-0085,SURFACE-DEFECT-PERIODIC on HSM.STD.R1 (escalating to INC-0085)
2025-06-06 09:48:43,HSM.F3.WR.BRG01,PLC,HMI_WARN,WARNING,,Nuisance/info event
2025-06-06 14:19:48,BF.CW.PMP02,HMI,SENSOR_GLITCH,WARNING,,Nuisance/info event
2025-06-07 01:42:15,HSM.F3.WR.BRG01,HMI,LUBE_LOW_INFO,INFO,,Nuisance/info event
2025-06-07 23:09:24,EAF.AUX.HYD01,PLC,DOOR_OPEN,INFO,,Nuisance/info event
2025-06-08 01:06:34,BF.CW.PMP02,PLC,SENSOR_GLITCH,WARNING,,Nuisance/info event
2025-06-08 07:47:01,MS.LDC.CRN01,CMS,DOOR_OPEN,WARNING,,Nuisance/info event
2025-06-08 08:15:36,RM.CONV.ORE01,HMI,COMM_TIMEOUT,WARNING,,Nuisance/info event
2025-06-08 11:14:00,HSM.F3.WR.BRG01,HMI,SENSOR_GLITCH,INFO,,Nuisance/info event
2025-06-08 14:01:55,RHF.ZONE.SOAK,PLC,COMM_TIMEOUT,WARNING,,Nuisance/info event
2025-06-08 21:00:00,MS.LDC.CRN01,PLC,ROPE-MFL-RETIRE,WARNING,INC-0094,ROPE-MFL-RETIRE on MS.LDC.CRN01 (escalating to INC-0094)
2025-06-09 09:33:14,EAF.AUX.HYD01,CMS,HMI_WARN,INFO,,Nuisance/info event
2025-06-09 15:20:28,SP.SINT.FAN01,CMS,SENSOR_GLITCH,WARNING,,Nuisance/info event
2025-06-10 03:28:47,HSM.DSC.PMP01,PLC,CAL_DUE,WARNING,,Nuisance/info event
2025-06-10 05:48:00,HSM.DSC.PMP01,SCADA,VIB-SEAL-DANGER,ALARM,INC-0054,VIB-SEAL-DANGER on HSM.DSC.PMP01 (escalating to INC-0054)
2025-06-10 06:12:00,HSM.F1.GBX01,SCADA,GMF-DANGER,WARNING,INC-0062,GMF-DANGER on HSM.F1.GBX01 (escalating to INC-0062)
2025-06-10 14:44:05,HSM.F1.GBX01,CMS,SENSOR_GLITCH,WARNING,,Nuisance/info event
2025-06-11 11:48:00,BF.CW.PMP02,PLC,BRG-TEMP-ALARM,WARNING,INC-0012,BRG-TEMP-ALARM on BF.CW.PMP02 (escalating to INC-0012)
2025-06-12 09:02:30,HSM.F3.WR.BRG01,HMI,DOOR_OPEN,WARNING,,Nuisance/info event
2025-06-12 20:52:55,HSM.F1.MTR01,PLC,CAL_DUE,WARNING,,Nuisance/info event
2025-06-13 01:36:00,HSM.STD.R1,HMI,FORCE-RIPPLE-HIGH,WARNING,INC-0086,FORCE-RIPPLE-HIGH on HSM.STD.R1 (escalating to INC-0086)
2025-06-13 08:00:00,RHF.ZONE.SOAK,PLC,FLUE-O2-HIGH,ALARM,INC-0101,FLUE-O2-HIGH on RHF.ZONE.SOAK (escalating to INC-0101)
2025-06-13 12:48:00,CCM.MOLD.01,CMS,TC-VPATTERN,WARNING,INC-0020,TC-VPATTERN on CCM.MOLD.01 (escalating to INC-0020)
2025-06-13 16:15:48,MS.LDC.CRN01,SCADA,COMM_TIMEOUT,INFO,,Nuisance/info event
2025-06-14 04:33:44,MS.LDC.CRN01,PLC,DOOR_OPEN,INFO,,Nuisance/info event
2025-06-14 16:24:51,HSM.DSC.PMP01,SCADA,LUBE_LOW_INFO,INFO,,Nuisance/info event
2025-06-14 22:00:00,HSM.STD.R1,CMS,SURFACE-DEFECT-PERIODIC,ALARM,INC-0086,SURFACE-DEFECT-PERIODIC on HSM.STD.R1 (escalating to INC-0086)
2025-06-14 23:36:38,RM.CONV.ORE01,CMS,CAL_DUE,WARNING,,Nuisance/info event
2025-06-15 17:00:00,BF.BLW.FAN01,PLC,SURGE-ALARM,WARNING,INC-0003,SURGE-ALARM on BF.BLW.FAN01 (escalating to INC-0003)
2025-06-16 00:04:09,RHF.ZONE.SOAK,PLC,SENSOR_GLITCH,WARNING,,Nuisance/info event
2025-06-16 15:46:48,BF.BLW.FAN01,HMI,COMM_TIMEOUT,INFO,,Nuisance/info event
2025-06-16 16:07:04,BF.BLW.FAN01,HMI,COMM_TIMEOUT,INFO,,Nuisance/info event
2025-06-16 17:53:48,RM.CONV.ORE01,PLC,LUBE_LOW_INFO,INFO,,Nuisance/info event
2025-06-16 19:16:04,HSM.F3.WR.BRG01,PLC,CAL_DUE,INFO,,Nuisance/info event
2025-06-16 19:37:35,BF.CW.PMP02,CMS,SENSOR_GLITCH,WARNING,,Nuisance/info event
2025-06-16 23:14:42,SP.SINT.FAN01,HMI,LUBE_LOW_INFO,INFO,,Nuisance/info event
2025-06-17 15:25:22,BF.BLW.FAN01,CMS,LUBE_LOW_INFO,INFO,,Nuisance/info event
2025-06-17 15:26:43,BF.CW.PMP02,HMI,HMI_WARN,INFO,,Nuisance/info event
2025-06-18 12:25:26,BF.BLW.FAN01,PLC,LUBE_LOW_INFO,WARNING,,Nuisance/info event
2025-06-19 02:23:33,HSM.F1.GBX01,SCADA,COMM_TIMEOUT,WARNING,,Nuisance/info event
2025-06-19 13:06:11,HSM.STD.R1,SCADA,COMM_TIMEOUT,INFO,,Nuisance/info event
2025-06-20 01:46:49,SP.SINT.FAN01,PLC,DOOR_OPEN,INFO,,Nuisance/info event
2025-06-20 05:07:55,HSM.F1.GBX01,HMI,DOOR_OPEN,WARNING,,Nuisance/info event
2025-06-20 10:32:37,HSM.STD.R1,PLC,SENSOR_GLITCH,INFO,,Nuisance/info event
2025-06-20 13:00:00,BF.BLW.FAN01,CMS,ASV-CYCLING,ALARM,INC-0003,ASV-CYCLING on BF.BLW.FAN01 (escalating to INC-0003)
2025-06-20 21:00:00,MS.LDC.CRN01,PLC,ROPE-DISCARD-ISO4309,ALARM,INC-0094,ROPE-DISCARD-ISO4309 on MS.LDC.CRN01 (escalating to INC-0094)
2025-06-20 21:08:31,CCM.MOLD.01,PLC,HMI_WARN,INFO,,Nuisance/info event
2025-06-21 00:12:23,SP.SINT.FAN01,SCADA,DOOR_OPEN,WARNING,,Nuisance/info event
2025-06-21 07:01:20,HSM.F1.GBX01,CMS,HMI_WARN,WARNING,,Nuisance/info event
2025-06-21 17:36:00,SP.SINT.FAN01,CMS,VIB-1X-ALARM,WARNING,INC-0117,VIB-1X-ALARM on SP.SINT.FAN01 (escalating to INC-0117)
2025-06-21 20:11:09,HSM.F3.WR.BRG01,CMS,CAL_DUE,WARNING,,Nuisance/info event
2025-06-22 06:35:27,RHF.ZONE.SOAK,CMS,LUBE_LOW_INFO,INFO,,Nuisance/info event
2025-06-22 15:36:40,HSM.DSC.PMP01,HMI,CAL_DUE,INFO,,Nuisance/info event
2025-06-22 16:12:00,HSM.F3.WR.BRG01,CMS,VIB-BPFO-DANGER,WARNING,INC-0079,VIB-BPFO-DANGER on HSM.F3.WR.BRG01 (escalating to INC-0079)
2025-06-23 00:09:08,RM.CONV.ORE01,CMS,LUBE_LOW_INFO,INFO,,Nuisance/info event
2025-06-23 01:36:53,EAF.AUX.HYD01,CMS,COMM_TIMEOUT,INFO,,Nuisance/info event
2025-06-24 05:05:15,HSM.STD.R1,HMI,SENSOR_GLITCH,WARNING,,Nuisance/info event
2025-06-24 05:16:57,BF.CW.PMP02,CMS,COMM_TIMEOUT,INFO,,Nuisance/info event
2025-06-24 11:19:54,EAF.AUX.HYD01,PLC,COMM_TIMEOUT,WARNING,,Nuisance/info event
2025-06-24 13:46:55,BF.BLW.FAN01,PLC,DOOR_OPEN,INFO,,Nuisance/info event
2025-06-24 14:00:00,SP.SINT.FAN01,SCADA,IMBALANCE-SHED,ALARM,INC-0117,IMBALANCE-SHED on SP.SINT.FAN01 (escalating to INC-0117)
2025-06-24 15:05:08,EAF.AUX.HYD01,CMS,LUBE_LOW_INFO,WARNING,,Nuisance/info event
2025-06-25 03:48:00,CCM.SEG.07,SCADA,ROLL-SEIZE,WARNING,INC-0028,ROLL-SEIZE on CCM.SEG.07 (escalating to INC-0028)
2025-06-25 05:50:03,MS.LDC.CRN01,CMS,SENSOR_GLITCH,INFO,,Nuisance/info event
2025-06-25 06:36:00,CRM.AGC.SV01,HMI,SERVO-HUNT,WARNING,INC-0035,SERVO-HUNT on CRM.AGC.SV01 (escalating to INC-0035)
2025-06-25 08:33:21,SP.SINT.FAN01,PLC,SENSOR_GLITCH,WARNING,,Nuisance/info event
2025-06-26 03:00:00,CCM.MOLD.01,HMI,OSC-FRICTION-SPIKE,ALARM,INC-0020,OSC-FRICTION-SPIKE on CCM.MOLD.01 (escalating to INC-0020)
2025-06-26 04:23:44,RM.CONV.ORE01,SCADA,SENSOR_GLITCH,INFO,,Nuisance/info event
2025-06-26 23:00:00,BF.CW.PMP02,SCADA,VIB-1X-ALARM,ALARM,INC-0012,VIB-1X-ALARM on BF.CW.PMP02 (escalating to INC-0012)
2025-06-27 16:27:46,SP.SINT.FAN01,SCADA,HMI_WARN,WARNING,,Nuisance/info event
2025-06-27 22:58:33,BF.CW.PMP02,HMI,COMM_TIMEOUT,WARNING,,Nuisance/info event
2025-06-28 01:01:14,EAF.AUX.HYD01,SCADA,CAL_DUE,WARNING,,Nuisance/info event
2025-06-30 08:11:18,HSM.F1.GBX01,CMS,HMI_WARN,INFO,,Nuisance/info event
2025-06-30 18:03:05,CRM.AGC.SV01,HMI,DOOR_OPEN,WARNING,,Nuisance/info event
2025-06-30 19:18:56,HSM.STD.R1,SCADA,DOOR_OPEN,WARNING,,Nuisance/info event
2025-07-01 00:16:36,HSM.DSC.PMP01,PLC,HMI_WARN,INFO,,Nuisance/info event
2025-07-01 10:21:29,RHF.ZONE.SOAK,HMI,DOOR_OPEN,INFO,,Nuisance/info event
2025-07-01 21:50:03,HSM.F1.MTR01,HMI,LUBE_LOW_INFO,INFO,,Nuisance/info event
2025-07-02 13:16:31,SP.SINT.FAN01,SCADA,COMM_TIMEOUT,INFO,,Nuisance/info event
2025-07-02 15:34:29,HSM.F1.GBX01,HMI,LUBE_LOW_INFO,INFO,,Nuisance/info event
2025-07-03 09:48:00,CRM.AGC.SV01,SCADA,GAUGE-EXCURSION,WARNING,INC-0035,GAUGE-EXCURSION on CRM.AGC.SV01 (escalating to INC-0035)
2025-07-03 12:14:35,BF.CW.PMP02,SCADA,DOOR_OPEN,INFO,,Nuisance/info event
2025-07-03 22:49:06,HSM.F1.MTR01,SCADA,DOOR_OPEN,INFO,,Nuisance/info event
2025-07-04 04:42:53,HSM.F3.WR.BRG01,SCADA,DOOR_OPEN,INFO,,Nuisance/info event
2025-07-04 05:42:54,HSM.F1.MTR01,HMI,CAL_DUE,INFO,,Nuisance/info event
2025-07-04 22:53:25,RHF.ZONE.SOAK,SCADA,COMM_TIMEOUT,WARNING,,Nuisance/info event
2025-07-05 02:11:27,HSM.F3.WR.BRG01,CMS,LUBE_LOW_INFO,INFO,,Nuisance/info event
2025-07-05 05:00:00,HSM.F1.GBX01,CMS,CHIP-DETECT-ALARM,ALARM,INC-0062,CHIP-DETECT-ALARM on HSM.F1.GBX01 (escalating to INC-0062)
2025-07-05 06:31:26,RM.CONV.ORE01,HMI,CAL_DUE,WARNING,,Nuisance/info event
2025-07-05 10:57:25,CCM.MOLD.01,PLC,SENSOR_GLITCH,INFO,,Nuisance/info event
2025-07-05 18:49:17,SP.SINT.FAN01,CMS,LUBE_LOW_INFO,INFO,,Nuisance/info event
2025-07-06 10:12:59,SP.SINT.FAN01,CMS,LUBE_LOW_INFO,INFO,,Nuisance/info event
2025-07-06 22:06:41,RM.CONV.ORE01,HMI,CAL_DUE,INFO,,Nuisance/info event
2025-07-07 00:36:34,HSM.F3.WR.BRG01,SCADA,DOOR_OPEN,INFO,,Nuisance/info event
2025-07-07 11:00:45,HSM.DSC.PMP01,PLC,COMM_TIMEOUT,INFO,,Nuisance/info event
2025-07-09 07:19:47,HSM.DSC.PMP01,CMS,COMM_TIMEOUT,INFO,,Nuisance/info event
2025-07-09 10:21:44,HSM.F1.GBX01,CMS,LUBE_LOW_INFO,WARNING,,Nuisance/info event
2025-07-09 13:48:13,HSM.F1.GBX01,CMS,COMM_TIMEOUT,WARNING,,Nuisance/info event
2025-07-09 20:17:57,CRM.AGC.SV01,CMS,HMI_WARN,INFO,,Nuisance/info event
2025-07-09 23:53:46,BF.CW.PMP02,HMI,LUBE_LOW_INFO,WARNING,,Nuisance/info event
2025-07-10 06:10:57,CCM.MOLD.01,HMI,CAL_DUE,INFO,,Nuisance/info event
2025-07-11 01:48:00,RHF.ZONE.SOAK,CMS,FLAME-FAIL-CUTOFF,WARNING,INC-0102,FLAME-FAIL-CUTOFF on RHF.ZONE.SOAK (escalating to INC-0102)
2025-07-11 05:44:24,HSM.DSC.PMP01,SCADA,SENSOR_GLITCH,INFO,,Nuisance/info event
2025-07-11 13:00:00,CRM.AGC.SV01,SCADA,ISO4406-SERVO-DIRTY,ALARM,INC-0035,ISO4406-SERVO-DIRTY on CRM.AGC.SV01 (escalating to INC-0035)
2025-07-11 23:00:00,HSM.F3.WR.BRG01,HMI,TEMP-TRIP-100C,ALARM,INC-0079,TEMP-TRIP-100C on HSM.F3.WR.BRG01 (escalating to INC-0079)
2025-07-12 04:20:25,MS.LDC.CRN01,SCADA,COMM_TIMEOUT,WARNING,,Nuisance/info event
2025-07-12 07:57:54,EAF.AUX.HYD01,CMS,SENSOR_GLITCH,WARNING,,Nuisance/info event
2025-07-12 15:10:55,EAF.AUX.HYD01,HMI,COMM_TIMEOUT,WARNING,,Nuisance/info event
2025-07-12 17:48:00,RM.CONV.ORE01,PLC,IDLER-US-ALARM,WARNING,INC-0110,IDLER-US-ALARM on RM.CONV.ORE01 (escalating to INC-0110)
2025-07-13 12:26:23,MS.LDC.CRN01,SCADA,SENSOR_GLITCH,WARNING,,Nuisance/info event
2025-07-13 23:59:21,MS.LDC.CRN01,HMI,SENSOR_GLITCH,INFO,,Nuisance/info event
2025-07-14 00:24:55,HSM.F1.GBX01,CMS,DOOR_OPEN,INFO,,Nuisance/info event
2025-07-14 12:53:36,BF.BLW.FAN01,PLC,COMM_TIMEOUT,INFO,,Nuisance/info event
2025-07-14 22:39:41,RM.CONV.ORE01,HMI,HMI_WARN,INFO,,Nuisance/info event
2025-07-15 05:34:48,CCM.SEG.07,CMS,DOOR_OPEN,INFO,,Nuisance/info event
2025-07-15 21:54:18,RM.CONV.ORE01,HMI,COMM_TIMEOUT,INFO,,Nuisance/info event
2025-07-16 13:00:00,RHF.ZONE.SOAK,SCADA,FLUE-O2-HIGH,ALARM,INC-0102,FLUE-O2-HIGH on RHF.ZONE.SOAK (escalating to INC-0102)
2025-07-16 17:00:00,CCM.SEG.07,CMS,SEG-FORCE-HIGH,ALARM,INC-0028,SEG-FORCE-HIGH on CCM.SEG.07 (escalating to INC-0028)
2025-07-16 22:45:38,HSM.DSC.PMP01,PLC,HMI_WARN,INFO,,Nuisance/info event
2025-07-17 05:36:00,CRM.AGC.SV01,CMS,SERVO-HUNT,WARNING,INC-0036,SERVO-HUNT on CRM.AGC.SV01 (escalating to INC-0036)
2025-07-17 07:45:02,CCM.SEG.07,HMI,COMM_TIMEOUT,INFO,,Nuisance/info event
2025-07-17 14:10:44,RM.CONV.ORE01,HMI,HMI_WARN,WARNING,,Nuisance/info event
2025-07-17 15:33:53,SP.SINT.FAN01,PLC,CAL_DUE,WARNING,,Nuisance/info event
2025-07-18 03:36:00,CCM.MOLD.01,SCADA,BPS-BREAKOUT-P1,WARNING,INC-0021,BPS-BREAKOUT-P1 on CCM.MOLD.01 (escalating to INC-0021)
2025-07-18 04:51:47,RM.CONV.ORE01,CMS,COMM_TIMEOUT,WARNING,,Nuisance/info event
2025-07-18 10:48:00,CRM.AGC.SV01,CMS,GAUGE-EXCURSION,WARNING,INC-0036,GAUGE-EXCURSION on CRM.AGC.SV01 (escalating to INC-0036)
2025-07-19 07:04:00,SP.SINT.FAN01,HMI,HMI_WARN,WARNING,,Nuisance/info event
2025-07-19 11:56:09,BF.BLW.FAN01,SCADA,CAL_DUE,WARNING,,Nuisance/info event
2025-07-19 16:00:00,CRM.AGC.SV01,PLC,ISO4406-SERVO-DIRTY,ALARM,INC-0036,ISO4406-SERVO-DIRTY on CRM.AGC.SV01 (escalating to INC-0036)
2025-07-19 18:23:38,HSM.F3.WR.BRG01,CMS,COMM_TIMEOUT,WARNING,,Nuisance/info event
2025-07-19 18:55:12,HSM.F1.GBX01,PLC,DOOR_OPEN,INFO,,Nuisance/info event
2025-07-19 21:20:15,HSM.STD.R1,HMI,COMM_TIMEOUT,INFO,,Nuisance/info event
2025-07-19 23:36:00,EAF.AUX.HYD01,HMI,HYD-FILT-DP-ALARM,ALARM,INC-0046,HYD-FILT-DP-ALARM on EAF.AUX.HYD01 (escalating to INC-0046)
2025-07-20 10:56:49,CCM.MOLD.01,HMI,CAL_DUE,WARNING,,Nuisance/info event
2025-07-20 15:22:23,CRM.AGC.SV01,SCADA,SENSOR_GLITCH,INFO,,Nuisance/info event
2025-07-20 21:53:47,RM.CONV.ORE01,SCADA,SENSOR_GLITCH,WARNING,,Nuisance/info event
2025-07-20 23:33:58,HSM.DSC.PMP01,CMS,DOOR_OPEN,INFO,,Nuisance/info event
2025-07-21 07:08:00,HSM.F1.GBX01,SCADA,DOOR_OPEN,WARNING,,Nuisance/info event
2025-07-21 22:55:27,CRM.AGC.SV01,PLC,HMI_WARN,INFO,,Nuisance/info event
2025-07-21 23:06:33,HSM.STD.R1,HMI,LUBE_LOW_INFO,INFO,,Nuisance/info event
2025-07-22 01:36:00,RHF.ZONE.SOAK,PLC,FLAME-FAIL-CUTOFF,WARNING,INC-0103,FLAME-FAIL-CUTOFF on RHF.ZONE.SOAK (escalating to INC-0103)
2025-07-22 08:00:00,HSM.F1.MTR01,HMI,MCSA-RBAR-ALARM,ALARM,INC-0070,MCSA-RBAR-ALARM on HSM.F1.MTR01 (escalating to INC-0070)
2025-07-22 09:53:27,HSM.DSC.PMP01,HMI,COMM_TIMEOUT,INFO,,Nuisance/info event
2025-07-22 13:30:20,RHF.ZONE.SOAK,HMI,HMI_WARN,WARNING,,Nuisance/info event
2025-07-22 19:08:10,CCM.SEG.07,HMI,LUBE_LOW_INFO,WARNING,,Nuisance/info event
2025-07-22 21:58:02,CCM.SEG.07,PLC,DOOR_OPEN,WARNING,,Nuisance/info event
2025-07-22 23:58:51,HSM.DSC.PMP01,CMS,SENSOR_GLITCH,WARNING,,Nuisance/info event
2025-07-23 00:45:07,HSM.F3.WR.BRG01,HMI,LUBE_LOW_INFO,WARNING,,Nuisance/info event
2025-07-24 04:15:02,BF.CW.PMP02,PLC,COMM_TIMEOUT,INFO,,Nuisance/info event
2025-07-24 06:48:00,CCM.MOLD.01,CMS,TC-VPATTERN,WARNING,INC-0021,TC-VPATTERN on CCM.MOLD.01 (escalating to INC-0021)
2025-07-24 08:00:00,RHF.ZONE.SOAK,PLC,FLUE-O2-HIGH,ALARM,INC-0103,FLUE-O2-HIGH on RHF.ZONE.SOAK (escalating to INC-0103)
2025-07-24 13:40:49,MS.LDC.CRN01,SCADA,HMI_WARN,WARNING,,Nuisance/info event
2025-07-24 16:13:46,MS.LDC.CRN01,PLC,CAL_DUE,INFO,,Nuisance/info event
2025-07-24 23:09:41,BF.CW.PMP02,HMI,COMM_TIMEOUT,INFO,,Nuisance/info event
2025-07-25 00:12:27,EAF.AUX.HYD01,PLC,DOOR_OPEN,INFO,,Nuisance/info event
2025-07-26 05:24:50,RM.CONV.ORE01,PLC,CAL_DUE,WARNING,,Nuisance/info event
2025-07-26 12:02:23,SP.SINT.FAN01,SCADA,LUBE_LOW_INFO,WARNING,,Nuisance/info event
2025-07-26 14:00:00,CCM.SEG.07,CMS,ROLL-SEIZE,WARNING,INC-0029,ROLL-SEIZE on CCM.SEG.07 (escalating to INC-0029)
2025-07-26 14:46:52,SP.SINT.FAN01,SCADA,COMM_TIMEOUT,INFO,,Nuisance/info event
2025-07-26 15:03:05,BF.BLW.FAN01,HMI,LUBE_LOW_INFO,WARNING,,Nuisance/info event
2025-07-26 20:48:00,BF.CW.PMP02,CMS,BRG-TEMP-ALARM,WARNING,INC-0013,BRG-TEMP-ALARM on BF.CW.PMP02 (escalating to INC-0013)
2025-07-27 03:00:00,RM.CONV.ORE01,HMI,IDLER-TEMP-FIRE,ALARM,INC-0110,IDLER-TEMP-FIRE on RM.CONV.ORE01 (escalating to INC-0110)
2025-07-27 04:04:21,RHF.ZONE.SOAK,PLC,DOOR_OPEN,WARNING,,Nuisance/info event
2025-07-27 16:12:00,BF.BLW.FAN01,PLC,SURGE-ALARM,WARNING,INC-0004,SURGE-ALARM on BF.BLW.FAN01 (escalating to INC-0004)
2025-07-27 17:14:25,RM.CONV.ORE01,SCADA,LUBE_LOW_INFO,WARNING,,Nuisance/info event
2025-07-28 13:41:18,BF.BLW.FAN01,SCADA,CAL_DUE,INFO,,Nuisance/info event
2025-07-28 20:02:52,CCM.MOLD.01,CMS,COMM_TIMEOUT,INFO,,Nuisance/info event
2025-07-29 00:59:19,RM.CONV.ORE01,PLC,SENSOR_GLITCH,WARNING,,Nuisance/info event
2025-07-29 04:18:46,BF.CW.PMP02,SCADA,HMI_WARN,WARNING,,Nuisance/info event
2025-07-29 18:28:29,RHF.ZONE.SOAK,CMS,COMM_TIMEOUT,WARNING,,Nuisance/info event
2025-07-30 02:00:00,CCM.SEG.07,CMS,SEG-FORCE-HIGH,ALARM,INC-0029,SEG-FORCE-HIGH on CCM.SEG.07 (escalating to INC-0029)
2025-07-30 10:00:00,CCM.MOLD.01,PLC,OSC-FRICTION-SPIKE,ALARM,INC-0021,OSC-FRICTION-SPIKE on CCM.MOLD.01 (escalating to INC-0021)
2025-07-30 12:15:17,HSM.F1.MTR01,PLC,HMI_WARN,WARNING,,Nuisance/info event
2025-07-30 13:13:13,HSM.F3.WR.BRG01,CMS,SENSOR_GLITCH,WARNING,,Nuisance/info event
2025-07-30 17:52:47,CCM.SEG.07,HMI,DOOR_OPEN,INFO,,Nuisance/info event
2025-07-30 22:00:00,BF.CW.PMP02,CMS,VIB-1X-ALARM,ALARM,INC-0013,VIB-1X-ALARM on BF.CW.PMP02 (escalating to INC-0013)
2025-08-01 04:25:31,RM.CONV.ORE01,SCADA,SENSOR_GLITCH,INFO,,Nuisance/info event
2025-08-01 21:52:35,MS.LDC.CRN01,HMI,HMI_WARN,INFO,,Nuisance/info event
2025-08-01 22:08:25,HSM.STD.R1,SCADA,SENSOR_GLITCH,INFO,,Nuisance/info event
2025-08-03 03:50:45,HSM.F1.MTR01,SCADA,LUBE_LOW_INFO,INFO,,Nuisance/info event
2025-08-04 13:58:49,HSM.F1.GBX01,HMI,SENSOR_GLITCH,WARNING,,Nuisance/info event
2025-08-05 14:51:13,EAF.AUX.HYD01,CMS,HMI_WARN,WARNING,,Nuisance/info event
2025-08-05 17:00:00,BF.BLW.FAN01,HMI,ASV-CYCLING,ALARM,INC-0004,ASV-CYCLING on BF.BLW.FAN01 (escalating to INC-0004)
2025-08-05 20:57:36,HSM.STD.R1,SCADA,COMM_TIMEOUT,WARNING,,Nuisance/info event
2025-08-06 10:11:39,HSM.F1.MTR01,HMI,DOOR_OPEN,INFO,,Nuisance/info event
2025-08-06 11:53:00,RHF.ZONE.SOAK,HMI,SENSOR_GLITCH,WARNING,,Nuisance/info event
2025-08-07 02:00:00,MS.LDC.CRN01,HMI,ROPE-MFL-RETIRE,WARNING,INC-0095,ROPE-MFL-RETIRE on MS.LDC.CRN01 (escalating to INC-0095)
2025-08-08 20:24:00,RM.CONV.ORE01,CMS,IDLER-US-ALARM,WARNING,INC-0111,IDLER-US-ALARM on RM.CONV.ORE01 (escalating to INC-0111)
2025-08-09 07:36:23,RM.CONV.ORE01,HMI,CAL_DUE,WARNING,,Nuisance/info event
2025-08-09 13:59:58,EAF.AUX.HYD01,SCADA,COMM_TIMEOUT,INFO,,Nuisance/info event
2025-08-09 15:41:00,BF.BLW.FAN01,PLC,DOOR_OPEN,INFO,,Nuisance/info event
2025-08-09 19:34:24,HSM.F1.MTR01,PLC,LUBE_LOW_INFO,INFO,,Nuisance/info event
2025-08-10 06:56:43,SP.SINT.FAN01,CMS,DOOR_OPEN,WARNING,,Nuisance/info event
2025-08-13 01:12:00,HSM.DSC.PMP01,CMS,VIB-SEAL-DANGER,ALARM,INC-0055,VIB-SEAL-DANGER on HSM.DSC.PMP01 (escalating to INC-0055)
2025-08-13 16:00:00,RM.CONV.ORE01,SCADA,IDLER-TEMP-FIRE,ALARM,INC-0111,IDLER-TEMP-FIRE on RM.CONV.ORE01 (escalating to INC-0111)
2025-08-13 20:51:27,HSM.STD.R1,HMI,CAL_DUE,WARNING,,Nuisance/info event
2025-08-14 10:12:00,CCM.SEG.07,PLC,ROLL-SEIZE,WARNING,INC-0030,ROLL-SEIZE on CCM.SEG.07 (escalating to INC-0030)
2025-08-15 06:01:56,HSM.DSC.PMP01,CMS,SENSOR_GLITCH,WARNING,,Nuisance/info event
2025-08-15 06:20:05,RM.CONV.ORE01,HMI,COMM_TIMEOUT,WARNING,,Nuisance/info event
2025-08-15 22:55:34,RHF.ZONE.SOAK,SCADA,CAL_DUE,INFO,,Nuisance/info event
2025-08-16 00:56:36,HSM.DSC.PMP01,CMS,DOOR_OPEN,WARNING,,Nuisance/info event
2025-08-16 01:24:26,HSM.F1.GBX01,PLC,COMM_TIMEOUT,WARNING,,Nuisance/info event
2025-08-16 09:19:44,CCM.MOLD.01,HMI,DOOR_OPEN,INFO,,Nuisance/info event
2025-08-16 14:48:06,SP.SINT.FAN01,SCADA,LUBE_LOW_INFO,INFO,,Nuisance/info event
2025-08-16 18:02:31,SP.SINT.FAN01,CMS,CAL_DUE,WARNING,,Nuisance/info event
2025-08-16 19:36:00,CRM.AGC.SV01,CMS,SERVO-HUNT,WARNING,INC-0037,SERVO-HUNT on CRM.AGC.SV01 (escalating to INC-0037)
2025-08-16 20:50:49,BF.BLW.FAN01,CMS,SENSOR_GLITCH,INFO,,Nuisance/info event
2025-08-17 04:32:52,EAF.AUX.HYD01,CMS,COMM_TIMEOUT,WARNING,,Nuisance/info event
2025-08-17 05:10:37,BF.BLW.FAN01,PLC,SENSOR_GLITCH,WARNING,,Nuisance/info event
2025-08-17 09:57:29,HSM.STD.R1,PLC,LUBE_LOW_INFO,WARNING,,Nuisance/info event
2025-08-17 10:11:14,CCM.MOLD.01,SCADA,LUBE_LOW_INFO,INFO,,Nuisance/info event
2025-08-17 15:39:10,HSM.DSC.PMP01,CMS,HMI_WARN,INFO,,Nuisance/info event
2025-08-17 23:00:00,CCM.SEG.07,CMS,SEG-FORCE-HIGH,ALARM,INC-0030,SEG-FORCE-HIGH on CCM.SEG.07 (escalating to INC-0030)
2025-08-17 23:52:09,EAF.AUX.HYD01,SCADA,COMM_TIMEOUT,INFO,,Nuisance/info event
2025-08-18 01:47:48,HSM.STD.R1,SCADA,SENSOR_GLITCH,INFO,,Nuisance/info event
2025-08-18 01:52:22,MS.LDC.CRN01,HMI,HMI_WARN,INFO,,Nuisance/info event
2025-08-18 08:48:00,CRM.AGC.SV01,SCADA,GAUGE-EXCURSION,WARNING,INC-0037,GAUGE-EXCURSION on CRM.AGC.SV01 (escalating to INC-0037)
2025-08-19 05:23:28,RM.CONV.ORE01,HMI,DOOR_OPEN,INFO,,Nuisance/info event
2025-08-19 14:10:12,CCM.MOLD.01,SCADA,HMI_WARN,INFO,,Nuisance/info event
2025-08-19 19:04:52,HSM.F3.WR.BRG01,CMS,HMI_WARN,WARNING,,Nuisance/info event
2025-08-19 22:00:00,CRM.AGC.SV01,PLC,ISO4406-SERVO-DIRTY,ALARM,INC-0037,ISO4406-SERVO-DIRTY on CRM.AGC.SV01 (escalating to INC-0037)
2025-08-20 10:32:20,MS.LDC.CRN01,HMI,HMI_WARN,WARNING,,Nuisance/info event
2025-08-20 14:53:06,HSM.STD.R1,SCADA,DOOR_OPEN,INFO,,Nuisance/info event
2025-08-21 04:47:03,HSM.F1.MTR01,SCADA,HMI_WARN,WARNING,,Nuisance/info event
2025-08-21 14:00:00,HSM.STD.R1,PLC,FORCE-RIPPLE-HIGH,WARNING,INC-0087,FORCE-RIPPLE-HIGH on HSM.STD.R1 (escalating to INC-0087)
2025-08-21 19:09:46,CCM.MOLD.01,PLC,LUBE_LOW_INFO,INFO,,Nuisance/info event
2025-08-22 04:35:12,CCM.SEG.07,CMS,DOOR_OPEN,WARNING,,Nuisance/info event
2025-08-22 09:00:27,RM.CONV.ORE01,PLC,COMM_TIMEOUT,WARNING,,Nuisance/info event
2025-08-22 16:02:17,CCM.SEG.07,HMI,COMM_TIMEOUT,WARNING,,Nuisance/info event
2025-08-23 11:28:35,MS.LDC.CRN01,PLC,LUBE_LOW_INFO,WARNING,,Nuisance/info event
2025-08-24 17:41:04,EAF.AUX.HYD01,SCADA,LUBE_LOW_INFO,WARNING,,Nuisance/info event
2025-08-25 12:32:58,HSM.F1.MTR01,HMI,COMM_TIMEOUT,WARNING,,Nuisance/info event
2025-08-25 17:05:50,CCM.MOLD.01,HMI,SENSOR_GLITCH,INFO,,Nuisance/info event
2025-08-26 14:00:58,CRM.AGC.SV01,HMI,CAL_DUE,INFO,,Nuisance/info event
2025-08-26 17:08:53,HSM.STD.R1,HMI,HMI_WARN,INFO,,Nuisance/info event
2025-08-26 21:12:03,CCM.SEG.07,CMS,DOOR_OPEN,INFO,,Nuisance/info event
2025-08-27 14:31:36,MS.LDC.CRN01,CMS,HMI_WARN,WARNING,,Nuisance/info event
2025-08-27 20:23:47,CCM.MOLD.01,PLC,COMM_TIMEOUT,WARNING,,Nuisance/info event
2025-08-28 04:37:20,CCM.SEG.07,SCADA,HMI_WARN,WARNING,,Nuisance/info event
2025-08-28 04:47:13,CCM.SEG.07,CMS,LUBE_LOW_INFO,INFO,,Nuisance/info event
2025-08-28 05:12:00,HSM.F3.WR.BRG01,HMI,VIB-BPFO-DANGER,WARNING,INC-0080,VIB-BPFO-DANGER on HSM.F3.WR.BRG01 (escalating to INC-0080)
2025-08-28 19:20:30,HSM.DSC.PMP01,SCADA,SENSOR_GLITCH,INFO,,Nuisance/info event
2025-08-29 05:20:05,BF.CW.PMP02,HMI,LUBE_LOW_INFO,INFO,,Nuisance/info event
2025-08-29 05:24:00,HSM.F1.GBX01,PLC,GMF-DANGER,WARNING,INC-0063,GMF-DANGER on HSM.F1.GBX01 (escalating to INC-0063)
2025-08-29 08:32:39,CRM.AGC.SV01,CMS,LUBE_LOW_INFO,WARNING,,Nuisance/info event
2025-08-29 11:24:27,EAF.AUX.HYD01,SCADA,COMM_TIMEOUT,INFO,,Nuisance/info event
2025-08-30 04:36:43,BF.BLW.FAN01,HMI,LUBE_LOW_INFO,INFO,,Nuisance/info event
2025-08-30 05:00:19,RHF.ZONE.SOAK,CMS,LUBE_LOW_INFO,INFO,,Nuisance/info event
2025-08-31 11:26:50,HSM.DSC.PMP01,SCADA,DOOR_OPEN,WARNING,,Nuisance/info event
2025-08-31 18:14:59,RM.CONV.ORE01,PLC,DOOR_OPEN,WARNING,,Nuisance/info event
2025-09-01 05:14:42,HSM.DSC.PMP01,PLC,DOOR_OPEN,INFO,,Nuisance/info event
2025-09-01 09:37:18,SP.SINT.FAN01,HMI,CAL_DUE,WARNING,,Nuisance/info event
2025-09-01 15:31:13,SP.SINT.FAN01,HMI,SENSOR_GLITCH,INFO,,Nuisance/info event
2025-09-02 11:02:36,HSM.F1.GBX01,CMS,HMI_WARN,INFO,,Nuisance/info event
2025-09-02 18:57:58,BF.CW.PMP02,PLC,COMM_TIMEOUT,WARNING,,Nuisance/info event
2025-09-03 03:15:33,HSM.DSC.PMP01,CMS,CAL_DUE,WARNING,,Nuisance/info event
2025-09-03 13:59:41,RM.CONV.ORE01,HMI,CAL_DUE,INFO,,Nuisance/info event
2025-09-04 03:26:53,EAF.AUX.HYD01,PLC,CAL_DUE,INFO,,Nuisance/info event
2025-09-04 09:30:02,RHF.ZONE.SOAK,SCADA,HMI_WARN,INFO,,Nuisance/info event
2025-09-04 18:37:44,HSM.DSC.PMP01,SCADA,LUBE_LOW_INFO,INFO,,Nuisance/info event
2025-09-04 22:04:12,BF.CW.PMP02,PLC,HMI_WARN,INFO,,Nuisance/info event
2025-09-05 04:08:46,SP.SINT.FAN01,SCADA,LUBE_LOW_INFO,WARNING,,Nuisance/info event
2025-09-05 08:39:24,EAF.AUX.HYD01,CMS,COMM_TIMEOUT,WARNING,,Nuisance/info event
2025-09-05 16:33:46,EAF.AUX.HYD01,HMI,HMI_WARN,WARNING,,Nuisance/info event
2025-09-05 22:00:00,HSM.STD.R1,CMS,SURFACE-DEFECT-PERIODIC,ALARM,INC-0087,SURFACE-DEFECT-PERIODIC on HSM.STD.R1 (escalating to INC-0087)
2025-09-06 04:00:00,MS.LDC.CRN01,HMI,ROPE-DISCARD-ISO4309,ALARM,INC-0095,ROPE-DISCARD-ISO4309 on MS.LDC.CRN01 (escalating to INC-0095)
2025-09-06 05:07:53,CCM.SEG.07,HMI,CAL_DUE,WARNING,,Nuisance/info event
2025-09-06 09:57:54,SP.SINT.FAN01,CMS,SENSOR_GLITCH,WARNING,,Nuisance/info event
2025-09-06 11:00:00,CCM.MOLD.01,CMS,BPS-BREAKOUT-P1,WARNING,INC-0022,BPS-BREAKOUT-P1 on CCM.MOLD.01 (escalating to INC-0022)
2025-09-06 14:02:03,RM.CONV.ORE01,PLC,DOOR_OPEN,INFO,,Nuisance/info event
2025-09-07 10:48:00,BF.CW.PMP02,CMS,BRG-TEMP-ALARM,WARNING,INC-0014,BRG-TEMP-ALARM on BF.CW.PMP02 (escalating to INC-0014)
2025-09-07 11:11:52,MS.LDC.CRN01,PLC,CAL_DUE,INFO,,Nuisance/info event
2025-09-08 00:00:00,CCM.MOLD.01,HMI,TC-VPATTERN,WARNING,INC-0022,TC-VPATTERN on CCM.MOLD.01 (escalating to INC-0022)
2025-09-08 02:24:00,SP.SINT.FAN01,CMS,VIB-1X-ALARM,WARNING,INC-0118,VIB-1X-ALARM on SP.SINT.FAN01 (escalating to INC-0118)
2025-09-08 04:21:21,CCM.MOLD.01,SCADA,CAL_DUE,WARNING,,Nuisance/info event
2025-09-08 12:43:09,RM.CONV.ORE01,SCADA,DOOR_OPEN,WARNING,,Nuisance/info event
2025-09-08 12:59:14,RHF.ZONE.SOAK,PLC,LUBE_LOW_INFO,WARNING,,Nuisance/info event
2025-09-08 17:42:40,EAF.AUX.HYD01,CMS,CAL_DUE,INFO,,Nuisance/info event
2025-09-08 18:48:00,EAF.AUX.HYD01,HMI,HYD-FILT-DP-ALARM,ALARM,INC-0047,HYD-FILT-DP-ALARM on EAF.AUX.HYD01 (escalating to INC-0047)
2025-09-09 07:06:53,CCM.SEG.07,PLC,HMI_WARN,INFO,,Nuisance/info event
2025-09-09 08:01:55,HSM.F1.MTR01,HMI,CAL_DUE,WARNING,,Nuisance/info event
2025-09-09 13:00:00,CCM.MOLD.01,CMS,OSC-FRICTION-SPIKE,ALARM,INC-0022,OSC-FRICTION-SPIKE on CCM.MOLD.01 (escalating to INC-0022)
2025-09-10 03:19:22,RM.CONV.ORE01,CMS,DOOR_OPEN,WARNING,,Nuisance/info event
2025-09-10 04:59:53,MS.LDC.CRN01,HMI,HMI_WARN,INFO,,Nuisance/info event
2025-09-10 06:05:55,HSM.F1.MTR01,SCADA,COMM_TIMEOUT,INFO,,Nuisance/info event
2025-09-10 06:14:51,EAF.AUX.HYD01,PLC,DOOR_OPEN,INFO,,Nuisance/info event
2025-09-10 15:21:51,CRM.AGC.SV01,SCADA,LUBE_LOW_INFO,INFO,,Nuisance/info event
2025-09-10 17:25:56,CCM.SEG.07,PLC,SENSOR_GLITCH,INFO,,Nuisance/info event
2025-09-10 23:21:31,RM.CONV.ORE01,HMI,COMM_TIMEOUT,INFO,,Nuisance/info event
2025-09-11 00:34:51,HSM.STD.R1,SCADA,COMM_TIMEOUT,INFO,,Nuisance/info event
2025-09-11 02:31:59,HSM.F1.MTR01,CMS,DOOR_OPEN,WARNING,,Nuisance/info event
2025-09-11 02:50:00,BF.BLW.FAN01,SCADA,COMM_TIMEOUT,WARNING,,Nuisance/info event
2025-09-11 05:17:44,CCM.SEG.07,SCADA,COMM_TIMEOUT,INFO,,Nuisance/info event
2025-09-11 10:10:27,BF.CW.PMP02,PLC,DOOR_OPEN,WARNING,,Nuisance/info event
2025-09-11 15:31:21,EAF.AUX.HYD01,SCADA,HMI_WARN,WARNING,,Nuisance/info event
2025-09-11 21:15:34,BF.BLW.FAN01,PLC,COMM_TIMEOUT,INFO,,Nuisance/info event
2025-09-12 08:20:21,CCM.SEG.07,CMS,SENSOR_GLITCH,WARNING,,Nuisance/info event
2025-09-13 00:47:59,EAF.AUX.HYD01,PLC,SENSOR_GLITCH,INFO,,Nuisance/info event
2025-09-13 08:51:23,CRM.AGC.SV01,HMI,DOOR_OPEN,WARNING,,Nuisance/info event
2025-09-13 10:09:08,MS.LDC.CRN01,SCADA,LUBE_LOW_INFO,INFO,,Nuisance/info event
2025-09-13 17:34:29,RM.CONV.ORE01,PLC,CAL_DUE,WARNING,,Nuisance/info event
2025-09-13 23:33:29,BF.BLW.FAN01,HMI,HMI_WARN,INFO,,Nuisance/info event
2025-09-14 08:24:00,CCM.SEG.07,CMS,ROLL-SEIZE,WARNING,INC-0031,ROLL-SEIZE on CCM.SEG.07 (escalating to INC-0031)
2025-09-14 14:18:40,CCM.SEG.07,CMS,HMI_WARN,WARNING,,Nuisance/info event
2025-09-14 16:12:00,BF.BLW.FAN01,PLC,SURGE-ALARM,WARNING,INC-0005,SURGE-ALARM on BF.BLW.FAN01 (escalating to INC-0005)
2025-09-15 13:00:00,HSM.F1.GBX01,HMI,CHIP-DETECT-ALARM,ALARM,INC-0063,CHIP-DETECT-ALARM on HSM.F1.GBX01 (escalating to INC-0063)
2025-09-16 09:01:33,MS.LDC.CRN01,CMS,SENSOR_GLITCH,INFO,,Nuisance/info event
2025-09-17 01:24:00,HSM.F1.MTR01,CMS,MCSA-RBAR-ALARM,ALARM,INC-0071,MCSA-RBAR-ALARM on HSM.F1.MTR01 (escalating to INC-0071)
2025-09-17 05:58:35,HSM.F1.MTR01,CMS,HMI_WARN,INFO,,Nuisance/info event
2025-09-17 12:45:48,CCM.SEG.07,CMS,CAL_DUE,WARNING,,Nuisance/info event
2025-09-18 02:23:04,RHF.ZONE.SOAK,PLC,LUBE_LOW_INFO,WARNING,,Nuisance/info event
2025-09-18 03:14:38,CRM.AGC.SV01,PLC,LUBE_LOW_INFO,WARNING,,Nuisance/info event
2025-09-18 09:17:26,RHF.ZONE.SOAK,HMI,HMI_WARN,WARNING,,Nuisance/info event
2025-09-18 09:31:20,SP.SINT.FAN01,PLC,CAL_DUE,WARNING,,Nuisance/info event
2025-09-18 10:49:44,HSM.F3.WR.BRG01,CMS,SENSOR_GLITCH,WARNING,,Nuisance/info event
2025-09-18 12:04:34,RHF.ZONE.SOAK,CMS,CAL_DUE,WARNING,,Nuisance/info event
2025-09-18 16:35:35,BF.BLW.FAN01,CMS,SENSOR_GLITCH,INFO,,Nuisance/info event
2025-09-19 00:35:53,BF.CW.PMP02,HMI,COMM_TIMEOUT,WARNING,,Nuisance/info event
2025-09-19 12:00:00,CCM.SEG.07,CMS,SEG-FORCE-HIGH,ALARM,INC-0031,SEG-FORCE-HIGH on CCM.SEG.07 (escalating to INC-0031)
2025-09-19 20:52:04,CCM.SEG.07,PLC,COMM_TIMEOUT,WARNING,,Nuisance/info event
2025-09-19 21:29:42,HSM.F1.MTR01,CMS,SENSOR_GLITCH,INFO,,Nuisance/info event
2025-09-20 08:14:58,CCM.MOLD.01,PLC,HMI_WARN,INFO,,Nuisance/info event
2025-09-20 08:37:02,RHF.ZONE.SOAK,CMS,LUBE_LOW_INFO,WARNING,,Nuisance/info event
2025-09-20 18:04:19,RHF.ZONE.SOAK,CMS,SENSOR_GLITCH,INFO,,Nuisance/info event
2025-09-20 19:59:28,HSM.F1.GBX01,SCADA,HMI_WARN,INFO,,Nuisance/info event
2025-09-21 08:31:40,MS.LDC.CRN01,CMS,LUBE_LOW_INFO,WARNING,,Nuisance/info event
2025-09-21 17:00:00,RHF.ZONE.SOAK,CMS,FLAME-FAIL-CUTOFF,WARNING,INC-0104,FLAME-FAIL-CUTOFF on RHF.ZONE.SOAK (escalating to INC-0104)
2025-09-22 04:36:00,CRM.AGC.SV01,SCADA,SERVO-HUNT,WARNING,INC-0038,SERVO-HUNT on CRM.AGC.SV01 (escalating to INC-0038)
2025-09-22 09:00:00,HSM.DSC.PMP01,CMS,VIB-SEAL-DANGER,ALARM,INC-0056,VIB-SEAL-DANGER on HSM.DSC.PMP01 (escalating to INC-0056)
2025-09-23 15:25:54,CRM.AGC.SV01,CMS,DOOR_OPEN,WARNING,,Nuisance/info event
2025-09-23 22:48:00,CRM.AGC.SV01,CMS,GAUGE-EXCURSION,WARNING,INC-0038,GAUGE-EXCURSION on CRM.AGC.SV01 (escalating to INC-0038)
2025-09-24 21:17:07,CCM.SEG.07,PLC,HMI_WARN,INFO,,Nuisance/info event
2025-09-25 02:16:49,CCM.SEG.07,HMI,HMI_WARN,INFO,,Nuisance/info event
2025-09-25 09:26:44,RM.CONV.ORE01,HMI,DOOR_OPEN,INFO,,Nuisance/info event
2025-09-25 11:29:06,RHF.ZONE.SOAK,HMI,HMI_WARN,WARNING,,Nuisance/info event
2025-09-25 13:07:01,CCM.SEG.07,PLC,HMI_WARN,WARNING,,Nuisance/info event
2025-09-25 17:00:00,CRM.AGC.SV01,SCADA,ISO4406-SERVO-DIRTY,ALARM,INC-0038,ISO4406-SERVO-DIRTY on CRM.AGC.SV01 (escalating to INC-0038)
2025-09-25 19:00:00,BF.BLW.FAN01,CMS,ASV-CYCLING,ALARM,INC-0005,ASV-CYCLING on BF.BLW.FAN01 (escalating to INC-0005)
2025-09-26 01:38:15,CRM.AGC.SV01,SCADA,COMM_TIMEOUT,INFO,,Nuisance/info event
2025-09-26 13:49:51,CCM.MOLD.01,PLC,DOOR_OPEN,WARNING,,Nuisance/info event
2025-09-26 22:00:00,HSM.F3.WR.BRG01,SCADA,TEMP-TRIP-100C,ALARM,INC-0080,TEMP-TRIP-100C on HSM.F3.WR.BRG01 (escalating to INC-0080)
2025-09-27 00:03:15,HSM.STD.R1,CMS,LUBE_LOW_INFO,INFO,,Nuisance/info event
2025-09-27 00:47:48,SP.SINT.FAN01,SCADA,DOOR_OPEN,INFO,,Nuisance/info event
2025-09-27 10:28:58,CCM.SEG.07,HMI,COMM_TIMEOUT,WARNING,,Nuisance/info event
2025-09-27 15:20:06,CCM.MOLD.01,PLC,HMI_WARN,INFO,,Nuisance/info event
2025-09-27 16:38:57,BF.BLW.FAN01,SCADA,CAL_DUE,WARNING,,Nuisance/info event
2025-09-28 08:14:30,HSM.F1.MTR01,SCADA,DOOR_OPEN,WARNING,,Nuisance/info event
2025-09-28 10:00:00,SP.SINT.FAN01,PLC,IMBALANCE-SHED,ALARM,INC-0118,IMBALANCE-SHED on SP.SINT.FAN01 (escalating to INC-0118)
2025-09-30 03:29:10,MS.LDC.CRN01,CMS,LUBE_LOW_INFO,WARNING,,Nuisance/info event
2025-09-30 09:30:09,HSM.F1.GBX01,CMS,COMM_TIMEOUT,INFO,,Nuisance/info event
2025-09-30 18:00:00,BF.CW.PMP02,SCADA,VIB-1X-ALARM,ALARM,INC-0014,VIB-1X-ALARM on BF.CW.PMP02 (escalating to INC-0014)
2025-09-30 19:30:00,EAF.AUX.HYD01,CMS,DOOR_OPEN,INFO,,Nuisance/info event
2025-09-30 20:13:44,BF.BLW.FAN01,PLC,DOOR_OPEN,WARNING,,Nuisance/info event
2025-10-01 00:51:03,RM.CONV.ORE01,CMS,HMI_WARN,WARNING,,Nuisance/info event
2025-10-01 17:12:10,HSM.F1.MTR01,PLC,DOOR_OPEN,WARNING,,Nuisance/info event
2025-10-01 17:31:15,RM.CONV.ORE01,HMI,HMI_WARN,WARNING,,Nuisance/info event
2025-10-02 00:51:08,BF.BLW.FAN01,CMS,HMI_WARN,INFO,,Nuisance/info event
2025-10-02 03:55:15,HSM.F3.WR.BRG01,SCADA,COMM_TIMEOUT,WARNING,,Nuisance/info event
2025-10-02 09:14:52,RHF.ZONE.SOAK,PLC,SENSOR_GLITCH,INFO,,Nuisance/info event
2025-10-02 11:27:27,SP.SINT.FAN01,HMI,DOOR_OPEN,INFO,,Nuisance/info event
2025-10-02 13:27:53,CCM.SEG.07,CMS,LUBE_LOW_INFO,WARNING,,Nuisance/info event
2025-10-02 13:41:55,EAF.AUX.HYD01,SCADA,HMI_WARN,WARNING,,Nuisance/info event
2025-10-03 01:49:13,HSM.F3.WR.BRG01,CMS,COMM_TIMEOUT,INFO,,Nuisance/info event
2025-10-05 05:40:14,EAF.AUX.HYD01,PLC,LUBE_LOW_INFO,INFO,,Nuisance/info event
2025-10-05 21:12:00,SP.SINT.FAN01,PLC,VIB-1X-ALARM,WARNING,INC-0119,VIB-1X-ALARM on SP.SINT.FAN01 (escalating to INC-0119)
2025-10-06 00:04:15,HSM.F1.MTR01,SCADA,COMM_TIMEOUT,INFO,,Nuisance/info event
2025-10-06 04:00:00,BF.BLW.FAN01,HMI,SURGE-ALARM,WARNING,INC-0006,SURGE-ALARM on BF.BLW.FAN01 (escalating to INC-0006)
2025-10-06 06:45:38,HSM.F1.GBX01,CMS,HMI_WARN,WARNING,,Nuisance/info event
2025-10-06 06:58:48,HSM.F1.MTR01,CMS,DOOR_OPEN,INFO,,Nuisance/info event
2025-10-06 16:43:34,CCM.MOLD.01,SCADA,LUBE_LOW_INFO,WARNING,,Nuisance/info event
2025-10-06 18:27:34,BF.CW.PMP02,HMI,CAL_DUE,INFO,,Nuisance/info event
2025-10-06 19:06:57,BF.BLW.FAN01,SCADA,HMI_WARN,INFO,,Nuisance/info event
2025-10-07 14:28:27,BF.BLW.FAN01,SCADA,COMM_TIMEOUT,WARNING,,Nuisance/info event
2025-10-07 17:48:00,HSM.F1.GBX01,CMS,GMF-DANGER,WARNING,INC-0064,GMF-DANGER on HSM.F1.GBX01 (escalating to INC-0064)
2025-10-07 20:24:00,HSM.F3.WR.BRG01,HMI,VIB-BPFO-DANGER,WARNING,INC-0081,VIB-BPFO-DANGER on HSM.F3.WR.BRG01 (escalating to INC-0081)
2025-10-08 07:01:50,BF.BLW.FAN01,CMS,LUBE_LOW_INFO,INFO,,Nuisance/info event
2025-10-08 18:22:45,CCM.SEG.07,SCADA,CAL_DUE,INFO,,Nuisance/info event
2025-10-09 04:52:09,HSM.F1.MTR01,CMS,SENSOR_GLITCH,WARNING,,Nuisance/info event
2025-10-09 12:00:00,SP.SINT.FAN01,SCADA,IMBALANCE-SHED,ALARM,INC-0119,IMBALANCE-SHED on SP.SINT.FAN01 (escalating to INC-0119)
2025-10-09 16:04:59,CCM.MOLD.01,SCADA,HMI_WARN,INFO,,Nuisance/info event
2025-10-09 19:50:01,HSM.F3.WR.BRG01,SCADA,LUBE_LOW_INFO,WARNING,,Nuisance/info event
2025-10-10 03:02:17,HSM.F3.WR.BRG01,HMI,COMM_TIMEOUT,INFO,,Nuisance/info event
2025-10-10 16:34:52,EAF.AUX.HYD01,HMI,DOOR_OPEN,INFO,,Nuisance/info event
2025-10-10 20:01:51,HSM.F1.GBX01,CMS,CAL_DUE,WARNING,,Nuisance/info event
2025-10-11 01:12:00,CCM.MOLD.01,HMI,BPS-BREAKOUT-P1,WARNING,INC-0023,BPS-BREAKOUT-P1 on CCM.MOLD.01 (escalating to INC-0023)
2025-10-11 02:49:29,SP.SINT.FAN01,HMI,LUBE_LOW_INFO,INFO,,Nuisance/info event
2025-10-11 06:00:00,BF.BLW.FAN01,CMS,ASV-CYCLING,ALARM,INC-0006,ASV-CYCLING on BF.BLW.FAN01 (escalating to INC-0006)
2025-10-11 06:51:10,HSM.F1.GBX01,HMI,DOOR_OPEN,INFO,,Nuisance/info event
2025-10-11 07:02:56,EAF.AUX.HYD01,PLC,SENSOR_GLITCH,INFO,,Nuisance/info event
2025-10-11 09:23:01,HSM.STD.R1,HMI,LUBE_LOW_INFO,INFO,,Nuisance/info event
2025-10-11 10:00:00,HSM.F3.WR.BRG01,PLC,TEMP-TRIP-100C,ALARM,INC-0081,TEMP-TRIP-100C on HSM.F3.WR.BRG01 (escalating to INC-0081)
2025-10-12 05:00:00,HSM.F1.GBX01,HMI,CHIP-DETECT-ALARM,ALARM,INC-0064,CHIP-DETECT-ALARM on HSM.F1.GBX01 (escalating to INC-0064)
2025-10-12 07:55:26,BF.CW.PMP02,PLC,COMM_TIMEOUT,WARNING,,Nuisance/info event
2025-10-12 15:17:01,HSM.F1.GBX01,SCADA,CAL_DUE,WARNING,,Nuisance/info event
2025-10-12 19:30:19,SP.SINT.FAN01,SCADA,SENSOR_GLITCH,INFO,,Nuisance/info event
2025-10-13 17:30:34,HSM.F1.MTR01,SCADA,HMI_WARN,WARNING,,Nuisance/info event
2025-10-13 18:36:50,HSM.DSC.PMP01,SCADA,SENSOR_GLITCH,INFO,,Nuisance/info event
2025-10-14 10:49:15,CCM.MOLD.01,PLC,DOOR_OPEN,INFO,,Nuisance/info event
2025-10-14 13:07:06,HSM.F3.WR.BRG01,CMS,DOOR_OPEN,WARNING,,Nuisance/info event
2025-10-14 18:20:10,HSM.STD.R1,HMI,HMI_WARN,WARNING,,Nuisance/info event
2025-10-15 02:49:19,HSM.STD.R1,HMI,CAL_DUE,WARNING,,Nuisance/info event
2025-10-15 09:34:19,HSM.F3.WR.BRG01,SCADA,CAL_DUE,WARNING,,Nuisance/info event
2025-10-16 02:53:24,HSM.STD.R1,PLC,HMI_WARN,INFO,,Nuisance/info event
2025-10-16 10:24:10,BF.CW.PMP02,CMS,SENSOR_GLITCH,INFO,,Nuisance/info event
2025-10-17 02:18:05,HSM.STD.R1,SCADA,SENSOR_GLITCH,WARNING,,Nuisance/info event
2025-10-17 11:39:35,HSM.STD.R1,PLC,SENSOR_GLITCH,WARNING,,Nuisance/info event
2025-10-17 20:12:00,HSM.F1.MTR01,PLC,MCSA-RBAR-ALARM,ALARM,INC-0072,MCSA-RBAR-ALARM on HSM.F1.MTR01 (escalating to INC-0072)
2025-10-18 15:25:54,RM.CONV.ORE01,CMS,DOOR_OPEN,INFO,,Nuisance/info event
2025-10-18 17:00:00,RHF.ZONE.SOAK,SCADA,FLUE-O2-HIGH,ALARM,INC-0104,FLUE-O2-HIGH on RHF.ZONE.SOAK (escalating to INC-0104)
2025-10-18 21:48:00,HSM.F1.GBX01,PLC,GMF-DANGER,WARNING,INC-0065,GMF-DANGER on HSM.F1.GBX01 (escalating to INC-0065)
2025-10-19 04:56:43,HSM.F1.MTR01,SCADA,DOOR_OPEN,INFO,,Nuisance/info event
2025-10-19 10:13:36,BF.CW.PMP02,SCADA,DOOR_OPEN,INFO,,Nuisance/info event
2025-10-19 11:55:25,CRM.AGC.SV01,CMS,COMM_TIMEOUT,WARNING,,Nuisance/info event
2025-10-19 16:34:42,CRM.AGC.SV01,HMI,DOOR_OPEN,WARNING,,Nuisance/info event
2025-10-19 16:36:00,CCM.MOLD.01,PLC,TC-VPATTERN,WARNING,INC-0023,TC-VPATTERN on CCM.MOLD.01 (escalating to INC-0023)
2025-10-20 09:24:47,HSM.F1.MTR01,SCADA,LUBE_LOW_INFO,INFO,,Nuisance/info event
2025-10-20 14:12:00,MS.LDC.CRN01,SCADA,ROPE-MFL-RETIRE,WARNING,INC-0096,ROPE-MFL-RETIRE on MS.LDC.CRN01 (escalating to INC-0096)
2025-10-20 21:01:43,BF.CW.PMP02,PLC,CAL_DUE,WARNING,,Nuisance/info event
2025-10-21 11:00:00,HSM.F1.GBX01,PLC,CHIP-DETECT-ALARM,ALARM,INC-0065,CHIP-DETECT-ALARM on HSM.F1.GBX01 (escalating to INC-0065)
2025-10-21 11:13:01,HSM.F1.MTR01,PLC,COMM_TIMEOUT,WARNING,,Nuisance/info event
2025-10-22 03:19:28,HSM.F3.WR.BRG01,PLC,COMM_TIMEOUT,INFO,,Nuisance/info event
2025-10-22 13:00:00,RM.CONV.ORE01,HMI,IDLER-US-ALARM,WARNING,INC-0112,IDLER-US-ALARM on RM.CONV.ORE01 (escalating to INC-0112)
2025-10-23 07:17:27,CCM.MOLD.01,SCADA,SENSOR_GLITCH,WARNING,,Nuisance/info event
2025-10-23 07:26:26,RHF.ZONE.SOAK,SCADA,COMM_TIMEOUT,WARNING,,Nuisance/info event
2025-10-24 02:47:53,HSM.F1.MTR01,SCADA,COMM_TIMEOUT,WARNING,,Nuisance/info event
2025-10-24 07:00:00,EAF.AUX.HYD01,CMS,HYD-FILT-DP-ALARM,ALARM,INC-0048,HYD-FILT-DP-ALARM on EAF.AUX.HYD01 (escalating to INC-0048)
2025-10-24 11:09:05,HSM.STD.R1,HMI,CAL_DUE,INFO,,Nuisance/info event
2025-10-24 22:05:13,HSM.STD.R1,CMS,CAL_DUE,INFO,,Nuisance/info event
2025-10-25 02:32:09,BF.CW.PMP02,CMS,SENSOR_GLITCH,WARNING,,Nuisance/info event
2025-10-25 09:25:36,CCM.MOLD.01,PLC,CAL_DUE,WARNING,,Nuisance/info event
2025-10-25 14:17:43,RHF.ZONE.SOAK,HMI,HMI_WARN,INFO,,Nuisance/info event
2025-10-26 00:45:06,HSM.STD.R1,CMS,CAL_DUE,WARNING,,Nuisance/info event
2025-10-26 12:13:26,SP.SINT.FAN01,HMI,SENSOR_GLITCH,WARNING,,Nuisance/info event
2025-10-27 04:39:02,BF.BLW.FAN01,HMI,LUBE_LOW_INFO,WARNING,,Nuisance/info event
2025-10-27 10:45:09,CCM.SEG.07,CMS,DOOR_OPEN,WARNING,,Nuisance/info event
2025-10-27 23:08:30,BF.CW.PMP02,HMI,SENSOR_GLITCH,INFO,,Nuisance/info event
2025-10-28 07:41:09,SP.SINT.FAN01,HMI,HMI_WARN,INFO,,Nuisance/info event
2025-10-28 08:00:00,CCM.MOLD.01,SCADA,OSC-FRICTION-SPIKE,ALARM,INC-0023,OSC-FRICTION-SPIKE on CCM.MOLD.01 (escalating to INC-0023)
2025-10-28 19:13:42,RM.CONV.ORE01,CMS,COMM_TIMEOUT,INFO,,Nuisance/info event
2025-10-29 09:46:15,HSM.DSC.PMP01,PLC,DOOR_OPEN,INFO,,Nuisance/info event
2025-10-29 10:22:41,HSM.DSC.PMP01,CMS,COMM_TIMEOUT,WARNING,,Nuisance/info event
2025-10-29 12:17:13,HSM.STD.R1,CMS,HMI_WARN,INFO,,Nuisance/info event
2025-10-29 16:25:00,CCM.MOLD.01,HMI,CAL_DUE,WARNING,,Nuisance/info event
2025-10-30 04:59:40,HSM.STD.R1,PLC,DOOR_OPEN,INFO,,Nuisance/info event
2025-10-31 00:13:21,MS.LDC.CRN01,SCADA,CAL_DUE,WARNING,,Nuisance/info event
2025-10-31 08:48:09,HSM.F1.MTR01,PLC,LUBE_LOW_INFO,WARNING,,Nuisance/info event
2025-10-31 11:48:00,CRM.AGC.SV01,HMI,SERVO-HUNT,WARNING,INC-0039,SERVO-HUNT on CRM.AGC.SV01 (escalating to INC-0039)
2025-10-31 13:41:17,HSM.F1.MTR01,CMS,LUBE_LOW_INFO,WARNING,,Nuisance/info event
2025-10-31 16:29:34,EAF.AUX.HYD01,PLC,LUBE_LOW_INFO,INFO,,Nuisance/info event
2025-10-31 20:32:07,HSM.F1.GBX01,PLC,CAL_DUE,WARNING,,Nuisance/info event
2025-11-01 07:24:00,CRM.AGC.SV01,HMI,GAUGE-EXCURSION,WARNING,INC-0039,GAUGE-EXCURSION on CRM.AGC.SV01 (escalating to INC-0039)
2025-11-01 17:24:00,HSM.F1.MTR01,PLC,MCSA-RBAR-ALARM,ALARM,INC-0073,MCSA-RBAR-ALARM on HSM.F1.MTR01 (escalating to INC-0073)
2025-11-02 01:38:41,HSM.STD.R1,PLC,DOOR_OPEN,INFO,,Nuisance/info event
2025-11-02 03:00:00,CRM.AGC.SV01,HMI,ISO4406-SERVO-DIRTY,ALARM,INC-0039,ISO4406-SERVO-DIRTY on CRM.AGC.SV01 (escalating to INC-0039)
2025-11-02 17:24:00,HSM.STD.R1,SCADA,FORCE-RIPPLE-HIGH,WARNING,INC-0088,FORCE-RIPPLE-HIGH on HSM.STD.R1 (escalating to INC-0088)
2025-11-03 07:47:33,RM.CONV.ORE01,HMI,CAL_DUE,WARNING,,Nuisance/info event
2025-11-03 08:16:33,HSM.STD.R1,PLC,CAL_DUE,INFO,,Nuisance/info event
2025-11-03 16:12:00,BF.BLW.FAN01,PLC,SURGE-ALARM,WARNING,INC-0007,SURGE-ALARM on BF.BLW.FAN01 (escalating to INC-0007)
2025-11-03 19:07:09,HSM.F3.WR.BRG01,PLC,HMI_WARN,WARNING,,Nuisance/info event
2025-11-03 21:44:15,HSM.F1.MTR01,CMS,DOOR_OPEN,WARNING,,Nuisance/info event
2025-11-04 14:04:20,HSM.F1.GBX01,CMS,COMM_TIMEOUT,INFO,,Nuisance/info event
2025-11-05 05:00:00,MS.LDC.CRN01,SCADA,ROPE-DISCARD-ISO4309,ALARM,INC-0096,ROPE-DISCARD-ISO4309 on MS.LDC.CRN01 (escalating to INC-0096)
2025-11-05 05:55:07,CCM.SEG.07,PLC,DOOR_OPEN,INFO,,Nuisance/info event
2025-11-05 15:41:36,HSM.DSC.PMP01,SCADA,SENSOR_GLITCH,WARNING,,Nuisance/info event
2025-11-06 09:00:00,BF.BLW.FAN01,PLC,ASV-CYCLING,ALARM,INC-0007,ASV-CYCLING on BF.BLW.FAN01 (escalating to INC-0007)
2025-11-06 17:47:21,HSM.F1.GBX01,CMS,DOOR_OPEN,WARNING,,Nuisance/info event
2025-11-07 00:23:01,HSM.STD.R1,CMS,HMI_WARN,INFO,,Nuisance/info event
2025-11-07 08:40:57,BF.BLW.FAN01,PLC,CAL_DUE,INFO,,Nuisance/info event
2025-11-08 11:46:05,HSM.F3.WR.BRG01,CMS,COMM_TIMEOUT,WARNING,,Nuisance/info event
2025-11-09 03:12:00,HSM.DSC.PMP01,PLC,VIB-SEAL-DANGER,ALARM,INC-0057,VIB-SEAL-DANGER on HSM.DSC.PMP01 (escalating to INC-0057)
2025-11-09 17:52:27,BF.BLW.FAN01,HMI,LUBE_LOW_INFO,WARNING,,Nuisance/info event
2025-11-09 19:20:36,EAF.AUX.HYD01,PLC,DOOR_OPEN,INFO,,Nuisance/info event
2025-11-09 19:21:35,MS.LDC.CRN01,SCADA,LUBE_LOW_INFO,INFO,,Nuisance/info event
2025-11-09 19:36:00,CCM.SEG.07,CMS,ROLL-SEIZE,WARNING,INC-0032,ROLL-SEIZE on CCM.SEG.07 (escalating to INC-0032)
2025-11-10 08:00:15,HSM.DSC.PMP01,CMS,HMI_WARN,WARNING,,Nuisance/info event
2025-11-10 21:00:36,RM.CONV.ORE01,SCADA,LUBE_LOW_INFO,INFO,,Nuisance/info event
2025-11-11 06:33:18,CRM.AGC.SV01,CMS,DOOR_OPEN,WARNING,,Nuisance/info event
2025-11-11 06:59:33,HSM.F1.GBX01,SCADA,LUBE_LOW_INFO,INFO,,Nuisance/info event
2025-11-11 07:01:28,HSM.F1.MTR01,HMI,COMM_TIMEOUT,WARNING,,Nuisance/info event
2025-11-11 12:06:55,HSM.F1.MTR01,HMI,SENSOR_GLITCH,INFO,,Nuisance/info event
2025-11-11 18:02:33,MS.LDC.CRN01,HMI,COMM_TIMEOUT,INFO,,Nuisance/info event
2025-11-12 02:48:00,BF.CW.PMP02,CMS,BRG-TEMP-ALARM,WARNING,INC-0015,BRG-TEMP-ALARM on BF.CW.PMP02 (escalating to INC-0015)
2025-11-12 22:00:00,CCM.SEG.07,PLC,SEG-FORCE-HIGH,ALARM,INC-0032,SEG-FORCE-HIGH on CCM.SEG.07 (escalating to INC-0032)
2025-11-12 22:39:18,EAF.AUX.HYD01,SCADA,SENSOR_GLITCH,INFO,,Nuisance/info event
2025-11-13 01:54:11,CRM.AGC.SV01,PLC,SENSOR_GLITCH,INFO,,Nuisance/info event
2025-11-13 21:15:08,CRM.AGC.SV01,HMI,SENSOR_GLITCH,WARNING,,Nuisance/info event
2025-11-14 06:53:41,SP.SINT.FAN01,HMI,SENSOR_GLITCH,WARNING,,Nuisance/info event
2025-11-14 17:54:30,HSM.F1.GBX01,CMS,LUBE_LOW_INFO,INFO,,Nuisance/info event
2025-11-14 21:54:14,HSM.F1.MTR01,SCADA,DOOR_OPEN,WARNING,,Nuisance/info event
2025-11-16 07:36:00,CRM.AGC.SV01,CMS,SERVO-HUNT,WARNING,INC-0040,SERVO-HUNT on CRM.AGC.SV01 (escalating to INC-0040)
2025-11-16 13:27:12,EAF.AUX.HYD01,HMI,SENSOR_GLITCH,INFO,,Nuisance/info event
2025-11-17 00:44:16,HSM.F1.MTR01,HMI,SENSOR_GLITCH,INFO,,Nuisance/info event
2025-11-17 04:00:00,BF.CW.PMP02,SCADA,VIB-1X-ALARM,ALARM,INC-0015,VIB-1X-ALARM on BF.CW.PMP02 (escalating to INC-0015)
2025-11-17 05:28:15,BF.BLW.FAN01,PLC,LUBE_LOW_INFO,WARNING,,Nuisance/info event
2025-11-17 06:48:00,CRM.AGC.SV01,CMS,GAUGE-EXCURSION,WARNING,INC-0040,GAUGE-EXCURSION on CRM.AGC.SV01 (escalating to INC-0040)
2025-11-17 10:07:43,CCM.SEG.07,HMI,HMI_WARN,WARNING,,Nuisance/info event
2025-11-17 17:15:21,SP.SINT.FAN01,SCADA,CAL_DUE,INFO,,Nuisance/info event
2025-11-18 01:20:46,CCM.SEG.07,PLC,LUBE_LOW_INFO,WARNING,,Nuisance/info event
2025-11-18 06:00:00,CRM.AGC.SV01,SCADA,ISO4406-SERVO-DIRTY,ALARM,INC-0040,ISO4406-SERVO-DIRTY on CRM.AGC.SV01 (escalating to INC-0040)
2025-11-18 08:02:53,RHF.ZONE.SOAK,HMI,CAL_DUE,WARNING,,Nuisance/info event
2025-11-18 11:00:00,RM.CONV.ORE01,HMI,IDLER-TEMP-FIRE,ALARM,INC-0112,IDLER-TEMP-FIRE on RM.CONV.ORE01 (escalating to INC-0112)
2025-11-18 21:06:06,CCM.SEG.07,PLC,HMI_WARN,WARNING,,Nuisance/info event
2025-11-19 14:54:42,MS.LDC.CRN01,PLC,LUBE_LOW_INFO,INFO,,Nuisance/info event
2025-11-19 15:52:34,MS.LDC.CRN01,CMS,LUBE_LOW_INFO,INFO,,Nuisance/info event
2025-11-21 00:19:27,CCM.SEG.07,CMS,LUBE_LOW_INFO,INFO,,Nuisance/info event
2025-11-21 03:23:29,BF.BLW.FAN01,HMI,DOOR_OPEN,WARNING,,Nuisance/info event
2025-11-21 06:24:00,HSM.F1.GBX01,SCADA,GMF-DANGER,WARNING,INC-0066,GMF-DANGER on HSM.F1.GBX01 (escalating to INC-0066)
2025-11-21 08:30:48,CCM.MOLD.01,HMI,LUBE_LOW_INFO,INFO,,Nuisance/info event
2025-11-21 10:13:10,BF.BLW.FAN01,HMI,CAL_DUE,INFO,,Nuisance/info event
2025-11-21 16:48:00,CCM.MOLD.01,CMS,BPS-BREAKOUT-P1,WARNING,INC-0024,BPS-BREAKOUT-P1 on CCM.MOLD.01 (escalating to INC-0024)
2025-11-21 18:27:47,BF.BLW.FAN01,CMS,LUBE_LOW_INFO,INFO,,Nuisance/info event
2025-11-22 13:32:46,HSM.DSC.PMP01,CMS,CAL_DUE,WARNING,,Nuisance/info event
2025-11-22 21:24:00,CCM.MOLD.01,HMI,TC-VPATTERN,WARNING,INC-0024,TC-VPATTERN on CCM.MOLD.01 (escalating to INC-0024)
2025-11-23 10:27:37,RHF.ZONE.SOAK,PLC,HMI_WARN,WARNING,,Nuisance/info event
2025-11-23 15:46:20,HSM.F1.GBX01,CMS,LUBE_LOW_INFO,WARNING,,Nuisance/info event
2025-11-23 16:24:00,EAF.AUX.HYD01,PLC,HYD-FILT-DP-ALARM,ALARM,INC-0049,HYD-FILT-DP-ALARM on EAF.AUX.HYD01 (escalating to INC-0049)
2025-11-24 02:00:00,CCM.MOLD.01,PLC,OSC-FRICTION-SPIKE,ALARM,INC-0024,OSC-FRICTION-SPIKE on CCM.MOLD.01 (escalating to INC-0024)
2025-11-24 19:48:00,SP.SINT.FAN01,CMS,VIB-1X-ALARM,WARNING,INC-0120,VIB-1X-ALARM on SP.SINT.FAN01 (escalating to INC-0120)
2025-11-25 07:24:00,RHF.ZONE.SOAK,HMI,FLAME-FAIL-CUTOFF,WARNING,INC-0105,FLAME-FAIL-CUTOFF on RHF.ZONE.SOAK (escalating to INC-0105)
2025-11-25 14:18:51,HSM.F1.MTR01,PLC,CAL_DUE,INFO,,Nuisance/info event
2025-11-25 21:45:18,HSM.F3.WR.BRG01,SCADA,COMM_TIMEOUT,INFO,,Nuisance/info event
2025-11-27 15:00:00,HSM.STD.R1,CMS,SURFACE-DEFECT-PERIODIC,ALARM,INC-0088,SURFACE-DEFECT-PERIODIC on HSM.STD.R1 (escalating to INC-0088)
2025-11-27 22:37:58,CCM.MOLD.01,SCADA,CAL_DUE,WARNING,,Nuisance/info event
2025-11-28 08:01:14,HSM.F1.MTR01,CMS,DOOR_OPEN,INFO,,Nuisance/info event
2025-11-28 15:08:05,BF.BLW.FAN01,PLC,COMM_TIMEOUT,WARNING,,Nuisance/info event
2025-11-28 18:29:17,RHF.ZONE.SOAK,HMI,LUBE_LOW_INFO,WARNING,,Nuisance/info event
2025-11-29 01:10:11,HSM.F1.GBX01,CMS,DOOR_OPEN,WARNING,,Nuisance/info event
2025-11-29 02:25:14,SP.SINT.FAN01,SCADA,SENSOR_GLITCH,WARNING,,Nuisance/info event
2025-11-29 02:49:27,BF.CW.PMP02,SCADA,COMM_TIMEOUT,WARNING,,Nuisance/info event
2025-11-29 04:59:38,CCM.MOLD.01,CMS,LUBE_LOW_INFO,INFO,,Nuisance/info event
2025-11-29 12:14:37,RM.CONV.ORE01,CMS,DOOR_OPEN,WARNING,,Nuisance/info event
2025-11-29 19:14:06,SP.SINT.FAN01,SCADA,CAL_DUE,INFO,,Nuisance/info event
2025-11-29 19:29:43,HSM.STD.R1,HMI,DOOR_OPEN,WARNING,,Nuisance/info event
2025-11-29 20:24:00,HSM.F3.WR.BRG01,PLC,VIB-BPFO-DANGER,WARNING,INC-0082,VIB-BPFO-DANGER on HSM.F3.WR.BRG01 (escalating to INC-0082)
2025-11-29 23:36:00,BF.BLW.FAN01,CMS,SURGE-ALARM,WARNING,INC-0008,SURGE-ALARM on BF.BLW.FAN01 (escalating to INC-0008)
2025-11-30 03:44:23,CCM.SEG.07,HMI,CAL_DUE,WARNING,,Nuisance/info event
2025-11-30 11:00:00,RHF.ZONE.SOAK,SCADA,FLUE-O2-HIGH,ALARM,INC-0105,FLUE-O2-HIGH on RHF.ZONE.SOAK (escalating to INC-0105)
2025-11-30 15:48:18,CCM.MOLD.01,HMI,HMI_WARN,INFO,,Nuisance/info event
2025-11-30 22:20:29,HSM.F1.MTR01,HMI,HMI_WARN,INFO,,Nuisance/info event
2025-12-01 02:46:06,RHF.ZONE.SOAK,HMI,HMI_WARN,WARNING,,Nuisance/info event
2025-12-01 23:48:00,CCM.MOLD.01,CMS,BPS-BREAKOUT-P1,WARNING,INC-0025,BPS-BREAKOUT-P1 on CCM.MOLD.01 (escalating to INC-0025)
2025-12-02 10:51:33,HSM.DSC.PMP01,HMI,LUBE_LOW_INFO,WARNING,,Nuisance/info event
2025-12-02 11:56:41,RHF.ZONE.SOAK,PLC,HMI_WARN,INFO,,Nuisance/info event
2025-12-02 14:46:56,HSM.F3.WR.BRG01,PLC,COMM_TIMEOUT,WARNING,,Nuisance/info event
2025-12-02 22:52:55,CRM.AGC.SV01,HMI,HMI_WARN,INFO,,Nuisance/info event
2025-12-03 05:34:11,BF.CW.PMP02,SCADA,SENSOR_GLITCH,INFO,,Nuisance/info event
2025-12-03 06:00:00,BF.BLW.FAN01,PLC,ASV-CYCLING,ALARM,INC-0008,ASV-CYCLING on BF.BLW.FAN01 (escalating to INC-0008)
2025-12-03 06:24:00,CCM.MOLD.01,HMI,TC-VPATTERN,WARNING,INC-0025,TC-VPATTERN on CCM.MOLD.01 (escalating to INC-0025)
2025-12-03 09:09:55,EAF.AUX.HYD01,PLC,COMM_TIMEOUT,INFO,,Nuisance/info event
2025-12-03 15:00:00,SP.SINT.FAN01,PLC,IMBALANCE-SHED,ALARM,INC-0120,IMBALANCE-SHED on SP.SINT.FAN01 (escalating to INC-0120)
2025-12-04 03:16:13,BF.BLW.FAN01,PLC,LUBE_LOW_INFO,INFO,,Nuisance/info event
2025-12-04 05:44:37,HSM.DSC.PMP01,PLC,COMM_TIMEOUT,WARNING,,Nuisance/info event
2025-12-04 12:05:08,HSM.F1.GBX01,CMS,HMI_WARN,WARNING,,Nuisance/info event
2025-12-04 13:00:00,CCM.MOLD.01,PLC,OSC-FRICTION-SPIKE,ALARM,INC-0025,OSC-FRICTION-SPIKE on CCM.MOLD.01 (escalating to INC-0025)
2025-12-05 05:38:53,CRM.AGC.SV01,HMI,HMI_WARN,WARNING,,Nuisance/info event
2025-12-05 06:41:45,HSM.F1.MTR01,PLC,SENSOR_GLITCH,WARNING,,Nuisance/info event
2025-12-05 10:36:00,BF.CW.PMP02,PLC,BRG-TEMP-ALARM,WARNING,INC-0016,BRG-TEMP-ALARM on BF.CW.PMP02 (escalating to INC-0016)
2025-12-06 18:00:00,HSM.F1.GBX01,PLC,CHIP-DETECT-ALARM,ALARM,INC-0066,CHIP-DETECT-ALARM on HSM.F1.GBX01 (escalating to INC-0066)
2025-12-07 03:08:14,HSM.F3.WR.BRG01,CMS,CAL_DUE,INFO,,Nuisance/info event
2025-12-07 05:00:00,BF.CW.PMP02,CMS,VIB-1X-ALARM,ALARM,INC-0016,VIB-1X-ALARM on BF.CW.PMP02 (escalating to INC-0016)
2025-12-07 08:08:26,HSM.F1.GBX01,SCADA,DOOR_OPEN,INFO,,Nuisance/info event
2025-12-07 08:48:00,HSM.F1.MTR01,SCADA,MCSA-RBAR-ALARM,ALARM,INC-0074,MCSA-RBAR-ALARM on HSM.F1.MTR01 (escalating to INC-0074)
2025-12-07 19:26:25,CCM.SEG.07,HMI,HMI_WARN,INFO,,Nuisance/info event
2025-12-08 11:27:17,CCM.SEG.07,HMI,COMM_TIMEOUT,INFO,,Nuisance/info event
2025-12-08 14:10:36,EAF.AUX.HYD01,HMI,CAL_DUE,WARNING,,Nuisance/info event
2025-12-08 15:47:35,CCM.SEG.07,SCADA,HMI_WARN,WARNING,,Nuisance/info event
2025-12-10 00:19:13,HSM.F3.WR.BRG01,SCADA,SENSOR_GLITCH,WARNING,,Nuisance/info event
2025-12-11 04:12:00,MS.LDC.CRN01,PLC,ROPE-MFL-RETIRE,WARNING,INC-0097,ROPE-MFL-RETIRE on MS.LDC.CRN01 (escalating to INC-0097)
2025-12-11 21:43:51,HSM.F1.MTR01,PLC,COMM_TIMEOUT,WARNING,,Nuisance/info event
2025-12-12 06:33:56,BF.BLW.FAN01,PLC,HMI_WARN,WARNING,,Nuisance/info event
2025-12-12 17:38:22,CRM.AGC.SV01,CMS,CAL_DUE,WARNING,,Nuisance/info event
2025-12-12 17:56:00,CRM.AGC.SV01,SCADA,CAL_DUE,WARNING,,Nuisance/info event
2025-12-12 21:03:53,RHF.ZONE.SOAK,HMI,HMI_WARN,INFO,,Nuisance/info event
2025-12-13 01:25:59,CCM.MOLD.01,CMS,DOOR_OPEN,WARNING,,Nuisance/info event
2025-12-13 06:58:11,MS.LDC.CRN01,PLC,CAL_DUE,INFO,,Nuisance/info event
2025-12-14 07:53:31,SP.SINT.FAN01,SCADA,DOOR_OPEN,INFO,,Nuisance/info event
2025-12-14 10:12:00,EAF.AUX.HYD01,CMS,HYD-FILT-DP-ALARM,ALARM,INC-0050,HYD-FILT-DP-ALARM on EAF.AUX.HYD01 (escalating to INC-0050)
2025-12-14 17:05:34,CCM.MOLD.01,SCADA,COMM_TIMEOUT,WARNING,,Nuisance/info event
2025-12-15 04:25:21,MS.LDC.CRN01,HMI,HMI_WARN,INFO,,Nuisance/info event
2025-12-15 05:51:22,CCM.MOLD.01,CMS,LUBE_LOW_INFO,INFO,,Nuisance/info event
2025-12-15 10:08:26,CRM.AGC.SV01,PLC,COMM_TIMEOUT,WARNING,,Nuisance/info event
2025-12-15 15:00:00,MS.LDC.CRN01,HMI,ROPE-DISCARD-ISO4309,ALARM,INC-0097,ROPE-DISCARD-ISO4309 on MS.LDC.CRN01 (escalating to INC-0097)
2025-12-16 02:22:42,CCM.MOLD.01,SCADA,HMI_WARN,WARNING,,Nuisance/info event
2025-12-16 09:36:00,HSM.STD.R1,CMS,FORCE-RIPPLE-HIGH,WARNING,INC-0089,FORCE-RIPPLE-HIGH on HSM.STD.R1 (escalating to INC-0089)
2025-12-16 10:24:00,RM.CONV.ORE01,PLC,IDLER-US-ALARM,WARNING,INC-0113,IDLER-US-ALARM on RM.CONV.ORE01 (escalating to INC-0113)
2025-12-17 05:15:50,CCM.SEG.07,SCADA,COMM_TIMEOUT,INFO,,Nuisance/info event
2025-12-17 23:08:43,HSM.F1.GBX01,HMI,COMM_TIMEOUT,INFO,,Nuisance/info event
2025-12-18 08:00:00,RM.CONV.ORE01,PLC,IDLER-TEMP-FIRE,ALARM,INC-0113,IDLER-TEMP-FIRE on RM.CONV.ORE01 (escalating to INC-0113)
2025-12-18 11:30:12,HSM.F1.GBX01,PLC,SENSOR_GLITCH,INFO,,Nuisance/info event
2025-12-18 20:18:26,SP.SINT.FAN01,HMI,COMM_TIMEOUT,INFO,,Nuisance/info event
2025-12-20 04:29:18,BF.BLW.FAN01,SCADA,CAL_DUE,WARNING,,Nuisance/info event
2025-12-20 11:11:40,HSM.F1.GBX01,CMS,COMM_TIMEOUT,INFO,,Nuisance/info event
2025-12-20 13:36:00,CRM.AGC.SV01,PLC,SERVO-HUNT,WARNING,INC-0041,SERVO-HUNT on CRM.AGC.SV01 (escalating to INC-0041)
2025-12-20 15:52:49,HSM.F1.MTR01,SCADA,COMM_TIMEOUT,WARNING,,Nuisance/info event
2025-12-20 22:00:00,HSM.F3.WR.BRG01,PLC,TEMP-TRIP-100C,ALARM,INC-0082,TEMP-TRIP-100C on HSM.F3.WR.BRG01 (escalating to INC-0082)
2025-12-21 16:41:38,CCM.SEG.07,HMI,HMI_WARN,INFO,,Nuisance/info event
2025-12-22 00:37:27,SP.SINT.FAN01,SCADA,HMI_WARN,WARNING,,Nuisance/info event
2025-12-22 07:02:18,BF.CW.PMP02,PLC,CAL_DUE,INFO,,Nuisance/info event
2025-12-22 12:57:33,MS.LDC.CRN01,HMI,SENSOR_GLITCH,INFO,,Nuisance/info event
2025-12-22 18:48:12,EAF.AUX.HYD01,CMS,DOOR_OPEN,INFO,,Nuisance/info event
2025-12-22 19:48:00,CRM.AGC.SV01,SCADA,GAUGE-EXCURSION,WARNING,INC-0041,GAUGE-EXCURSION on CRM.AGC.SV01 (escalating to INC-0041)
2025-12-23 12:42:19,RHF.ZONE.SOAK,PLC,SENSOR_GLITCH,WARNING,,Nuisance/info event
2025-12-24 00:27:44,MS.LDC.CRN01,PLC,SENSOR_GLITCH,WARNING,,Nuisance/info event
2025-12-24 08:00:00,HSM.STD.R1,CMS,SURFACE-DEFECT-PERIODIC,ALARM,INC-0089,SURFACE-DEFECT-PERIODIC on HSM.STD.R1 (escalating to INC-0089)
2025-12-24 14:48:43,HSM.DSC.PMP01,PLC,COMM_TIMEOUT,WARNING,,Nuisance/info event
2025-12-25 02:00:00,CRM.AGC.SV01,HMI,ISO4406-SERVO-DIRTY,ALARM,INC-0041,ISO4406-SERVO-DIRTY on CRM.AGC.SV01 (escalating to INC-0041)
2025-12-25 03:41:57,HSM.DSC.PMP01,PLC,HMI_WARN,WARNING,,Nuisance/info event
2025-12-25 10:46:11,HSM.F1.MTR01,PLC,DOOR_OPEN,INFO,,Nuisance/info event
2025-12-27 07:50:18,HSM.DSC.PMP01,CMS,COMM_TIMEOUT,INFO,,Nuisance/info event
2025-12-27 16:28:47,HSM.F3.WR.BRG01,CMS,DOOR_OPEN,WARNING,,Nuisance/info event
2025-12-28 00:26:38,CRM.AGC.SV01,PLC,COMM_TIMEOUT,INFO,,Nuisance/info event
2025-12-28 04:42:18,CCM.SEG.07,SCADA,DOOR_OPEN,WARNING,,Nuisance/info event
2025-12-28 09:52:55,RM.CONV.ORE01,CMS,COMM_TIMEOUT,INFO,,Nuisance/info event
2025-12-28 11:03:55,RHF.ZONE.SOAK,PLC,COMM_TIMEOUT,WARNING,,Nuisance/info event
2025-12-29 18:44:53,MS.LDC.CRN01,SCADA,CAL_DUE,WARNING,,Nuisance/info event
2025-12-29 22:43:46,CRM.AGC.SV01,HMI,HMI_WARN,WARNING,,Nuisance/info event
