incident_id,asset_id,run_id,scenario_id,start_ts,end_ts,detected_ts,detection_lead_hours,recurrence_index,downtime_hours,failure_mode,failure_mechanism,failure_class,detection_method,severity,safety_class,root_cause_short,resolution_short,cost_estimate_inr,production_impact_tonnes,deferred_maintenance,maintenance_type
INC-0001,BF.BLW.FAN01,BF.BLW.FAN01::E00,SCN-041,2025-04-13 07:00:00,2025-04-16 00:54:00,2025-03-03 22:24:57,968.6,1,65.9,compressor_surge,Process/instability,degraded,operator_observation,critical,P1,Downstream valve slam / inlet filter fouling pushing operating point left of surge line; detected mid-degradation,Do NOT restart until cause identified,440187000,13608.4,False,breakdown
INC-0002,BF.BLW.FAN01,BF.BLW.FAN01::E01,SCN-041,2025-05-16 10:00:00,2025-05-21 15:12:00,2025-05-15 08:21:27,25.6,2,125.2,compressor_surge,Process/instability,critical,process_excursion,critical,P1,Downstream valve slam / inlet filter fouling pushing operating point left of surge line; lead time 26h before functional failure,If surge persists >2-3 cycles: trip immediately (then: Do NOT restart until cause identified),610905000,28548.1,False,breakdown
INC-0003,BF.BLW.FAN01,BF.BLW.FAN01::E02,SCN-041,2025-06-20 13:00:00,2025-06-25 06:36:00,2025-06-10 22:40:43,230.3,3,113.6,compressor_surge,Process/instability,incipient,condition_monitoring_alert,critical,P1,Downstream valve slam / inlet filter fouling pushing operating point left of surge line; 3rd recurrence on this asset,"Borescope IGVs/impellers, ferrography oil",693826000,33660.4,False,breakdown
INC-0004,BF.BLW.FAN01,BF.BLW.FAN01::E03,SCN-041,2025-08-05 17:00:00,2025-08-10 16:36:00,2025-07-20 02:44:45,398.3,4,119.6,compressor_surge,Process/instability,incipient,alarm_system,critical,P1,Downstream valve slam / inlet filter fouling pushing operating point left of surge line; accelerated by misalignment,If surge persists >2-3 cycles: trip immediately,786117000,24270.6,False,breakdown
INC-0005,BF.BLW.FAN01,BF.BLW.FAN01::E04,SCN-041,2025-09-25 19:00:00,2025-09-30 10:12:00,2025-09-10 17:50:25,361.2,5,111.2,compressor_surge,Process/instability,degraded,process_excursion,critical,P1,Downstream valve slam / inlet filter fouling pushing operating point left of surge line; lead time 361h before functional failure,If surge persists >2-3 cycles: trip immediately,792767000,27761.3,False,breakdown
INC-0006,BF.BLW.FAN01,BF.BLW.FAN01::E05,SCN-041,2025-10-11 06:00:00,2025-10-15 17:18:00,2025-09-30 16:42:39,253.3,6,107.3,compressor_surge,Process/instability,incipient,condition_monitoring_alert,critical,P1,Downstream valve slam / inlet filter fouling pushing operating point left of surge line; 6th recurrence on this asset,If surge persists >2-3 cycles: trip immediately (then: Do NOT restart until cause identified),470915000,21996.9,False,breakdown
INC-0007,BF.BLW.FAN01,BF.BLW.FAN01::E06,SCN-041,2025-11-06 09:00:00,2025-11-09 16:18:00,2025-10-31 12:41:53,140.3,7,79.3,compressor_surge,Process/instability,incipient,condition_monitoring_alert,critical,P1,Downstream valve slam / inlet filter fouling pushing operating point left of surge line; lead time 140h before functional failure,Verify ASV auto-opened,567501000,22259.5,False,breakdown
INC-0008,BF.BLW.FAN01,BF.BLW.FAN01::E07,SCN-041,2025-12-03 06:00:00,2025-12-06 12:06:00,2025-11-28 02:07:33,123.9,8,78.1,compressor_surge,Process/instability,degraded,condition_monitoring_alert,critical,P1,Downstream valve slam / inlet filter fouling pushing operating point left of surge line; lead time 124h before functional failure,Do NOT restart until cause identified,698557000,21834.0,False,breakdown
INC-0009,BF.CW.PMP02,BF.CW.PMP02::E00,SCN-050,2025-01-11 23:00:00,2025-01-12 04:12:00,2025-01-07 19:18:36,99.7,1,5.2,pump_bearing_failure,Mechanical/general,degraded,process_excursion,high,P2,Cooling-water pump bearing degradation (often with secondary seal weep); suction-side water hammer accelerates cage fatigue to fracture; lead time 100h before functional failure,Inspect shaft for fretting/scoring (then: Fit suction-line surge damper; reassemble + align),3618000,1475.2,False,breakdown
INC-0010,BF.CW.PMP02,BF.CW.PMP02::E01,SCN-050,2025-03-19 18:00:00,2025-03-20 02:00:00,2025-02-28 02:50:17,471.2,2,8.0,pump_bearing_failure,Mechanical/general,degraded,condition_monitoring_alert,high,P2,Cooling-water pump bearing degradation (often with secondary seal weep); suction-side water hammer accelerates cage fatigue to fracture; detected mid-degradation,Fit suction-line surge damper; reassemble + align,2515000,2341.6,False,breakdown
INC-0011,BF.CW.PMP02,BF.CW.PMP02::E02,SCN-050,2025-04-07 23:00:00,2025-04-08 09:54:00,2025-04-03 17:17:37,101.7,3,10.9,pump_bearing_failure,Mechanical/general,incipient,operator_observation,high,P2,Cooling-water pump bearing degradation (often with secondary seal weep); suction-side water hammer accelerates cage fatigue to fracture; flagged via operator observation,Inspect shaft for fretting/scoring (then: Fit suction-line surge damper; reassemble + align),2154000,2850.0,False,breakdown
INC-0012,BF.CW.PMP02,BF.CW.PMP02::E03,SCN-050,2025-06-26 23:00:00,2025-06-27 07:00:00,2025-06-11 16:48:51,366.2,4,8.0,pump_bearing_failure,Mechanical/general,degraded,condition_monitoring_alert,high,P2,Cooling-water pump bearing degradation (often with secondary seal weep); suction-side water hammer accelerates cage fatigue to fracture; accelerated by lube contamination,Switch to standby CW pump; isolate + LOTO,4431000,2134.2,False,breakdown
INC-0013,BF.CW.PMP02,BF.CW.PMP02::E04,SCN-050,2025-07-30 22:00:00,2025-07-31 03:36:00,2025-07-28 04:49:32,65.2,5,5.6,pump_bearing_failure,Mechanical/general,critical,condition_monitoring_alert,high,P2,Cooling-water pump bearing degradation (often with secondary seal weep); suction-side water hammer accelerates cage fatigue to fracture; 5th recurrence on this asset,Inspect shaft for fretting/scoring,4198000,1618.0,True,breakdown
INC-0014,BF.CW.PMP02,BF.CW.PMP02::E05,SCN-050,2025-09-30 18:00:00,2025-10-01 01:12:00,2025-09-05 12:53:10,605.1,6,7.2,pump_bearing_failure,Mechanical/general,degraded,alarm_system,high,P2,Cooling-water pump bearing degradation (often with secondary seal weep); suction-side water hammer accelerates cage fatigue to fracture; accelerated by thermal cycling,Switch to standby CW pump; isolate + LOTO (then: Disassemble; replace bearing set + SEAL-MECH-DSC),2512000,2195.6,False,breakdown
INC-0015,BF.CW.PMP02,BF.CW.PMP02::E06,SCN-050,2025-11-17 04:00:00,2025-11-17 11:30:00,2025-11-07 07:29:15,236.5,7,7.5,pump_bearing_failure,Mechanical/general,incipient,operator_observation,high,P2,Cooling-water pump bearing degradation (often with secondary seal weep); suction-side water hammer accelerates cage fatigue to fracture; 7th recurrence on this asset,Inspect shaft for fretting/scoring (then: Fit suction-line surge damper; reassemble + align),3041000,1997.6,False,breakdown
INC-0016,BF.CW.PMP02,BF.CW.PMP02::E07,SCN-050,2025-12-07 05:00:00,2025-12-07 14:00:00,2025-12-05 11:01:25,42.0,8,9.0,pump_bearing_failure,Mechanical/general,degraded,condition_monitoring_alert,high,P2,Cooling-water pump bearing degradation (often with secondary seal weep); suction-side water hammer accelerates cage fatigue to fracture; detected mid-degradation,Inspect shaft for fretting/scoring (then: Fit suction-line surge damper; reassemble + align),4004000,2090.5,False,breakdown
INC-0017,CCM.MOLD.01,CCM.MOLD.01::E00,SCN-043,2025-02-06 04:00:00,2025-02-07 19:36:00,2025-01-19 23:49:09,412.2,1,39.6,breakout_sticking,Process/thermal,degraded,alarm_system,critical,P1,Shell sticking to mould wall (poor lubrication / improper taper / SEN blockage); confirmed by 3-sensor agreement (single sensor >40% FAR); lead time 412h before functional failure,"Post-breakout: remove skull, replace damaged segments, 5-whys RCA within 48h (then: Post-breakout: remove skull, replace damaged segme)",111429000,9512.9,False,breakdown
INC-0018,CCM.MOLD.01,CCM.MOLD.01::E01,SCN-043,2025-03-13 15:00:00,2025-03-15 01:12:00,2025-03-06 07:13:21,175.8,2,34.2,breakout_sticking,Process/thermal,incipient,condition_monitoring_alert,critical,P1,Shell sticking to mould wall (poor lubrication / improper taper / SEN blockage); confirmed by 3-sensor agreement (single sensor >40% FAR); caught early at incipient stage,"Do not operate until steel solidified 4-6h+ (then: Post-breakout: remove skull, replace damaged segme)",74883000,7053.7,False,breakdown
INC-0019,CCM.MOLD.01,CCM.MOLD.01::E02,SCN-043,2025-03-31 20:00:00,2025-04-02 18:12:00,2025-03-26 10:39:42,129.3,3,46.2,breakout_sticking,Process/thermal,degraded,condition_monitoring_alert,critical,P1,Shell sticking to mould wall (poor lubrication / improper taper / SEN blockage); confirmed by 3-sensor agreement (single sensor >40% FAR); 3rd recurrence on this asset,BPS alarm: reduce casting speed to minimum 0.5 m/min immediately,72614000,9991.8,False,breakdown
INC-0020,CCM.MOLD.01,CCM.MOLD.01::E03,SCN-043,2025-06-26 03:00:00,2025-06-27 08:42:00,2025-05-18 11:46:28,927.2,4,29.7,breakout_sticking,Process/thermal,degraded,condition_monitoring_alert,critical,P1,Shell sticking to mould wall (poor lubrication / improper taper / SEN blockage); confirmed by 3-sensor agreement (single sensor >40% FAR); 4th recurrence on this asset,"Do not operate until steel solidified 4-6h+ (then: Post-breakout: remove skull, replace damaged segme)",122449000,6700.9,False,breakdown
INC-0021,CCM.MOLD.01,CCM.MOLD.01::E04,SCN-043,2025-07-30 10:00:00,2025-08-01 05:06:00,2025-07-07 05:30:27,556.5,5,43.1,breakout_sticking,Process/thermal,incipient,routine_inspection,critical,P1,Shell sticking to mould wall (poor lubrication / improper taper / SEN blockage); confirmed by 3-sensor agreement (single sensor >40% FAR); caught early at incipient stage,BPS alarm: reduce casting speed to minimum 0.5 m/min immediately (then: If escalating: full emergency stop (stop withdrawa),117515000,8754.8,False,breakdown
INC-0022,CCM.MOLD.01,CCM.MOLD.01::E05,SCN-043,2025-09-09 13:00:00,2025-09-11 06:12:00,2025-09-04 15:09:18,117.8,6,41.2,breakout_sticking,Process/thermal,degraded,routine_inspection,critical,P1,Shell sticking to mould wall (poor lubrication / improper taper / SEN blockage); confirmed by 3-sensor agreement (single sensor >40% FAR); detected mid-degradation,"Post-breakout: remove skull, replace damaged segments, 5-whys RCA within 48h",90915000,7652.1,False,breakdown
INC-0023,CCM.MOLD.01,CCM.MOLD.01::E06,SCN-043,2025-10-28 08:00:00,2025-10-29 16:48:00,2025-10-10 23:15:58,416.7,7,32.8,breakout_sticking,Process/thermal,degraded,condition_monitoring_alert,critical,P1,Shell sticking to mould wall (poor lubrication / improper taper / SEN blockage); confirmed by 3-sensor agreement (single sensor >40% FAR); 7th recurrence on this asset,BPS alarm: reduce casting speed to minimum 0.5 m/min immediately (then: If escalating: full emergency stop (stop withdrawa),106718000,6078.3,False,breakdown
INC-0024,CCM.MOLD.01,CCM.MOLD.01::E07,SCN-043,2025-11-24 02:00:00,2025-11-25 07:24:00,2025-11-18 14:05:09,131.9,8,29.4,breakout_sticking,Process/thermal,incipient,condition_monitoring_alert,critical,P1,Shell sticking to mould wall (poor lubrication / improper taper / SEN blockage); confirmed by 3-sensor agreement (single sensor >40% FAR); flagged via condition monitoring alert,"Post-breakout: remove skull, replace damaged segments, 5-whys RCA within 48h",85078000,5783.5,False,breakdown
INC-0025,CCM.MOLD.01,CCM.MOLD.01::E08,SCN-043,2025-12-04 13:00:00,2025-12-05 19:18:00,2025-11-30 17:47:56,91.2,9,30.3,breakout_sticking,Process/thermal,degraded,operator_observation,critical,P1,Shell sticking to mould wall (poor lubrication / improper taper / SEN blockage); confirmed by 3-sensor agreement (single sensor >40% FAR); 9th recurrence on this asset,BPS alarm: reduce casting speed to minimum 0.5 m/min immediately (then: If escalating: full emergency stop (stop withdrawa),132861000,5239.9,False,breakdown
INC-0026,CCM.SEG.07,CCM.SEG.07::E00,SCN-042,2025-03-01 08:00:00,2025-03-01 19:00:00,2025-02-04 04:03:15,603.9,1,11.0,roll_seizure,Mechanical/seizure,degraded,operator_observation,high,P2,"Roll bearing seizure from thermal/water-scale ingress; roll stops rotating, drags strand; detected mid-degradation","End heat, cool strand 2-4h before bay entry (then: Withdraw segment via handling crane)",10148000,2385.5,False,breakdown
INC-0027,CCM.SEG.07,CCM.SEG.07::E01,SCN-042,2025-05-12 09:00:00,2025-05-12 16:18:00,2025-04-08 19:25:46,805.6,2,7.3,roll_seizure,Mechanical/seizure,degraded,condition_monitoring_alert,high,P2,"Roll bearing seizure from thermal/water-scale ingress; roll stops rotating, drags strand; lead time 806h before functional failure",Reduce casting speed if in liquid-core zone,6616000,1387.9,False,breakdown
INC-0028,CCM.SEG.07,CCM.SEG.07::E02,SCN-042,2025-07-16 17:00:00,2025-07-16 22:42:00,2025-06-05 15:24:26,985.6,3,5.7,roll_seizure,Mechanical/seizure,incipient,operator_observation,high,P2,"Roll bearing seizure from thermal/water-scale ingress; roll stops rotating, drags strand; caught early at incipient stage","End heat, cool strand 2-4h before bay entry",9719000,1044.0,False,breakdown
INC-0029,CCM.SEG.07,CCM.SEG.07::E03,SCN-042,2025-07-30 02:00:00,2025-07-30 09:42:00,2025-07-25 18:48:54,103.2,4,7.7,roll_seizure,Mechanical/seizure,degraded,condition_monitoring_alert,high,P2,"Roll bearing seizure from thermal/water-scale ingress; roll stops rotating, drags strand; accelerated by thermal cycling","End heat, cool strand 2-4h before bay entry",10424000,1871.9,False,breakdown
INC-0030,CCM.SEG.07,CCM.SEG.07::E04,SCN-042,2025-08-17 23:00:00,2025-08-18 08:06:00,2025-08-12 11:58:28,131.0,5,9.1,roll_seizure,Mechanical/seizure,degraded,process_excursion,high,P2,"Roll bearing seizure from thermal/water-scale ingress; roll stops rotating, drags strand; lead time 131h before functional failure","End heat, cool strand 2-4h before bay entry (then: Withdraw segment via handling crane)",8971000,1617.7,False,breakdown
INC-0031,CCM.SEG.07,CCM.SEG.07::E05,SCN-042,2025-09-19 12:00:00,2025-09-19 19:12:00,2025-09-07 09:42:00,290.3,6,7.2,roll_seizure,Mechanical/seizure,incipient,condition_monitoring_alert,high,P2,"Roll bearing seizure from thermal/water-scale ingress; roll stops rotating, drags strand; lead time 290h before functional failure","Set segment gap per slab format, pressure-test (then: Set segment gap per slab format, pressure-test)",13263000,1625.4,False,breakdown
INC-0032,CCM.SEG.07,CCM.SEG.07::E06,SCN-042,2025-11-12 22:00:00,2025-11-13 04:30:00,2025-11-09 23:28:47,70.5,7,6.5,roll_seizure,Mechanical/seizure,degraded,operator_observation,high,P2,"Roll bearing seizure from thermal/water-scale ingress; roll stops rotating, drags strand; 7th recurrence on this asset","Replace seized roll + bearings, clean nozzles (then: Set segment gap per slab format, pressure-test)",13932000,1065.7,False,breakdown
INC-0033,CRM.AGC.SV01,CRM.AGC.SV01::E00,SCN-048,2025-02-16 18:00:00,2025-02-16 22:18:00,2025-02-05 20:37:36,261.4,1,4.3,servo_valve_silting_spool_wear,Wear/abrasion,degraded,condition_monitoring_alert,high,P2,Silt (1-5um particles) plugging servo spool annular gap (1-3um clearance); sluggish small-amplitude response; detected mid-degradation,Match null offset on reinstall (then: Replace 3um+10um filters; kidney-loop to ISO 15/13),15654000,718.5,False,breakdown
INC-0034,CRM.AGC.SV01,CRM.AGC.SV01::E01,SCN-048,2025-05-14 17:00:00,2025-05-14 22:00:00,2025-03-05 18:23:03,1678.6,2,5.0,servo_valve_silting_spool_wear,Wear/abrasion,incipient,condition_monitoring_alert,high,P2,Silt (1-5um particles) plugging servo spool annular gap (1-3um clearance); sluggish small-amplitude response; accelerated by lube contamination,Step-response test vs OEM datasheet,14022000,759.8,True,breakdown
INC-0035,CRM.AGC.SV01,CRM.AGC.SV01::E02,SCN-048,2025-07-11 13:00:00,2025-07-11 20:12:00,2025-07-07 01:56:57,107.1,3,7.2,servo_valve_silting_spool_wear,Wear/abrasion,critical,process_excursion,high,P2,Silt (1-5um particles) plugging servo spool annular gap (1-3um clearance); sluggish small-amplitude response; lead time 107h before functional failure,Step-response test vs OEM datasheet (then: Step-response test vs OEM datasheet),19402000,1126.7,False,breakdown
INC-0036,CRM.AGC.SV01,CRM.AGC.SV01::E03,SCN-048,2025-07-19 16:00:00,2025-07-19 21:36:00,2025-07-14 10:45:19,125.2,4,5.6,servo_valve_silting_spool_wear,Wear/abrasion,incipient,routine_inspection,high,P2,Silt (1-5um particles) plugging servo spool annular gap (1-3um clearance); sluggish small-amplitude response; accelerated by water ingress,"Remove valve, ultrasonic bench clean (or replace if scored) (then: Match null offset on reinstall)",17043000,756.2,False,breakdown
INC-0037,CRM.AGC.SV01,CRM.AGC.SV01::E04,SCN-048,2025-08-19 22:00:00,2025-08-20 02:42:00,2025-08-15 20:22:37,97.6,5,4.7,servo_valve_silting_spool_wear,Wear/abrasion,degraded,process_excursion,high,P2,Silt (1-5um particles) plugging servo spool annular gap (1-3um clearance); sluggish small-amplitude response; lead time 98h before functional failure,Step-response test vs OEM datasheet,22671000,834.0,True,breakdown
INC-0038,CRM.AGC.SV01,CRM.AGC.SV01::E05,SCN-048,2025-09-25 17:00:00,2025-09-26 01:36:00,2025-09-21 19:45:30,93.2,6,8.6,servo_valve_silting_spool_wear,Wear/abrasion,degraded,routine_inspection,high,P2,Silt (1-5um particles) plugging servo spool annular gap (1-3um clearance); sluggish small-amplitude response; detected mid-degradation,Replace 3um+10um filters; kidney-loop to ISO 15/13/10,22576000,1261.2,False,breakdown
INC-0039,CRM.AGC.SV01,CRM.AGC.SV01::E06,SCN-048,2025-11-02 03:00:00,2025-11-02 11:00:00,2025-10-30 01:41:14,73.3,7,8.0,servo_valve_silting_spool_wear,Wear/abrasion,incipient,process_excursion,high,P2,Silt (1-5um particles) plugging servo spool annular gap (1-3um clearance); sluggish small-amplitude response; flagged via process excursion,Match null offset on reinstall,15512000,1319.5,False,breakdown
INC-0040,CRM.AGC.SV01,CRM.AGC.SV01::E07,SCN-048,2025-11-18 06:00:00,2025-11-18 10:30:00,2025-11-13 23:43:53,102.3,8,4.5,servo_valve_silting_spool_wear,Wear/abrasion,incipient,condition_monitoring_alert,high,P2,Silt (1-5um particles) plugging servo spool annular gap (1-3um clearance); sluggish small-amplitude response; caught early at incipient stage,Switch AGC to backup/manual lock (then: High-pressure hydraulic LOTO (200-350 bar)),19369000,547.0,False,breakdown
INC-0041,CRM.AGC.SV01,CRM.AGC.SV01::E08,SCN-048,2025-12-25 02:00:00,2025-12-25 08:24:00,2025-12-16 22:24:39,195.6,9,6.4,servo_valve_silting_spool_wear,Wear/abrasion,incipient,condition_monitoring_alert,high,P2,Silt (1-5um particles) plugging servo spool annular gap (1-3um clearance); sluggish small-amplitude response; caught early at incipient stage,"Remove valve, ultrasonic bench clean (or replace if scored) (then: Match null offset on reinstall)",22418000,732.3,False,breakdown
INC-0042,EAF.AUX.HYD01,EAF.AUX.HYD01::E00,SCN-049,2025-01-18 08:00:00,2025-01-18 11:30:00,2025-01-13 03:52:01,124.1,1,3.5,filter_clog,Mechanical/general,incipient,condition_monitoring_alert,low,P4,Filter element blinding from systematic EAF dust ingress via breather; differential pressure reaches the 4.5 bar bypass threshold; 1st recurrence on this asset,Verify DP <1.5 bar on restart; tighten PM cadence to weekly (then: Verify DP <1.5 bar on restart; tighten PM cadence ),142000,715.4,False,corrective
INC-0043,EAF.AUX.HYD01,EAF.AUX.HYD01::E01,SCN-049,2025-03-01 06:00:00,2025-03-01 10:48:00,2025-02-23 09:51:36,140.1,2,4.8,filter_clog,Mechanical/general,incipient,routine_inspection,low,P4,Filter element blinding from systematic EAF dust ingress via breather; differential pressure reaches the 4.5 bar bypass threshold; caught early at incipient stage,Clean suction strainer; fit desiccant breather (then: Verify DP <1.5 bar on restart; tighten PM cadence ),244000,998.4,False,corrective
INC-0044,EAF.AUX.HYD01,EAF.AUX.HYD01::E02,SCN-049,2025-04-14 11:00:00,2025-04-14 16:42:00,2025-03-22 17:15:15,545.7,3,5.7,filter_clog,Mechanical/general,incipient,operator_observation,low,P4,Filter element blinding from systematic EAF dust ingress via breather; differential pressure reaches the 4.5 bar bypass threshold; caught early at incipient stage,Clean suction strainer; fit desiccant breather (then: Verify DP <1.5 bar on restart; tighten PM cadence ),271000,1614.9,False,corrective
INC-0045,EAF.AUX.HYD01,EAF.AUX.HYD01::E03,SCN-049,2025-06-03 16:00:00,2025-06-03 20:12:00,2025-05-27 11:47:35,172.2,4,4.2,filter_clog,Mechanical/general,degraded,condition_monitoring_alert,low,P4,Filter element blinding from systematic EAF dust ingress via breather; differential pressure reaches the 4.5 bar bypass threshold; 4th recurrence on this asset,Verify DP <1.5 bar on restart; tighten PM cadence to weekly (then: Verify DP <1.5 bar on restart; tighten PM cadence ),273000,828.0,False,corrective
INC-0046,EAF.AUX.HYD01,EAF.AUX.HYD01::E04,SCN-049,2025-08-13 18:00:00,2025-08-13 23:00:00,2025-07-09 15:29:58,842.5,5,5.0,filter_clog,Mechanical/general,degraded,process_excursion,low,P4,Filter element blinding from systematic EAF dust ingress via breather; differential pressure reaches the 4.5 bar bypass threshold; lead time 843h before functional failure,Replace FLT-HYD-10 element set (then: Clean suction strainer; fit desiccant breather),317000,1475.0,False,corrective
INC-0047,EAF.AUX.HYD01,EAF.AUX.HYD01::E05,SCN-049,2025-09-13 14:00:00,2025-09-13 18:12:00,2025-09-05 00:02:19,206.0,6,4.2,filter_clog,Mechanical/general,incipient,operator_observation,low,P4,Filter element blinding from systematic EAF dust ingress via breather; differential pressure reaches the 4.5 bar bypass threshold; caught early at incipient stage,Isolate HPU (then: Replace FLT-HYD-10 element set),230000,938.6,False,corrective
INC-0048,EAF.AUX.HYD01,EAF.AUX.HYD01::E06,SCN-049,2025-11-10 07:00:00,2025-11-10 10:30:00,2025-10-19 01:33:46,533.4,7,3.5,filter_clog,Mechanical/general,degraded,alarm_system,low,P4,Filter element blinding from systematic EAF dust ingress via breather; differential pressure reaches the 4.5 bar bypass threshold; flagged via alarm system,Clean suction strainer; fit desiccant breather,322000,1016.9,False,corrective
INC-0049,EAF.AUX.HYD01,EAF.AUX.HYD01::E07,SCN-049,2025-11-27 18:00:00,2025-11-27 22:48:00,2025-11-22 02:51:50,135.1,8,4.8,filter_clog,Mechanical/general,degraded,condition_monitoring_alert,low,P4,Filter element blinding from systematic EAF dust ingress via breather; differential pressure reaches the 4.5 bar bypass threshold; flagged via condition monitoring alert,Isolate HPU,366000,1307.4,False,corrective
INC-0050,EAF.AUX.HYD01,EAF.AUX.HYD01::E08,SCN-049,2025-12-18 19:00:00,2025-12-18 21:42:00,2025-12-16 12:43:45,54.3,9,2.7,filter_clog,Mechanical/general,critical,operator_observation,low,P4,Filter element blinding from systematic EAF dust ingress via breather; differential pressure reaches the 4.5 bar bypass threshold; accelerated by misalignment,Clean suction strainer; fit desiccant breather,412000,521.5,False,corrective
INC-0051,HSM.DSC.PMP01,HSM.DSC.PMP01::E00,SCN-040,2025-02-21 09:00:00,2025-02-21 19:42:00,2025-02-10 02:35:41,270.4,1,10.7,mechanical_seal_failure,Leakage,degraded,operator_observation,medium,P3,Mechanical seal face wear from abrasive scale-laden water; secondary O-ring degradation; lead time 270h before functional failure,Switch to standby; isolate + LOTO,1039000,2430.8,False,corrective
INC-0052,HSM.DSC.PMP01,HSM.DSC.PMP01::E01,SCN-040,2025-04-23 18:00:00,2025-04-24 03:30:00,2025-04-22 06:58:09,35.0,2,9.5,mechanical_seal_failure,Leakage,critical,process_excursion,medium,P3,Mechanical seal face wear from abrasive scale-laden water; secondary O-ring degradation; 2nd recurrence on this asset,Shaft runout <0.05mm TIR (then: Shaft runout <0.05mm TIR),1656000,1956.7,False,corrective
INC-0053,HSM.DSC.PMP01,HSM.DSC.PMP01::E02,SCN-040,2025-05-03 15:00:00,2025-05-03 21:12:00,2025-04-30 02:22:17,84.6,3,6.2,mechanical_seal_failure,Leakage,degraded,condition_monitoring_alert,medium,P3,Mechanical seal face wear from abrasive scale-laden water; secondary O-ring degradation; lead time 85h before functional failure,"Install new SiC/SiC seal, faces fingerprint-free (then: Shaft runout <0.05mm TIR)",1229000,1378.0,False,corrective
INC-0054,HSM.DSC.PMP01,HSM.DSC.PMP01::E03,SCN-040,2025-06-26 09:00:00,2025-06-26 20:06:00,2025-05-31 10:34:58,622.4,4,11.1,mechanical_seal_failure,Leakage,degraded,operator_observation,medium,P3,Mechanical seal face wear from abrasive scale-laden water; secondary O-ring degradation; detected mid-degradation,Switch to standby; isolate + LOTO,1236000,2197.9,False,corrective
INC-0055,HSM.DSC.PMP01,HSM.DSC.PMP01::E04,SCN-040,2025-08-14 06:00:00,2025-08-14 11:48:00,2025-08-11 21:20:31,56.7,5,5.8,mechanical_seal_failure,Leakage,incipient,alarm_system,medium,P3,Mechanical seal face wear from abrasive scale-laden water; secondary O-ring degradation; flagged via alarm system,Switch to standby; isolate + LOTO,2060000,1092.5,True,corrective
INC-0056,HSM.DSC.PMP01,HSM.DSC.PMP01::E05,SCN-040,2025-09-27 05:00:00,2025-09-27 11:18:00,2025-09-19 01:55:58,195.1,6,6.3,mechanical_seal_failure,Leakage,degraded,routine_inspection,medium,P3,Mechanical seal face wear from abrasive scale-laden water; secondary O-ring degradation; flagged via routine inspection,Shaft runout <0.05mm TIR,1494000,1029.1,True,corrective
INC-0057,HSM.DSC.PMP01,HSM.DSC.PMP01::E06,SCN-040,2025-12-02 10:00:00,2025-12-02 20:48:00,2025-11-13 02:22:16,463.6,7,10.8,mechanical_seal_failure,Leakage,degraded,condition_monitoring_alert,medium,P3,Mechanical seal face wear from abrasive scale-laden water; secondary O-ring degradation; detected mid-degradation,"Drain casing, back-pullout seal change (then: Inspect shaft sleeve (replace if >0.1mm scoring))",2154000,2175.0,False,corrective
INC-0058,HSM.F1.GBX01,HSM.F1.GBX01::E00,SCN-038,2025-02-03 04:00:00,2025-02-10 05:42:00,2025-01-25 04:16:01,215.7,1,169.7,gear_tooth_fatigue_crack,Material/fatigue,incipient,alarm_system,high,P2,Tooth-root fatigue crack from prior high-torque cobble event; chunky spall debris; lead time 216h before functional failure,Remove gearbox via crane to repair bay (then: Replace gear wheel + bearings; set backlash 0.1-0.),62342000,48597.8,False,breakdown
INC-0059,HSM.F1.GBX01,HSM.F1.GBX01::E01,SCN-038,2025-03-05 01:00:00,2025-03-12 17:48:00,2025-02-28 00:51:29,120.1,2,184.8,gear_tooth_fatigue_crack,Material/fatigue,degraded,routine_inspection,high,P2,Tooth-root fatigue crack from prior high-torque cobble event; chunky spall debris; lead time 120h before functional failure,Prussian-blue contact >70% face,69721000,45602.9,False,breakdown
INC-0060,HSM.F1.GBX01,HSM.F1.GBX01::E02,SCN-038,2025-03-20 14:00:00,2025-03-29 08:18:00,2025-03-18 14:45:46,47.2,3,210.3,gear_tooth_fatigue_crack,Material/fatigue,degraded,operator_observation,high,P2,Tooth-root fatigue crack from prior high-torque cobble event; chunky spall debris; detected mid-degradation,Remove gearbox via crane to repair bay,58788000,70655.3,False,breakdown
INC-0061,HSM.F1.GBX01,HSM.F1.GBX01::E03,SCN-038,2025-04-23 03:00:00,2025-04-30 20:12:00,2025-04-18 05:47:40,117.2,4,185.2,gear_tooth_fatigue_crack,Material/fatigue,incipient,alarm_system,high,P2,Tooth-root fatigue crack from prior high-torque cobble event; chunky spall debris; 4th recurrence on this asset,Run-in low load before full,74086000,51463.5,False,breakdown
INC-0062,HSM.F1.GBX01,HSM.F1.GBX01::E04,SCN-038,2025-07-05 05:00:00,2025-07-13 05:48:00,2025-05-09 22:28:57,1350.5,5,192.8,gear_tooth_fatigue_crack,Material/fatigue,incipient,condition_monitoring_alert,high,P2,Tooth-root fatigue crack from prior high-torque cobble event; chunky spall debris; lead time 1351h before functional failure,Run-in low load before full,67747000,59190.1,False,breakdown
INC-0063,HSM.F1.GBX01,HSM.F1.GBX01::E05,SCN-038,2025-09-15 13:00:00,2025-09-21 17:36:00,2025-08-25 04:43:09,512.3,6,148.6,gear_tooth_fatigue_crack,Material/fatigue,degraded,condition_monitoring_alert,high,P2,Tooth-root fatigue crack from prior high-torque cobble event; chunky spall debris; 6th recurrence on this asset,Run-in low load before full (then: Run-in low load before full),95360000,36400.2,False,breakdown
INC-0064,HSM.F1.GBX01,HSM.F1.GBX01::E06,SCN-038,2025-10-12 05:00:00,2025-10-18 16:36:00,2025-10-02 22:51:42,222.1,7,155.6,gear_tooth_fatigue_crack,Material/fatigue,incipient,condition_monitoring_alert,high,P2,Tooth-root fatigue crack from prior high-torque cobble event; chunky spall debris; caught early at incipient stage,Immediate controlled stop (no deferral) (then: Remove gearbox via crane to repair bay),71296000,41018.5,False,breakdown
INC-0065,HSM.F1.GBX01,HSM.F1.GBX01::E07,SCN-038,2025-10-21 11:00:00,2025-10-27 01:00:00,2025-10-17 06:25:37,100.6,8,134.0,gear_tooth_fatigue_crack,Material/fatigue,degraded,condition_monitoring_alert,high,P2,Tooth-root fatigue crack from prior high-torque cobble event; chunky spall debris; 8th recurrence on this asset,Run-in low load before full (then: Run-in low load before full),51532000,37924.7,False,breakdown
INC-0066,HSM.F1.GBX01,HSM.F1.GBX01::E08,SCN-038,2025-12-06 18:00:00,2025-12-13 08:12:00,2025-11-17 18:49:42,455.2,9,158.2,gear_tooth_fatigue_crack,Material/fatigue,degraded,routine_inspection,high,P2,Tooth-root fatigue crack from prior high-torque cobble event; chunky spall debris; accelerated by water ingress,Remove gearbox via crane to repair bay (then: Replace gear wheel + bearings; set backlash 0.1-0.),69762000,37069.8,False,breakdown
INC-0067,HSM.F1.MTR01,HSM.F1.MTR01::E00,SCN-039,2025-04-06 04:00:00,2025-04-06 18:12:00,2025-01-31 21:50:01,1542.2,1,14.2,broken_rotor_bar,Mechanical/general,incipient,condition_monitoring_alert,medium,P3,Rotor bar fracture from repeated high-torque starts / thermal cycling; sidebands at (1-2s)f1; lead time 1542h before functional failure,Confirm via MCSA at steady load (sideband >-35dBc) (then: Plan motor swap within 2-4 weeks (insurance spare)),11750000,3493.3,False,corrective
INC-0068,HSM.F1.MTR01,HSM.F1.MTR01::E01,SCN-039,2025-05-01 17:00:00,2025-05-02 02:42:00,2025-04-22 20:42:20,212.3,2,9.7,broken_rotor_bar,Mechanical/general,incipient,condition_monitoring_alert,medium,P3,Rotor bar fracture from repeated high-torque starts / thermal cycling; sidebands at (1-2s)f1; 2nd recurrence on this asset,Confirm via MCSA at steady load (sideband >-35dBc),7151000,2812.4,False,corrective
INC-0069,HSM.F1.MTR01,HSM.F1.MTR01::E02,SCN-039,2025-06-04 00:00:00,2025-06-04 11:30:00,2025-05-27 10:52:18,181.1,3,11.5,broken_rotor_bar,Mechanical/general,incipient,process_excursion,medium,P3,Rotor bar fracture from repeated high-torque starts / thermal cycling; sidebands at (1-2s)f1; accelerated by water ingress,Plan motor swap within 2-4 weeks (insurance spare) (then: Send failed motor for rotor bar test + repair),7821000,3132.2,False,corrective
INC-0070,HSM.F1.MTR01,HSM.F1.MTR01::E03,SCN-039,2025-08-03 16:00:00,2025-08-04 01:48:00,2025-07-08 16:12:58,623.8,4,9.8,broken_rotor_bar,Mechanical/general,incipient,condition_monitoring_alert,medium,P3,Rotor bar fracture from repeated high-torque starts / thermal cycling; sidebands at (1-2s)f1; caught early at incipient stage,Verify phase rotation before energising spare,11288000,2648.9,False,corrective
INC-0071,HSM.F1.MTR01,HSM.F1.MTR01::E04,SCN-039,2025-09-24 17:00:00,2025-09-25 01:42:00,2025-09-11 19:53:12,309.1,5,8.7,broken_rotor_bar,Mechanical/general,degraded,process_excursion,medium,P3,Rotor bar fracture from repeated high-torque starts / thermal cycling; sidebands at (1-2s)f1; flagged via process excursion,Send failed motor for rotor bar test + repair (then: Verify phase rotation before energising spare),10621000,2363.8,False,corrective
INC-0072,HSM.F1.MTR01,HSM.F1.MTR01::E05,SCN-039,2025-10-22 19:00:00,2025-10-23 02:54:00,2025-10-11 05:34:03,277.4,6,7.9,broken_rotor_bar,Mechanical/general,incipient,condition_monitoring_alert,medium,P3,Rotor bar fracture from repeated high-torque starts / thermal cycling; sidebands at (1-2s)f1; accelerated by thermal cycling,Verify phase rotation before energising spare,12311000,2688.0,False,corrective
INC-0073,HSM.F1.MTR01,HSM.F1.MTR01::E06,SCN-039,2025-11-06 03:00:00,2025-11-06 15:36:00,2025-10-28 22:57:09,196.0,7,12.6,broken_rotor_bar,Mechanical/general,incipient,condition_monitoring_alert,medium,P3,Rotor bar fracture from repeated high-torque starts / thermal cycling; sidebands at (1-2s)f1; flagged via condition monitoring alert,Confirm via MCSA at steady load (sideband >-35dBc) (then: Plan motor swap within 2-4 weeks (insurance spare)),15409000,3684.3,False,corrective
INC-0074,HSM.F1.MTR01,HSM.F1.MTR01::E07,SCN-039,2025-12-18 00:00:00,2025-12-18 09:42:00,2025-12-03 19:35:28,340.4,8,9.7,broken_rotor_bar,Mechanical/general,degraded,condition_monitoring_alert,medium,P3,Rotor bar fracture from repeated high-torque starts / thermal cycling; sidebands at (1-2s)f1; detected mid-degradation,Verify phase rotation before energising spare,12896000,3148.0,False,corrective
INC-0075,HSM.F3.WR.BRG01,HSM.F3.WR.BRG01::E00,SCN-037,2025-03-21 13:00:00,2025-03-22 01:42:00,2025-01-18 14:20:50,1486.7,1,12.7,outer_race_fatigue_spall_BPFO,Material/fatigue,incipient,condition_monitoring_alert,high,P2,Subsurface rolling-contact fatigue initiating outer-race spall (ISO 15243 fatigue); accelerated by lube contamination; accelerated by misalignment,"Inspect journal vs OEM H7/k6, regrind if worn",9129000,2963.9,False,breakdown
INC-0076,HSM.F3.WR.BRG01,HSM.F3.WR.BRG01::E01,SCN-037,2025-04-10 08:00:00,2025-04-11 00:42:00,2025-03-29 02:55:01,293.1,2,16.7,outer_race_fatigue_spall_BPFO,Material/fatigue,incipient,condition_monitoring_alert,high,P2,Subsurface rolling-contact fatigue initiating outer-race spall (ISO 15243 fatigue); accelerated by lube contamination; lead time 293h before functional failure,"Verify <2.3mm/s, temp <70C at 60min (then: Verify <2.3mm/s, temp <70C at 60min)",12836000,4572.5,True,breakdown
INC-0077,HSM.F3.WR.BRG01,HSM.F3.WR.BRG01::E02,SCN-037,2025-04-26 04:00:00,2025-04-26 17:18:00,2025-04-23 08:12:20,67.8,3,13.3,outer_race_fatigue_spall_BPFO,Material/fatigue,degraded,routine_inspection,high,P2,Subsurface rolling-contact fatigue initiating outer-race spall (ISO 15243 fatigue); accelerated by lube contamination; detected mid-degradation,"Hydraulic bearing puller; never strike bearing (then: Inspect journal vs OEM H7/k6, regrind if worn)",11132000,3569.7,False,breakdown
INC-0078,HSM.F3.WR.BRG01,HSM.F3.WR.BRG01::E03,SCN-037,2025-05-15 03:00:00,2025-05-15 11:00:00,2025-05-12 05:46:01,69.2,4,8.0,outer_race_fatigue_spall_BPFO,Material/fatigue,critical,process_excursion,high,P2,Subsurface rolling-contact fatigue initiating outer-race spall (ISO 15243 fatigue); accelerated by lube contamination; late detection; advanced damage at intervention,"Inspect journal vs OEM H7/k6, regrind if worn (then: Induction-heat new bearing 80-100C, laser-align <0)",13321000,2021.6,True,breakdown
INC-0079,HSM.F3.WR.BRG01,HSM.F3.WR.BRG01::E04,SCN-037,2025-07-11 23:00:00,2025-07-12 15:00:00,2025-06-07 11:29:20,827.5,5,16.0,outer_race_fatigue_spall_BPFO,Material/fatigue,incipient,condition_monitoring_alert,high,P2,Subsurface rolling-contact fatigue initiating outer-race spall (ISO 15243 fatigue); accelerated by lube contamination; flagged via condition monitoring alert,Hydraulic bearing puller; never strike bearing,13166000,4352.3,False,breakdown
INC-0080,HSM.F3.WR.BRG01,HSM.F3.WR.BRG01::E05,SCN-037,2025-09-26 22:00:00,2025-09-27 14:54:00,2025-08-12 23:09:33,1078.8,6,16.9,outer_race_fatigue_spall_BPFO,Material/fatigue,degraded,operator_observation,high,P2,Subsurface rolling-contact fatigue initiating outer-race spall (ISO 15243 fatigue); accelerated by lube contamination; accelerated by water ingress,"Controlled stop (Zone D / temp>100C), no emergency trip (then: Hydraulic bearing puller; never strike bearing)",12846000,5838.5,False,breakdown
INC-0081,HSM.F3.WR.BRG01,HSM.F3.WR.BRG01::E06,SCN-037,2025-10-11 10:00:00,2025-10-11 18:06:00,2025-10-02 21:25:03,204.6,7,8.1,outer_race_fatigue_spall_BPFO,Material/fatigue,incipient,process_excursion,high,P2,Subsurface rolling-contact fatigue initiating outer-race spall (ISO 15243 fatigue); accelerated by lube contamination; caught early at incipient stage,"Inspect journal vs OEM H7/k6, regrind if worn (then: Induction-heat new bearing 80-100C, laser-align <0)",7496000,1965.3,False,breakdown
INC-0082,HSM.F3.WR.BRG01,HSM.F3.WR.BRG01::E07,SCN-037,2025-12-20 22:00:00,2025-12-21 12:12:00,2025-11-18 18:27:42,771.5,8,14.2,outer_race_fatigue_spall_BPFO,Material/fatigue,degraded,condition_monitoring_alert,high,P2,Subsurface rolling-contact fatigue initiating outer-race spall (ISO 15243 fatigue); accelerated by lube contamination; detected mid-degradation,"Verify <2.3mm/s, temp <70C at 60min",9253000,4693.2,False,breakdown
INC-0083,HSM.STD.R1,HSM.STD.R1::E00,SCN-044,2025-02-16 21:00:00,2025-02-17 00:00:00,2025-02-09 17:27:15,171.5,1,3.0,work_roll_spall_flat,Material/fatigue,incipient,operator_observation,high,P2,Subsurface roll defect activated by cobble/thermal shock; spall printing on strip at period = piD; caught early at incipient stage,"Stop rolling on spall-printed product, segregate strip",20272000,1019.4,True,breakdown
INC-0084,HSM.STD.R1,HSM.STD.R1::E01,SCN-044,2025-04-06 10:00:00,2025-04-06 13:00:00,2025-04-03 19:11:50,62.8,2,3.0,work_roll_spall_flat,Material/fatigue,degraded,condition_monitoring_alert,high,P2,Subsurface roll defect activated by cobble/thermal shock; spall printing on strip at period = piD; lead time 63h before functional failure,"Stop rolling on spall-printed product, segregate strip (then: Quick-change work rolls (15-45 min))",22688000,1004.1,False,breakdown
INC-0085,HSM.STD.R1,HSM.STD.R1::E02,SCN-044,2025-06-06 06:00:00,2025-06-06 09:24:00,2025-06-02 03:50:12,98.2,3,3.4,work_roll_spall_flat,Material/fatigue,incipient,operator_observation,high,P2,Subsurface roll defect activated by cobble/thermal shock; spall printing on strip at period = piD; lead time 98h before functional failure,UT test after grind; condemn if below min dia (then: UT test after grind; condemn if below min dia),17958000,769.8,False,breakdown
INC-0086,HSM.STD.R1,HSM.STD.R1::E03,SCN-044,2025-06-14 22:00:00,2025-06-15 01:36:00,2025-06-10 13:25:12,104.6,4,3.6,work_roll_spall_flat,Material/fatigue,incipient,condition_monitoring_alert,high,P2,Subsurface roll defect activated by cobble/thermal shock; spall printing on strip at period = piD; caught early at incipient stage,Quick-change work rolls (15-45 min) (then: Send roll to roll shop: grind 3-5mm below spall),29623000,1240.5,True,breakdown
INC-0087,HSM.STD.R1,HSM.STD.R1::E04,SCN-044,2025-09-05 22:00:00,2025-09-06 02:06:00,2025-08-01 16:56:52,845.1,5,4.1,work_roll_spall_flat,Material/fatigue,incipient,condition_monitoring_alert,high,P2,Subsurface roll defect activated by cobble/thermal shock; spall printing on strip at period = piD; 5th recurrence on this asset,Send roll to roll shop: grind 3-5mm below spall (then: UT test after grind; condemn if below min dia),20610000,954.6,False,breakdown
INC-0088,HSM.STD.R1,HSM.STD.R1::E05,SCN-044,2025-11-27 15:00:00,2025-11-27 19:42:00,2025-10-15 21:27:06,1025.5,6,4.7,work_roll_spall_flat,Material/fatigue,degraded,condition_monitoring_alert,high,P2,Subsurface roll defect activated by cobble/thermal shock; spall printing on strip at period = piD; detected mid-degradation,"Stop rolling on spall-printed product, segregate strip (then: Quick-change work rolls (15-45 min))",18141000,1432.1,False,breakdown
INC-0089,HSM.STD.R1,HSM.STD.R1::E06,SCN-044,2025-12-24 08:00:00,2025-12-24 11:36:00,2025-12-16 17:28:36,182.5,7,3.6,work_roll_spall_flat,Material/fatigue,degraded,operator_observation,high,P2,Subsurface roll defect activated by cobble/thermal shock; spall printing on strip at period = piD; lead time 183h before functional failure,"Stop rolling on spall-printed product, segregate strip",23802000,1080.1,False,breakdown
INC-0090,MS.LDC.CRN01,MS.LDC.CRN01::E00,SCN-047,2025-02-02 14:00:00,2025-02-03 15:48:00,2025-01-27 10:35:38,147.4,1,25.8,wire_rope_fatigue_broken_wire,Material/fatigue,incipient,operator_observation,critical,P1,"Wire-rope fatigue / broken wires exceeding ISO 4309 discard criteria: >=12 random broken wires in one lay length (or >=4 in one strand), and/or MRT LM; 1st recurrence on this asset",Competent Person inspection + certification,80038000,6999.2,False,breakdown
INC-0091,MS.LDC.CRN01,MS.LDC.CRN01::E01,SCN-047,2025-04-01 06:00:00,2025-04-02 00:18:00,2025-03-10 23:46:05,510.2,2,18.3,wire_rope_fatigue_broken_wire,Material/fatigue,degraded,process_excursion,critical,P1,"Wire-rope fatigue / broken wires exceeding ISO 4309 discard criteria: >=12 random broken wires in one lay length (or >=4 in one strand), and/or MRT LM; 2nd recurrence on this asset",Take crane out of service immediately (do not lift) (then: If load suspended: lower under control first),117762000,4083.5,False,breakdown
INC-0092,MS.LDC.CRN01,MS.LDC.CRN01::E02,SCN-047,2025-04-17 00:00:00,2025-04-18 02:12:00,2025-04-12 09:06:43,110.9,3,26.2,wire_rope_fatigue_broken_wire,Material/fatigue,degraded,alarm_system,critical,P1,"Wire-rope fatigue / broken wires exceeding ISO 4309 discard criteria: >=12 random broken wires in one lay length (or >=4 in one strand), and/or MRT LM; detected mid-degradation",Take crane out of service immediately (do not lift),129446000,6625.0,False,breakdown
INC-0093,MS.LDC.CRN01,MS.LDC.CRN01::E03,SCN-047,2025-05-08 17:00:00,2025-05-09 12:24:00,2025-05-03 19:48:42,117.2,4,19.4,wire_rope_fatigue_broken_wire,Material/fatigue,incipient,condition_monitoring_alert,critical,P1,"Wire-rope fatigue / broken wires exceeding ISO 4309 discard criteria: >=12 random broken wires in one lay length (or >=4 in one strand), and/or MRT LM; 4th recurrence on this asset",Wedge-socket dead-end (not clips),122088000,4754.8,True,breakdown
INC-0094,MS.LDC.CRN01,MS.LDC.CRN01::E04,SCN-047,2025-06-20 21:00:00,2025-06-21 17:18:00,2025-05-31 04:30:12,496.5,5,20.3,wire_rope_fatigue_broken_wire,Material/fatigue,degraded,condition_monitoring_alert,critical,P1,"Wire-rope fatigue / broken wires exceeding ISO 4309 discard criteria: >=12 random broken wires in one lay length (or >=4 in one strand), and/or MRT LM; 5th recurrence on this asset",Wedge-socket dead-end (not clips),85029000,5854.1,False,breakdown
INC-0095,MS.LDC.CRN01,MS.LDC.CRN01::E05,SCN-047,2025-09-06 04:00:00,2025-09-07 08:36:00,2025-07-06 22:30:09,1469.5,6,28.6,wire_rope_fatigue_broken_wire,Material/fatigue,incipient,operator_observation,critical,P1,"Wire-rope fatigue / broken wires exceeding ISO 4309 discard criteria: >=12 random broken wires in one lay length (or >=4 in one strand), and/or MRT LM; caught early at incipient stage",If load suspended: lower under control first,92882000,6680.2,False,breakdown
INC-0096,MS.LDC.CRN01,MS.LDC.CRN01::E06,SCN-047,2025-11-05 05:00:00,2025-11-06 14:18:00,2025-10-26 12:59:46,232.0,7,33.3,wire_rope_fatigue_broken_wire,Material/fatigue,critical,condition_monitoring_alert,critical,P1,"Wire-rope fatigue / broken wires exceeding ISO 4309 discard criteria: >=12 random broken wires in one lay length (or >=4 in one strand), and/or MRT LM; 7th recurrence on this asset",Competent Person inspection + certification (then: Replace rope; inspect drum/sheave grooves; fleet a),136914000,8597.8,True,breakdown
INC-0097,MS.LDC.CRN01,MS.LDC.CRN01::E07,SCN-047,2025-12-15 15:00:00,2025-12-16 23:12:00,2025-12-09 16:16:56,142.7,8,32.2,wire_rope_fatigue_broken_wire,Material/fatigue,degraded,routine_inspection,critical,P1,"Wire-rope fatigue / broken wires exceeding ISO 4309 discard criteria: >=12 random broken wires in one lay length (or >=4 in one strand), and/or MRT LM; 8th recurrence on this asset",Competent Person inspection + certification,156193000,6868.3,False,breakdown
INC-0098,RHF.ZONE.SOAK,RHF.ZONE.SOAK::E00,SCN-046,2025-02-28 01:00:00,2025-02-28 06:12:00,2025-01-17 12:05:46,996.9,1,5.2,burner_failure_fuelside,Mechanical/general,incipient,condition_monitoring_alert,high,P2,Burner nozzle fouling / gas supply fluctuation causing unstable flame (EN 746-2); flagged via condition monitoring alert,Clean/replace burner nozzle + flame scanner (then: Re-tune fuel-air ratio),1504000,953.1,True,breakdown
INC-0099,RHF.ZONE.SOAK,RHF.ZONE.SOAK::E01,SCN-046,2025-04-06 07:00:00,2025-04-06 14:24:00,2025-03-15 20:31:15,514.5,2,7.4,burner_failure_fuelside,Mechanical/general,incipient,process_excursion,high,P2,Burner nozzle fouling / gas supply fluctuation causing unstable flame (EN 746-2); lead time 514h before functional failure,Re-tune fuel-air ratio (then: Re-tune fuel-air ratio),1117000,1333.3,False,breakdown
INC-0100,RHF.ZONE.SOAK,RHF.ZONE.SOAK::E02,SCN-046,2025-04-21 09:00:00,2025-04-21 14:42:00,2025-04-16 19:44:52,109.3,3,5.7,burner_failure_fuelside,Mechanical/general,degraded,alarm_system,high,P2,Burner nozzle fouling / gas supply fluctuation causing unstable flame (EN 746-2); flagged via alarm system,Automatic fuel cutoff at <40% flame signal (then: Purge furnace before re-light (safety)),1431000,830.8,False,breakdown
INC-0101,RHF.ZONE.SOAK,RHF.ZONE.SOAK::E03,SCN-046,2025-06-13 08:00:00,2025-06-13 16:30:00,2025-06-01 21:56:56,274.1,4,8.5,burner_failure_fuelside,Mechanical/general,critical,condition_monitoring_alert,high,P2,Burner nozzle fouling / gas supply fluctuation causing unstable flame (EN 746-2); flagged via condition monitoring alert,Automatic fuel cutoff at <40% flame signal,1761000,1121.6,False,breakdown
INC-0102,RHF.ZONE.SOAK,RHF.ZONE.SOAK::E04,SCN-046,2025-07-16 13:00:00,2025-07-16 20:24:00,2025-07-04 20:56:56,280.1,5,7.4,burner_failure_fuelside,Mechanical/general,incipient,condition_monitoring_alert,high,P2,Burner nozzle fouling / gas supply fluctuation causing unstable flame (EN 746-2); caught early at incipient stage,Automatic fuel cutoff at <40% flame signal (then: Purge furnace before re-light (safety)),910000,1145.9,False,breakdown
INC-0103,RHF.ZONE.SOAK,RHF.ZONE.SOAK::E05,SCN-046,2025-07-24 08:00:00,2025-07-24 12:00:00,2025-07-20 15:35:55,88.4,6,4.0,burner_failure_fuelside,Mechanical/general,degraded,alarm_system,high,P2,Burner nozzle fouling / gas supply fluctuation causing unstable flame (EN 746-2); 6th recurrence on this asset,Clean/replace burner nozzle + flame scanner,1218000,776.4,False,breakdown
INC-0104,RHF.ZONE.SOAK,RHF.ZONE.SOAK::E06,SCN-046,2025-10-18 17:00:00,2025-10-19 00:30:00,2025-09-09 22:01:53,931.0,7,7.5,burner_failure_fuelside,Mechanical/general,degraded,routine_inspection,high,P2,Burner nozzle fouling / gas supply fluctuation causing unstable flame (EN 746-2); flagged via routine inspection,Purge furnace before re-light (safety) (then: Clean/replace burner nozzle + flame scanner),1990000,1149.8,False,breakdown
INC-0105,RHF.ZONE.SOAK,RHF.ZONE.SOAK::E07,SCN-046,2025-11-30 11:00:00,2025-11-30 19:42:00,2025-11-24 22:47:36,132.2,8,8.7,burner_failure_fuelside,Mechanical/general,degraded,condition_monitoring_alert,high,P2,Burner nozzle fouling / gas supply fluctuation causing unstable flame (EN 746-2); flagged via condition monitoring alert,Automatic fuel cutoff at <40% flame signal (then: Purge furnace before re-light (safety)),1364000,1560.3,False,breakdown
INC-0106,RM.CONV.ORE01,RM.CONV.ORE01::E00,SCN-045,2025-01-20 07:00:00,2025-01-20 08:36:00,2025-01-17 08:26:27,70.6,1,1.6,idler_bearing_failure,Mechanical/general,incipient,routine_inspection,critical,P1,Dry/failed idler bearing; seized idler under loaded belt is #1 belt-fire initiator; 1st recurrence on this asset,"LOTO + belt-tension lock before entry (then: Lift belt, replace idler (correct width/trough/rat)",733000,1648.6,False,breakdown
INC-0107,RM.CONV.ORE01,RM.CONV.ORE01::E01,SCN-045,2025-03-07 03:00:00,2025-03-07 05:06:00,2025-02-12 08:38:50,546.4,2,2.1,idler_bearing_failure,Mechanical/general,incipient,process_excursion,critical,P1,Dry/failed idler bearing; seized idler under loaded belt is #1 belt-fire initiator; 2nd recurrence on this asset,"LOTO + belt-tension lock before entry (then: Lift belt, replace idler (correct width/trough/rat)",704000,2249.2,False,breakdown
INC-0108,RM.CONV.ORE01,RM.CONV.ORE01::E02,SCN-045,2025-03-13 05:00:00,2025-03-13 06:42:00,2025-03-11 06:16:14,46.7,3,1.7,idler_bearing_failure,Mechanical/general,degraded,condition_monitoring_alert,critical,P1,Dry/failed idler bearing; seized idler under loaded belt is #1 belt-fire initiator; lead time 47h before functional failure,"Lift belt, replace idler (correct width/trough/rating)",611000,1687.8,False,breakdown
INC-0109,RM.CONV.ORE01,RM.CONV.ORE01::E03,SCN-045,2025-05-24 23:00:00,2025-05-25 01:18:00,2025-04-15 10:28:46,948.5,4,2.3,idler_bearing_failure,Mechanical/general,incipient,condition_monitoring_alert,critical,P1,Dry/failed idler bearing; seized idler under loaded belt is #1 belt-fire initiator; 4th recurrence on this asset,"LOTO + belt-tension lock before entry (then: Lift belt, replace idler (correct width/trough/rat)",979000,2691.2,False,breakdown
INC-0110,RM.CONV.ORE01,RM.CONV.ORE01::E04,SCN-045,2025-07-27 03:00:00,2025-07-27 05:06:00,2025-07-03 08:34:05,570.4,5,2.1,idler_bearing_failure,Mechanical/general,degraded,alarm_system,critical,P1,Dry/failed idler bearing; seized idler under loaded belt is #1 belt-fire initiator; 5th recurrence on this asset,"LOTO + belt-tension lock before entry (then: Lift belt, replace idler (correct width/trough/rat)",1055000,1868.1,False,breakdown
INC-0111,RM.CONV.ORE01,RM.CONV.ORE01::E05,SCN-045,2025-08-13 16:00:00,2025-08-13 18:54:00,2025-08-02 20:08:08,259.9,6,2.9,idler_bearing_failure,Mechanical/general,incipient,operator_observation,critical,P1,Dry/failed idler bearing; seized idler under loaded belt is #1 belt-fire initiator; flagged via operator observation,LOTO + belt-tension lock before entry,607000,3261.4,False,breakdown
INC-0112,RM.CONV.ORE01,RM.CONV.ORE01::E06,SCN-045,2025-11-18 11:00:00,2025-11-18 13:42:00,2025-10-04 22:38:38,1068.4,7,2.7,idler_bearing_failure,Mechanical/general,degraded,operator_observation,critical,P1,Dry/failed idler bearing; seized idler under loaded belt is #1 belt-fire initiator; 7th recurrence on this asset,Stop belt immediately (fire risk),1033000,2051.6,False,breakdown
INC-0113,RM.CONV.ORE01,RM.CONV.ORE01::E07,SCN-045,2025-12-18 08:00:00,2025-12-18 10:48:00,2025-12-16 01:06:40,54.9,8,2.8,idler_bearing_failure,Mechanical/general,degraded,condition_monitoring_alert,critical,P1,Dry/failed idler bearing; seized idler under loaded belt is #1 belt-fire initiator; detected mid-degradation,Stop belt immediately (fire risk) (then: LOTO + belt-tension lock before entry),1148000,3261.5,False,breakdown
INC-0114,SP.SINT.FAN01,SP.SINT.FAN01::E00,SCN-051,2025-01-12 11:00:00,2025-01-13 05:00:00,2025-01-04 13:03:54,189.9,1,18.0,mass_imbalance_deposit_shedding,Vibration/misalignment,incipient,condition_monitoring_alert,high,P2,Asymmetric dust-cake shedding from the sinter-fan rotor causes a step mass imbalance; 1x vibration jumps from baseline to the 7.1 mm/s alarm; 1st recurrence on this asset,Apply erosion-resistant hard-facing if recurring; verify <4.5 mm/s,9567000,7802.7,False,breakdown
INC-0115,SP.SINT.FAN01,SP.SINT.FAN01::E01,SCN-051,2025-03-23 21:00:00,2025-03-25 00:42:00,2025-01-29 23:47:37,1269.2,2,27.7,mass_imbalance_deposit_shedding,Vibration/misalignment,incipient,alarm_system,high,P2,Asymmetric dust-cake shedding from the sinter-fan rotor causes a step mass imbalance; 1x vibration jumps from baseline to the 7.1 mm/s alarm; flagged via alarm system,Emergency stop; access fan housing (then: Manually clean rotor deposits),12001000,11799.2,False,breakdown
INC-0116,SP.SINT.FAN01,SP.SINT.FAN01::E02,SCN-051,2025-04-23 10:00:00,2025-04-24 05:36:00,2025-04-19 11:26:27,94.6,3,19.6,mass_imbalance_deposit_shedding,Vibration/misalignment,degraded,condition_monitoring_alert,high,P2,Asymmetric dust-cake shedding from the sinter-fan rotor causes a step mass imbalance; 1x vibration jumps from baseline to the 7.1 mm/s alarm; accelerated by water ingress,Apply erosion-resistant hard-facing if recurring; verify <4.5 mm/s (then: Apply erosion-resistant hard-facing if recurring; ),10129000,7308.6,False,breakdown
INC-0117,SP.SINT.FAN01,SP.SINT.FAN01::E03,SCN-051,2025-06-24 14:00:00,2025-06-25 07:00:00,2025-06-20 12:09:40,97.8,4,17.0,mass_imbalance_deposit_shedding,Vibration/misalignment,degraded,operator_observation,high,P2,Asymmetric dust-cake shedding from the sinter-fan rotor causes a step mass imbalance; 1x vibration jumps from baseline to the 7.1 mm/s alarm; flagged via operator observation,Emergency stop; access fan housing,8400000,7487.0,False,breakdown
INC-0118,SP.SINT.FAN01,SP.SINT.FAN01::E04,SCN-051,2025-09-28 10:00:00,2025-09-29 06:18:00,2025-08-18 13:24:23,980.6,5,20.3,mass_imbalance_deposit_shedding,Vibration/misalignment,incipient,operator_observation,high,P2,Asymmetric dust-cake shedding from the sinter-fan rotor causes a step mass imbalance; 1x vibration jumps from baseline to the 7.1 mm/s alarm; accelerated by thermal cycling,Dynamic balance online; trim with BAL-WT-01,13976000,10370.2,False,breakdown
INC-0119,SP.SINT.FAN01,SP.SINT.FAN01::E05,SCN-051,2025-10-09 12:00:00,2025-10-10 08:54:00,2025-10-01 18:12:10,185.8,6,20.9,mass_imbalance_deposit_shedding,Vibration/misalignment,incipient,operator_observation,high,P2,Asymmetric dust-cake shedding from the sinter-fan rotor causes a step mass imbalance; 1x vibration jumps from baseline to the 7.1 mm/s alarm; accelerated by misalignment,Dynamic balance online; trim with BAL-WT-01,7446000,9071.1,False,breakdown
INC-0120,SP.SINT.FAN01,SP.SINT.FAN01::E06,SCN-051,2025-12-03 15:00:00,2025-12-04 22:48:00,2025-11-26 18:59:49,164.0,7,31.8,mass_imbalance_deposit_shedding,Vibration/misalignment,critical,process_excursion,critical,P2,Asymmetric dust-cake shedding from the sinter-fan rotor causes a step mass imbalance; 1x vibration jumps from baseline to the 7.1 mm/s alarm; late detection; advanced damage at intervention,Manually clean rotor deposits,16315000,13560.8,True,breakdown
