defect_id,timestamp,coil_id,defect_type,severity,process_stage,attributed_asset_id,attributed_run_id,linked_incident_id,defect_ppm,root_cause_hint
DEF-00635,2025-01-01 18:42:51,C663345,inclusion,minor,steelmaking,,,,878,process_variation
DEF-00793,2025-01-02 21:29:19,C629174,chatter_mark,minor,cold_rolling,,,,512,process_variation
DEF-00407,2025-01-02 23:27:35,C889730,chatter_mark,minor,cold_rolling,,,,1401,process_variation
DEF-00739,2025-01-04 12:10:47,C220965,chatter_mark,minor,cold_rolling,,,,1039,process_variation
DEF-00770,2025-01-04 13:55:02,C537633,longitudinal_crack,minor,casting,,,,1088,process_variation
DEF-00766,2025-01-05 05:53:38,C412883,breakout_near_miss,minor,casting,,,,761,process_variation
DEF-00453,2025-01-06 06:08:18,C142613,oscillation_mark,minor,casting,,,,1358,process_variation
DEF-00507,2025-01-06 20:05:57,C602875,roll_mark,major,hot_rolling,,,,377,process_variation
DEF-00660,2025-01-08 04:08:56,C639233,camber,major,hot_rolling,,,,976,process_variation
DEF-00720,2025-01-09 11:28:58,C313897,decarburization,minor,reheating,,,,583,process_variation
DEF-00493,2025-01-11 19:42:44,C125211,decarburization,minor,reheating,,,,125,process_variation
DEF-00736,2025-01-15 14:10:37,C500597,coil_break,minor,cold_rolling,,,,118,process_variation
DEF-00105,2025-01-15 22:24:50,C346034,inclusion,major,steelmaking,EAF.AUX.HYD01,EAF.AUX.HYD01::E00,INC-0042,3926,filter_clog
DEF-00482,2025-01-16 12:52:48,C603108,thickness_deviation,minor,cold_rolling,,,,339,process_variation
DEF-00477,2025-01-17 00:16:32,C233421,thickness_deviation,minor,cold_rolling,,,,761,process_variation
DEF-00107,2025-01-17 06:29:00,C812156,chemistry_deviation,minor,steelmaking,EAF.AUX.HYD01,EAF.AUX.HYD01::E00,INC-0042,3313,filter_clog
DEF-00106,2025-01-17 09:03:00,C113796,chemistry_deviation,major,steelmaking,EAF.AUX.HYD01,EAF.AUX.HYD01::E00,INC-0042,1746,filter_clog
DEF-00587,2025-01-17 11:12:03,C654277,temperature_streak,major,reheating,,,,878,process_variation
DEF-00702,2025-01-18 01:49:55,C796380,scale_pitting,minor,hot_rolling,,,,1377,process_variation
DEF-00405,2025-01-18 06:29:35,C716531,coil_break,minor,cold_rolling,,,,401,process_variation
DEF-00560,2025-01-18 09:09:50,C250669,over_scaling,minor,reheating,,,,245,process_variation
DEF-00461,2025-01-18 14:11:45,C733881,chemistry_deviation,major,steelmaking,,,,956,process_variation
DEF-00429,2025-01-21 04:06:29,C129396,chemistry_deviation,minor,steelmaking,,,,318,process_variation
DEF-00645,2025-01-22 01:44:06,C980023,longitudinal_crack,major,casting,,,,1300,process_variation
DEF-00490,2025-01-22 06:38:12,C966162,scale_pitting,minor,hot_rolling,,,,1452,process_variation
DEF-00489,2025-01-22 07:00:50,C467232,over_scaling,major,reheating,,,,688,process_variation
DEF-00524,2025-01-23 03:08:41,C498087,temperature_streak,minor,reheating,,,,1044,process_variation
DEF-00693,2025-01-23 05:05:38,C243020,chatter_mark,minor,cold_rolling,,,,1488,process_variation
DEF-00436,2025-01-23 09:30:01,C579929,roll_mark,major,hot_rolling,,,,1463,process_variation
DEF-00398,2025-01-23 23:30:36,C499761,decarburization,minor,reheating,,,,1201,process_variation
DEF-00376,2025-01-24 03:58:18,C577175,oscillation_mark,major,casting,,,,509,process_variation
DEF-00657,2025-01-25 12:34:24,C859884,camber,reject,hot_rolling,,,,1180,process_variation
DEF-00728,2025-01-26 13:56:50,C277452,longitudinal_crack,minor,casting,,,,604,process_variation
DEF-00005,2025-01-27 03:51:47,C343244,oscillation_mark,minor,casting,CCM.MOLD.01,CCM.MOLD.01::E00,INC-0017,1633,breakout_sticking
DEF-00004,2025-01-27 08:57:24,C937397,oscillation_mark,minor,casting,CCM.MOLD.01,CCM.MOLD.01::E00,INC-0017,4693,breakout_sticking
DEF-00602,2025-01-28 21:28:32,C910026,coil_break,minor,cold_rolling,,,,1429,process_variation
DEF-00695,2025-01-28 22:36:20,C735150,oscillation_mark,major,casting,,,,410,process_variation
DEF-00175,2025-01-29 20:20:51,C362489,roll_mark,major,hot_rolling,HSM.F1.GBX01,HSM.F1.GBX01::E00,INC-0058,3947,gear_tooth_fatigue_crack
DEF-00533,2025-01-30 03:15:35,C964877,inclusion,minor,steelmaking,,,,381,process_variation
DEF-00001,2025-01-30 04:07:31,C555427,surface_crack,reject,casting,CCM.MOLD.01,CCM.MOLD.01::E00,INC-0017,3151,breakout_sticking
DEF-00002,2025-01-30 05:21:26,C560723,oscillation_mark,major,casting,CCM.MOLD.01,CCM.MOLD.01::E00,INC-0017,2444,breakout_sticking
DEF-00565,2025-01-30 16:14:12,C134187,breakout_near_miss,major,casting,,,,204,process_variation
DEF-00003,2025-01-30 21:28:56,C358107,longitudinal_crack,minor,casting,CCM.MOLD.01,CCM.MOLD.01::E00,INC-0017,1685,breakout_sticking
DEF-00755,2025-01-31 02:02:31,C866488,chemistry_deviation,major,steelmaking,,,,602,process_variation
DEF-00306,2025-01-31 05:58:22,C788635,chemistry_deviation,minor,steelmaking,MS.LDC.CRN01,MS.LDC.CRN01::E00,INC-0090,4492,wire_rope_fatigue_broken_wire
DEF-00174,2025-01-31 11:19:00,C441484,thickness_deviation,reject,hot_rolling,HSM.F1.GBX01,HSM.F1.GBX01::E00,INC-0058,3471,gear_tooth_fatigue_crack
DEF-00006,2025-02-01 09:12:00,C797183,surface_crack,reject,casting,CCM.MOLD.01,CCM.MOLD.01::E00,INC-0017,2288,breakout_sticking
DEF-00556,2025-02-01 11:30:03,C110672,longitudinal_crack,major,casting,,,,519,process_variation
DEF-00173,2025-02-02 09:44:36,C329192,surface_scratch,minor,hot_rolling,HSM.F1.GBX01,HSM.F1.GBX01::E00,INC-0058,1823,gear_tooth_fatigue_crack
DEF-00305,2025-02-02 10:48:52,C573245,chemistry_deviation,major,steelmaking,MS.LDC.CRN01,MS.LDC.CRN01::E00,INC-0090,4208,wire_rope_fatigue_broken_wire
DEF-00307,2025-02-02 13:15:26,C930937,chemistry_deviation,minor,steelmaking,MS.LDC.CRN01,MS.LDC.CRN01::E00,INC-0090,3867,wire_rope_fatigue_broken_wire
DEF-00814,2025-02-02 16:10:28,C758380,breakout_near_miss,reject,casting,,,,170,process_variation
DEF-00408,2025-02-02 21:32:18,C216586,decarburization,major,reheating,,,,1107,process_variation
DEF-00690,2025-02-03 08:59:17,C480444,temperature_streak,reject,reheating,,,,547,process_variation
DEF-00336,2025-02-04 10:07:22,C729811,temperature_streak,major,reheating,RHF.ZONE.SOAK,RHF.ZONE.SOAK::E00,INC-0098,2013,burner_failure_fuelside
DEF-00469,2025-02-04 11:18:20,C642289,chemistry_deviation,minor,steelmaking,,,,963,process_variation
DEF-00633,2025-02-04 17:23:29,C309524,bleeder,minor,casting,,,,709,process_variation
DEF-00142,2025-02-04 17:57:22,C228402,camber,major,hot_rolling,HSM.DSC.PMP01,HSM.DSC.PMP01::E00,INC-0051,4448,mechanical_seal_failure
DEF-00647,2025-02-05 12:37:12,C457580,inclusion,minor,steelmaking,,,,817,process_variation
DEF-00535,2025-02-08 03:17:47,C301265,temperature_streak,minor,reheating,,,,129,process_variation
DEF-00497,2025-02-09 00:32:49,C186153,bleeder,minor,casting,,,,786,process_variation
DEF-00704,2025-02-09 19:11:55,C477936,roll_mark,minor,hot_rolling,,,,1382,process_variation
DEF-00065,2025-02-09 21:20:03,C408165,surface_scratch,minor,cold_rolling,CRM.AGC.SV01,CRM.AGC.SV01::E00,INC-0033,3014,servo_valve_silting_spool_wear
DEF-00425,2025-02-10 08:01:28,C385752,oscillation_mark,major,casting,,,,464,process_variation
DEF-00338,2025-02-10 20:54:17,C133914,decarburization,minor,reheating,RHF.ZONE.SOAK,RHF.ZONE.SOAK::E00,INC-0098,1229,burner_failure_fuelside
DEF-00067,2025-02-12 06:54:05,C974974,surface_scratch,major,cold_rolling,CRM.AGC.SV01,CRM.AGC.SV01::E00,INC-0033,638,servo_valve_silting_spool_wear
DEF-00066,2025-02-12 18:03:05,C708515,chatter_mark,major,cold_rolling,CRM.AGC.SV01,CRM.AGC.SV01::E00,INC-0033,1784,servo_valve_silting_spool_wear
DEF-00277,2025-02-12 18:44:04,C422538,surface_scratch,minor,hot_rolling,HSM.STD.R1,HSM.STD.R1::E00,INC-0083,3245,work_roll_spall_flat
DEF-00038,2025-02-13 17:32:57,C930908,breakout_near_miss,major,casting,CCM.SEG.07,CCM.SEG.07::E00,INC-0026,4476,roll_seizure
DEF-00634,2025-02-14 03:30:44,C965318,chatter_mark,minor,cold_rolling,,,,992,process_variation
DEF-00275,2025-02-14 07:34:39,C697248,surface_scratch,major,hot_rolling,HSM.STD.R1,HSM.STD.R1::E00,INC-0083,4520,work_roll_spall_flat
DEF-00068,2025-02-14 08:22:38,C984926,coil_break,reject,cold_rolling,CRM.AGC.SV01,CRM.AGC.SV01::E00,INC-0033,4113,servo_valve_silting_spool_wear
DEF-00769,2025-02-14 17:04:12,C506145,chatter_mark,reject,cold_rolling,,,,183,process_variation
DEF-00276,2025-02-15 09:41:56,C689027,roll_mark,minor,hot_rolling,HSM.STD.R1,HSM.STD.R1::E00,INC-0083,3722,work_roll_spall_flat
DEF-00605,2025-02-15 15:59:08,C122316,decarburization,minor,reheating,,,,746,process_variation
DEF-00701,2025-02-15 16:58:15,C447786,chatter_mark,minor,cold_rolling,,,,1354,process_variation
DEF-00141,2025-02-16 01:34:29,C899797,scale_pitting,major,hot_rolling,HSM.DSC.PMP01,HSM.DSC.PMP01::E00,INC-0051,4461,mechanical_seal_failure
DEF-00786,2025-02-16 04:12:19,C600690,chatter_mark,minor,cold_rolling,,,,497,process_variation
DEF-00069,2025-02-16 05:08:23,C800614,chatter_mark,minor,cold_rolling,CRM.AGC.SV01,CRM.AGC.SV01::E00,INC-0033,4646,servo_valve_silting_spool_wear
DEF-00040,2025-02-16 06:48:51,C793092,surface_crack,major,casting,CCM.SEG.07,CCM.SEG.07::E00,INC-0026,749,roll_seizure
DEF-00754,2025-02-17 01:15:38,C521974,oscillation_mark,minor,casting,,,,861,process_variation
DEF-00570,2025-02-17 01:51:41,C304531,edge_crack,minor,hot_rolling,,,,138,process_variation
DEF-00379,2025-02-17 08:08:05,C820767,coil_break,minor,cold_rolling,,,,942,process_variation
DEF-00727,2025-02-17 10:07:49,C535158,camber,minor,hot_rolling,,,,196,process_variation
DEF-00545,2025-02-17 10:27:42,C261064,longitudinal_crack,minor,casting,,,,1363,process_variation
DEF-00139,2025-02-17 12:38:38,C184138,surface_scratch,major,hot_rolling,HSM.DSC.PMP01,HSM.DSC.PMP01::E00,INC-0051,2868,mechanical_seal_failure
DEF-00488,2025-02-17 20:58:02,C749838,inclusion,minor,steelmaking,,,,846,process_variation
DEF-00807,2025-02-17 23:34:41,C212671,coil_break,reject,cold_rolling,,,,582,process_variation
DEF-00340,2025-02-18 10:02:15,C526757,temperature_streak,major,reheating,RHF.ZONE.SOAK,RHF.ZONE.SOAK::E00,INC-0098,4161,burner_failure_fuelside
DEF-00143,2025-02-18 20:30:38,C711070,thickness_deviation,minor,hot_rolling,HSM.DSC.PMP01,HSM.DSC.PMP01::E00,INC-0051,2932,mechanical_seal_failure
DEF-00630,2025-02-18 21:47:34,C327717,bleeder,minor,casting,,,,933,process_variation
DEF-00039,2025-02-19 03:56:59,C468963,breakout_near_miss,minor,casting,CCM.SEG.07,CCM.SEG.07::E00,INC-0026,4085,roll_seizure
DEF-00542,2025-02-19 10:11:22,C747682,camber,minor,hot_rolling,,,,1271,process_variation
DEF-00573,2025-02-19 12:03:46,C146613,coil_break,minor,cold_rolling,,,,1478,process_variation
DEF-00641,2025-02-19 21:56:40,C269467,roll_mark,minor,hot_rolling,,,,1252,process_variation
DEF-00140,2025-02-20 03:32:04,C298838,camber,reject,hot_rolling,HSM.DSC.PMP01,HSM.DSC.PMP01::E00,INC-0051,2993,mechanical_seal_failure
DEF-00341,2025-02-22 17:36:47,C742883,decarburization,reject,reheating,RHF.ZONE.SOAK,RHF.ZONE.SOAK::E00,INC-0098,958,burner_failure_fuelside
DEF-00249,2025-02-22 20:18:52,C154481,scale_pitting,minor,hot_rolling,HSM.F3.WR.BRG01,HSM.F3.WR.BRG01::E00,INC-0075,3068,outer_race_fatigue_spall_BPFO
DEF-00721,2025-02-22 23:43:40,C324017,breakout_near_miss,major,casting,,,,539,process_variation
DEF-00801,2025-02-23 00:15:19,C715370,breakout_near_miss,minor,casting,,,,1400,process_variation
DEF-00626,2025-02-23 16:06:52,C371734,oscillation_mark,minor,casting,,,,882,process_variation
DEF-00665,2025-02-23 22:54:01,C792917,chatter_mark,minor,cold_rolling,,,,836,process_variation
DEF-00339,2025-02-24 16:27:47,C839075,decarburization,minor,reheating,RHF.ZONE.SOAK,RHF.ZONE.SOAK::E00,INC-0098,2769,burner_failure_fuelside
DEF-00337,2025-02-24 21:10:52,C229308,decarburization,major,reheating,RHF.ZONE.SOAK,RHF.ZONE.SOAK::E00,INC-0098,3373,burner_failure_fuelside
DEF-00672,2025-02-26 04:57:56,C635612,surface_scratch,minor,cold_rolling,,,,1387,process_variation
DEF-00748,2025-02-26 15:03:38,C697976,breakout_near_miss,minor,casting,,,,1219,process_variation
DEF-00109,2025-02-27 06:00:37,C541582,inclusion,major,steelmaking,EAF.AUX.HYD01,EAF.AUX.HYD01::E01,INC-0043,4006,filter_clog
DEF-00465,2025-02-27 09:24:41,C946916,chemistry_deviation,minor,steelmaking,,,,897,process_variation
DEF-00521,2025-02-27 13:41:06,C152670,breakout_near_miss,reject,casting,,,,622,process_variation
DEF-00108,2025-02-27 15:34:48,C515547,inclusion,minor,steelmaking,EAF.AUX.HYD01,EAF.AUX.HYD01::E01,INC-0043,3711,filter_clog
DEF-00711,2025-02-28 01:13:38,C917257,coil_break,major,cold_rolling,,,,220,process_variation
DEF-00738,2025-02-28 13:18:13,C183331,decarburization,major,reheating,,,,771,process_variation
DEF-00747,2025-02-28 16:52:47,C168350,decarburization,major,reheating,,,,223,process_variation
DEF-00110,2025-02-28 18:23:54,C318110,inclusion,minor,steelmaking,EAF.AUX.HYD01,EAF.AUX.HYD01::E01,INC-0043,1407,filter_clog
DEF-00253,2025-02-28 20:34:09,C769599,thickness_deviation,minor,hot_rolling,HSM.F3.WR.BRG01,HSM.F3.WR.BRG01::E00,INC-0075,4471,outer_race_fatigue_spall_BPFO
DEF-00250,2025-03-01 13:44:35,C232245,roll_mark,reject,hot_rolling,HSM.F3.WR.BRG01,HSM.F3.WR.BRG01::E00,INC-0075,1628,outer_race_fatigue_spall_BPFO
DEF-00724,2025-03-01 14:06:37,C428382,inclusion,major,steelmaking,,,,1042,process_variation
DEF-00714,2025-03-01 22:51:46,C548415,bleeder,minor,casting,,,,1224,process_variation
DEF-00612,2025-03-02 06:43:23,C210048,inclusion,minor,steelmaking,,,,947,process_variation
DEF-00178,2025-03-02 10:39:00,C752005,surface_scratch,reject,hot_rolling,HSM.F1.GBX01,HSM.F1.GBX01::E01,INC-0059,1668,gear_tooth_fatigue_crack
DEF-00374,2025-03-02 16:32:44,C882058,camber,major,hot_rolling,,,,1468,process_variation
DEF-00685,2025-03-02 17:33:03,C418187,longitudinal_crack,minor,casting,,,,1391,process_variation
DEF-00412,2025-03-03 01:29:16,C189962,temperature_streak,minor,reheating,,,,1256,process_variation
DEF-00180,2025-03-03 02:34:33,C432128,roll_mark,minor,hot_rolling,HSM.F1.GBX01,HSM.F1.GBX01::E01,INC-0059,2574,gear_tooth_fatigue_crack
DEF-00691,2025-03-03 23:29:55,C542834,thickness_deviation,minor,hot_rolling,,,,341,process_variation
DEF-00459,2025-03-04 01:20:59,C886634,chatter_mark,minor,cold_rolling,,,,298,process_variation
DEF-00181,2025-03-04 03:28:45,C720343,thickness_deviation,minor,hot_rolling,HSM.F1.GBX01,HSM.F1.GBX01::E01,INC-0059,2760,gear_tooth_fatigue_crack
DEF-00179,2025-03-04 13:18:47,C716531,surface_scratch,major,hot_rolling,HSM.F1.GBX01,HSM.F1.GBX01::E01,INC-0059,3863,gear_tooth_fatigue_crack
DEF-00176,2025-03-04 13:57:34,C421903,surface_scratch,minor,hot_rolling,HSM.F1.GBX01,HSM.F1.GBX01::E01,INC-0059,4037,gear_tooth_fatigue_crack
DEF-00177,2025-03-04 20:28:34,C753193,camber,major,hot_rolling,HSM.F1.GBX01,HSM.F1.GBX01::E01,INC-0059,4700,gear_tooth_fatigue_crack
DEF-00729,2025-03-05 14:07:21,C304729,over_scaling,minor,reheating,,,,998,process_variation
DEF-00486,2025-03-05 15:22:11,C759195,chemistry_deviation,minor,steelmaking,,,,855,process_variation
DEF-00384,2025-03-06 09:21:22,C964776,temperature_streak,major,reheating,,,,1247,process_variation
DEF-00763,2025-03-07 04:19:57,C337675,thickness_deviation,major,cold_rolling,,,,567,process_variation
DEF-00391,2025-03-07 04:54:13,C404109,temperature_streak,major,reheating,,,,1099,process_variation
DEF-00719,2025-03-07 06:20:15,C472516,coil_break,minor,cold_rolling,,,,845,process_variation
DEF-00214,2025-03-07 08:14:38,C752789,thickness_deviation,major,hot_rolling,HSM.F1.MTR01,HSM.F1.MTR01::E00,INC-0067,1168,broken_rotor_bar
DEF-00215,2025-03-07 09:16:26,C153478,surface_scratch,major,hot_rolling,HSM.F1.MTR01,HSM.F1.MTR01::E00,INC-0067,1369,broken_rotor_bar
DEF-00423,2025-03-07 16:44:59,C278787,decarburization,reject,reheating,,,,1190,process_variation
DEF-00632,2025-03-07 23:29:17,C124041,thickness_deviation,major,hot_rolling,,,,866,process_variation
DEF-00217,2025-03-08 09:18:49,C146213,edge_crack,major,hot_rolling,HSM.F1.MTR01,HSM.F1.MTR01::E00,INC-0067,2154,broken_rotor_bar
DEF-00818,2025-03-08 11:47:15,C470294,decarburization,minor,reheating,,,,665,process_variation
DEF-00009,2025-03-09 04:13:57,C850274,surface_crack,minor,casting,CCM.MOLD.01,CCM.MOLD.01::E01,INC-0018,3044,breakout_sticking
DEF-00732,2025-03-09 06:04:30,C820815,chemistry_deviation,major,steelmaking,,,,166,process_variation
DEF-00710,2025-03-09 21:33:16,C255512,decarburization,minor,reheating,,,,190,process_variation
DEF-00010,2025-03-10 09:30:00,C699740,oscillation_mark,reject,casting,CCM.MOLD.01,CCM.MOLD.01::E01,INC-0018,1792,breakout_sticking
DEF-00252,2025-03-10 20:11:57,C746942,roll_mark,minor,hot_rolling,HSM.F3.WR.BRG01,HSM.F3.WR.BRG01::E00,INC-0075,2832,outer_race_fatigue_spall_BPFO
DEF-00008,2025-03-11 05:19:52,C918541,surface_crack,minor,casting,CCM.MOLD.01,CCM.MOLD.01::E01,INC-0018,1409,breakout_sticking
DEF-00310,2025-03-11 13:39:24,C930103,chemistry_deviation,minor,steelmaking,MS.LDC.CRN01,MS.LDC.CRN01::E01,INC-0091,3890,wire_rope_fatigue_broken_wire
DEF-00669,2025-03-11 14:48:18,C886715,thickness_deviation,minor,cold_rolling,,,,516,process_variation
DEF-00007,2025-03-11 18:34:48,C847946,bleeder,major,casting,CCM.MOLD.01,CCM.MOLD.01::E01,INC-0018,3347,breakout_sticking
DEF-00808,2025-03-13 14:58:56,C826518,bleeder,minor,casting,,,,358,process_variation
DEF-00251,2025-03-14 12:33:16,C788634,surface_scratch,major,hot_rolling,HSM.F3.WR.BRG01,HSM.F3.WR.BRG01::E00,INC-0075,4395,outer_race_fatigue_spall_BPFO
DEF-00676,2025-03-14 21:06:15,C539637,breakout_near_miss,minor,casting,,,,790,process_variation
DEF-00462,2025-03-16 18:14:38,C827626,temperature_streak,minor,reheating,,,,229,process_variation
DEF-00467,2025-03-17 00:45:07,C452708,thickness_deviation,minor,hot_rolling,,,,765,process_variation
DEF-00213,2025-03-17 01:03:26,C475830,surface_scratch,minor,hot_rolling,HSM.F1.MTR01,HSM.F1.MTR01::E00,INC-0067,3798,broken_rotor_bar
DEF-00308,2025-03-17 13:25:23,C752057,inclusion,reject,steelmaking,MS.LDC.CRN01,MS.LDC.CRN01::E01,INC-0091,833,wire_rope_fatigue_broken_wire
DEF-00792,2025-03-17 13:31:44,C396935,inclusion,minor,steelmaking,,,,1052,process_variation
DEF-00184,2025-03-18 11:36:06,C760964,scale_pitting,minor,hot_rolling,HSM.F1.GBX01,HSM.F1.GBX01::E02,INC-0060,4540,gear_tooth_fatigue_crack
DEF-00187,2025-03-18 13:57:47,C330677,surface_scratch,reject,hot_rolling,HSM.F1.GBX01,HSM.F1.GBX01::E02,INC-0060,3301,gear_tooth_fatigue_crack
DEF-00183,2025-03-18 16:44:28,C454504,roll_mark,minor,hot_rolling,HSM.F1.GBX01,HSM.F1.GBX01::E02,INC-0060,2273,gear_tooth_fatigue_crack
DEF-00186,2025-03-18 18:56:44,C731843,surface_scratch,reject,hot_rolling,HSM.F1.GBX01,HSM.F1.GBX01::E02,INC-0060,2459,gear_tooth_fatigue_crack
DEF-00185,2025-03-19 00:22:18,C917771,surface_scratch,major,hot_rolling,HSM.F1.GBX01,HSM.F1.GBX01::E02,INC-0060,2774,gear_tooth_fatigue_crack
DEF-00182,2025-03-19 00:30:54,C787088,camber,minor,hot_rolling,HSM.F1.GBX01,HSM.F1.GBX01::E02,INC-0060,412,gear_tooth_fatigue_crack
DEF-00424,2025-03-20 00:04:20,C466174,surface_crack,reject,casting,,,,780,process_variation
DEF-00568,2025-03-20 07:35:57,C535816,decarburization,minor,reheating,,,,1179,process_variation
DEF-00495,2025-03-20 14:24:17,C543673,decarburization,minor,reheating,,,,1229,process_variation
DEF-00547,2025-03-21 11:42:45,C950942,inclusion,minor,steelmaking,,,,787,process_variation
DEF-00216,2025-03-21 19:20:58,C404473,roll_mark,major,hot_rolling,HSM.F1.MTR01,HSM.F1.MTR01::E00,INC-0067,1012,broken_rotor_bar
DEF-00776,2025-03-21 21:43:35,C214228,thickness_deviation,minor,cold_rolling,,,,625,process_variation
DEF-00383,2025-03-22 21:42:37,C164864,thickness_deviation,reject,cold_rolling,,,,667,process_variation
DEF-00382,2025-03-23 11:13:45,C100627,inclusion,minor,steelmaking,,,,1316,process_variation
DEF-00345,2025-03-23 12:57:19,C441319,over_scaling,reject,reheating,RHF.ZONE.SOAK,RHF.ZONE.SOAK::E01,INC-0099,4344,burner_failure_fuelside
DEF-00536,2025-03-23 20:15:19,C199704,thickness_deviation,minor,hot_rolling,,,,1127,process_variation
DEF-00342,2025-03-24 22:42:46,C710863,decarburization,minor,reheating,RHF.ZONE.SOAK,RHF.ZONE.SOAK::E01,INC-0099,1473,burner_failure_fuelside
DEF-00757,2025-03-25 07:38:50,C267956,inclusion,minor,steelmaking,,,,338,process_variation
DEF-00708,2025-03-26 01:49:56,C698981,breakout_near_miss,major,casting,,,,368,process_variation
DEF-00779,2025-03-26 12:22:11,C236807,inclusion,minor,steelmaking,,,,1030,process_variation
DEF-00344,2025-03-26 23:29:53,C552864,decarburization,major,reheating,RHF.ZONE.SOAK,RHF.ZONE.SOAK::E01,INC-0099,2738,burner_failure_fuelside
DEF-00563,2025-03-27 04:01:21,C984949,decarburization,major,reheating,,,,707,process_variation
DEF-00014,2025-03-27 15:27:47,C792813,oscillation_mark,reject,casting,CCM.MOLD.01,CCM.MOLD.01::E02,INC-0019,893,breakout_sticking
DEF-00765,2025-03-27 16:44:46,C593251,inclusion,major,steelmaking,,,,950,process_variation
DEF-00750,2025-03-27 17:49:55,C721217,chemistry_deviation,minor,steelmaking,,,,905,process_variation
DEF-00016,2025-03-27 19:22:19,C689828,longitudinal_crack,major,casting,CCM.MOLD.01,CCM.MOLD.01::E02,INC-0019,2065,breakout_sticking
DEF-00741,2025-03-28 11:19:17,C969253,camber,minor,hot_rolling,,,,1427,process_variation
DEF-00012,2025-03-28 16:42:34,C615398,breakout_near_miss,major,casting,CCM.MOLD.01,CCM.MOLD.01::E02,INC-0019,3647,breakout_sticking
DEF-00212,2025-03-29 08:07:43,C788519,roll_mark,reject,hot_rolling,HSM.F1.MTR01,HSM.F1.MTR01::E00,INC-0067,2110,broken_rotor_bar
DEF-00456,2025-03-29 12:43:15,C712318,chemistry_deviation,minor,steelmaking,,,,721,process_variation
DEF-00013,2025-03-30 09:45:47,C919994,bleeder,major,casting,CCM.MOLD.01,CCM.MOLD.01::E02,INC-0019,2169,breakout_sticking
DEF-00011,2025-03-30 11:22:42,C312655,longitudinal_crack,major,casting,CCM.MOLD.01,CCM.MOLD.01::E02,INC-0019,3161,breakout_sticking
DEF-00621,2025-03-30 19:46:16,C898917,inclusion,major,steelmaking,,,,152,process_variation
DEF-00015,2025-03-30 21:13:13,C536477,longitudinal_crack,major,casting,CCM.MOLD.01,CCM.MOLD.01::E02,INC-0019,1246,breakout_sticking
DEF-00343,2025-03-31 04:13:01,C253785,temperature_streak,major,reheating,RHF.ZONE.SOAK,RHF.ZONE.SOAK::E01,INC-0099,4033,burner_failure_fuelside
DEF-00111,2025-03-31 07:18:39,C177430,inclusion,minor,steelmaking,EAF.AUX.HYD01,EAF.AUX.HYD01::E02,INC-0044,4388,filter_clog
DEF-00309,2025-03-31 12:58:33,C358654,inclusion,major,steelmaking,MS.LDC.CRN01,MS.LDC.CRN01::E01,INC-0091,401,wire_rope_fatigue_broken_wire
DEF-00752,2025-03-31 15:25:04,C150469,inclusion,minor,steelmaking,,,,1035,process_variation
DEF-00479,2025-04-01 07:27:44,C357965,camber,minor,hot_rolling,,,,175,process_variation
DEF-00444,2025-04-01 08:41:32,C538813,temperature_streak,major,reheating,,,,201,process_variation
DEF-00582,2025-04-01 11:17:30,C366761,breakout_near_miss,minor,casting,,,,1373,process_variation
DEF-00579,2025-04-02 09:46:06,C150391,surface_scratch,major,cold_rolling,,,,169,process_variation
DEF-00280,2025-04-03 07:42:09,C597815,camber,major,hot_rolling,HSM.STD.R1,HSM.STD.R1::E01,INC-0084,3982,work_roll_spall_flat
DEF-00112,2025-04-03 10:28:38,C533949,chemistry_deviation,minor,steelmaking,EAF.AUX.HYD01,EAF.AUX.HYD01::E02,INC-0044,205,filter_clog
DEF-00283,2025-04-03 13:17:28,C128960,camber,major,hot_rolling,HSM.STD.R1,HSM.STD.R1::E01,INC-0084,3312,work_roll_spall_flat
DEF-00255,2025-04-03 20:56:05,C333411,surface_scratch,minor,hot_rolling,HSM.F3.WR.BRG01,HSM.F3.WR.BRG01::E01,INC-0076,3175,outer_race_fatigue_spall_BPFO
DEF-00706,2025-04-04 03:47:48,C448673,bleeder,reject,casting,,,,1039,process_variation
DEF-00282,2025-04-04 07:00:34,C384380,roll_mark,major,hot_rolling,HSM.STD.R1,HSM.STD.R1::E01,INC-0084,3559,work_roll_spall_flat
DEF-00480,2025-04-04 10:32:44,C259942,bleeder,minor,casting,,,,973,process_variation
DEF-00278,2025-04-04 18:10:25,C433839,camber,minor,hot_rolling,HSM.STD.R1,HSM.STD.R1::E01,INC-0084,2523,work_roll_spall_flat
DEF-00281,2025-04-04 19:33:53,C120565,surface_scratch,minor,hot_rolling,HSM.STD.R1,HSM.STD.R1::E01,INC-0084,2313,work_roll_spall_flat
DEF-00377,2025-04-05 11:53:24,C542427,surface_crack,major,casting,,,,282,process_variation
DEF-00682,2025-04-06 04:25:35,C407941,over_scaling,minor,reheating,,,,626,process_variation
DEF-00279,2025-04-06 07:33:46,C761599,surface_scratch,reject,hot_rolling,HSM.STD.R1,HSM.STD.R1::E01,INC-0084,4050,work_roll_spall_flat
DEF-00550,2025-04-06 13:05:07,C813055,camber,minor,hot_rolling,,,,54,process_variation
DEF-00501,2025-04-07 09:00:35,C642618,coil_break,major,cold_rolling,,,,393,process_variation
DEF-00254,2025-04-07 23:57:10,C382814,surface_scratch,major,hot_rolling,HSM.F3.WR.BRG01,HSM.F3.WR.BRG01::E01,INC-0076,2670,outer_race_fatigue_spall_BPFO
DEF-00373,2025-04-08 00:41:50,C837346,camber,minor,hot_rolling,,,,1054,process_variation
DEF-00783,2025-04-08 07:51:25,C266557,oscillation_mark,minor,casting,,,,1048,process_variation
DEF-00485,2025-04-08 22:02:57,C185510,chatter_mark,minor,cold_rolling,,,,849,process_variation
DEF-00806,2025-04-09 01:48:31,C699627,thickness_deviation,minor,hot_rolling,,,,115,process_variation
DEF-00070,2025-04-09 10:47:46,C891115,coil_break,reject,cold_rolling,CRM.AGC.SV01,CRM.AGC.SV01::E01,INC-0034,2111,servo_valve_silting_spool_wear
DEF-00113,2025-04-11 07:31:35,C920624,inclusion,minor,steelmaking,EAF.AUX.HYD01,EAF.AUX.HYD01::E02,INC-0044,4738,filter_clog
DEF-00796,2025-04-11 13:55:44,C402015,longitudinal_crack,minor,casting,,,,1060,process_variation
DEF-00715,2025-04-13 09:00:23,C627593,decarburization,minor,reheating,,,,1215,process_variation
DEF-00642,2025-04-13 12:53:24,C846638,chemistry_deviation,minor,steelmaking,,,,794,process_variation
DEF-00072,2025-04-13 15:41:41,C478781,chatter_mark,major,cold_rolling,CRM.AGC.SV01,CRM.AGC.SV01::E01,INC-0034,4316,servo_valve_silting_spool_wear
DEF-00592,2025-04-13 20:49:22,C407052,edge_crack,reject,hot_rolling,,,,498,process_variation
DEF-00312,2025-04-13 22:39:19,C158745,chemistry_deviation,minor,steelmaking,MS.LDC.CRN01,MS.LDC.CRN01::E02,INC-0092,1150,wire_rope_fatigue_broken_wire
DEF-00768,2025-04-14 02:12:34,C656628,coil_break,major,cold_rolling,,,,1363,process_variation
DEF-00313,2025-04-14 08:08:25,C934255,chemistry_deviation,reject,steelmaking,MS.LDC.CRN01,MS.LDC.CRN01::E02,INC-0092,3766,wire_rope_fatigue_broken_wire
DEF-00733,2025-04-15 15:21:50,C172880,temperature_streak,major,reheating,,,,162,process_variation
DEF-00311,2025-04-16 19:52:55,C159875,chemistry_deviation,major,steelmaking,MS.LDC.CRN01,MS.LDC.CRN01::E02,INC-0092,4678,wire_rope_fatigue_broken_wire
DEF-00544,2025-04-17 03:32:34,C119471,temperature_streak,major,reheating,,,,865,process_variation
DEF-00043,2025-04-17 15:34:44,C730182,bleeder,minor,casting,CCM.SEG.07,CCM.SEG.07::E01,INC-0027,1876,roll_seizure
DEF-00712,2025-04-18 00:38:21,C885816,over_scaling,major,reheating,,,,238,process_variation
DEF-00348,2025-04-18 01:52:54,C802306,over_scaling,minor,reheating,RHF.ZONE.SOAK,RHF.ZONE.SOAK::E02,INC-0100,2645,burner_failure_fuelside
DEF-00347,2025-04-18 06:38:00,C794236,decarburization,reject,reheating,RHF.ZONE.SOAK,RHF.ZONE.SOAK::E02,INC-0100,3077,burner_failure_fuelside
DEF-00350,2025-04-19 13:19:11,C621607,temperature_streak,minor,reheating,RHF.ZONE.SOAK,RHF.ZONE.SOAK::E02,INC-0100,1171,burner_failure_fuelside
DEF-00455,2025-04-19 14:48:33,C204998,thickness_deviation,minor,hot_rolling,,,,1139,process_variation
DEF-00349,2025-04-19 22:20:48,C694702,decarburization,minor,reheating,RHF.ZONE.SOAK,RHF.ZONE.SOAK::E02,INC-0100,3827,burner_failure_fuelside
DEF-00399,2025-04-20 11:34:04,C217227,longitudinal_crack,minor,casting,,,,1371,process_variation
DEF-00073,2025-04-20 13:48:03,C114513,surface_scratch,major,cold_rolling,CRM.AGC.SV01,CRM.AGC.SV01::E01,INC-0034,1228,servo_valve_silting_spool_wear
DEF-00746,2025-04-20 14:55:33,C935298,breakout_near_miss,minor,casting,,,,1125,process_variation
DEF-00075,2025-04-20 18:43:53,C245948,surface_scratch,minor,cold_rolling,CRM.AGC.SV01,CRM.AGC.SV01::E01,INC-0034,2759,servo_valve_silting_spool_wear
DEF-00470,2025-04-21 01:46:54,C411844,temperature_streak,minor,reheating,,,,118,process_variation
DEF-00191,2025-04-21 02:02:33,C731674,surface_scratch,minor,hot_rolling,HSM.F1.GBX01,HSM.F1.GBX01::E03,INC-0061,1081,gear_tooth_fatigue_crack
DEF-00346,2025-04-21 04:15:09,C672589,temperature_streak,reject,reheating,RHF.ZONE.SOAK,RHF.ZONE.SOAK::E02,INC-0100,2197,burner_failure_fuelside
DEF-00426,2025-04-21 11:26:36,C368940,edge_crack,minor,hot_rolling,,,,185,process_variation
DEF-00147,2025-04-21 14:17:47,C857827,scale_pitting,reject,hot_rolling,HSM.DSC.PMP01,HSM.DSC.PMP01::E01,INC-0052,4317,mechanical_seal_failure
DEF-00190,2025-04-21 23:34:27,C992134,thickness_deviation,major,hot_rolling,HSM.F1.GBX01,HSM.F1.GBX01::E03,INC-0061,3880,gear_tooth_fatigue_crack
DEF-00534,2025-04-22 00:31:31,C277549,temperature_streak,minor,reheating,,,,841,process_variation
DEF-00566,2025-04-22 04:46:42,C486498,chatter_mark,major,cold_rolling,,,,740,process_variation
DEF-00803,2025-04-22 13:12:32,C951666,coil_break,minor,cold_rolling,,,,349,process_variation
DEF-00188,2025-04-22 15:53:23,C307439,surface_scratch,major,hot_rolling,HSM.F1.GBX01,HSM.F1.GBX01::E03,INC-0061,697,gear_tooth_fatigue_crack
DEF-00189,2025-04-22 16:13:11,C948545,scale_pitting,minor,hot_rolling,HSM.F1.GBX01,HSM.F1.GBX01::E03,INC-0061,3803,gear_tooth_fatigue_crack
DEF-00192,2025-04-22 20:52:40,C646692,surface_scratch,minor,hot_rolling,HSM.F1.GBX01,HSM.F1.GBX01::E03,INC-0061,420,gear_tooth_fatigue_crack
DEF-00193,2025-04-22 23:43:24,C986360,edge_crack,major,hot_rolling,HSM.F1.GBX01,HSM.F1.GBX01::E03,INC-0061,1584,gear_tooth_fatigue_crack
DEF-00413,2025-04-23 00:06:04,C673668,coil_break,reject,cold_rolling,,,,1306,process_variation
DEF-00144,2025-04-23 02:56:11,C157964,camber,major,hot_rolling,HSM.DSC.PMP01,HSM.DSC.PMP01::E01,INC-0052,1953,mechanical_seal_failure
DEF-00145,2025-04-23 05:37:16,C475460,thickness_deviation,minor,hot_rolling,HSM.DSC.PMP01,HSM.DSC.PMP01::E01,INC-0052,2758,mechanical_seal_failure
DEF-00146,2025-04-23 09:03:59,C666188,scale_pitting,major,hot_rolling,HSM.DSC.PMP01,HSM.DSC.PMP01::E01,INC-0052,3224,mechanical_seal_failure
DEF-00454,2025-04-23 20:06:29,C688193,coil_break,minor,cold_rolling,,,,564,process_variation
DEF-00257,2025-04-23 22:38:37,C844396,camber,minor,hot_rolling,HSM.F3.WR.BRG01,HSM.F3.WR.BRG01::E02,INC-0077,3699,outer_race_fatigue_spall_BPFO
DEF-00256,2025-04-24 00:11:20,C881432,thickness_deviation,minor,hot_rolling,HSM.F3.WR.BRG01,HSM.F3.WR.BRG01::E02,INC-0077,1842,outer_race_fatigue_spall_BPFO
DEF-00464,2025-04-24 10:18:04,C937178,roll_mark,minor,hot_rolling,,,,1274,process_variation
DEF-00042,2025-04-24 17:20:07,C424694,breakout_near_miss,minor,casting,CCM.SEG.07,CCM.SEG.07::E01,INC-0027,788,roll_seizure
DEF-00609,2025-04-25 03:53:37,C276812,decarburization,reject,reheating,,,,1130,process_variation
DEF-00552,2025-04-25 13:57:59,C839476,scale_pitting,minor,hot_rolling,,,,978,process_variation
DEF-00435,2025-04-26 12:55:42,C346993,thickness_deviation,minor,hot_rolling,,,,200,process_variation
DEF-00219,2025-04-27 03:26:01,C945829,edge_crack,major,hot_rolling,HSM.F1.MTR01,HSM.F1.MTR01::E01,INC-0068,385,broken_rotor_bar
DEF-00403,2025-04-28 01:44:57,C979993,over_scaling,major,reheating,,,,199,process_variation
DEF-00221,2025-04-28 10:38:18,C621528,thickness_deviation,minor,hot_rolling,HSM.F1.MTR01,HSM.F1.MTR01::E01,INC-0068,1447,broken_rotor_bar
DEF-00434,2025-04-28 14:19:37,C795468,thickness_deviation,minor,cold_rolling,,,,1202,process_variation
DEF-00396,2025-04-28 17:58:07,C664853,temperature_streak,major,reheating,,,,382,process_variation
DEF-00498,2025-04-28 18:21:49,C592788,roll_mark,minor,hot_rolling,,,,143,process_variation
DEF-00220,2025-04-29 08:26:39,C366096,roll_mark,major,hot_rolling,HSM.F1.MTR01,HSM.F1.MTR01::E01,INC-0068,971,broken_rotor_bar
DEF-00041,2025-04-29 11:02:31,C950588,bleeder,major,casting,CCM.SEG.07,CCM.SEG.07::E01,INC-0027,4770,roll_seizure
DEF-00218,2025-04-29 11:37:01,C512495,scale_pitting,minor,hot_rolling,HSM.F1.MTR01,HSM.F1.MTR01::E01,INC-0068,2808,broken_rotor_bar
DEF-00522,2025-04-29 19:02:25,C221728,oscillation_mark,minor,casting,,,,1365,process_variation
DEF-00222,2025-04-30 04:49:16,C385420,roll_mark,major,hot_rolling,HSM.F1.MTR01,HSM.F1.MTR01::E01,INC-0068,4522,broken_rotor_bar
DEF-00152,2025-04-30 21:11:12,C451740,edge_crack,reject,hot_rolling,HSM.DSC.PMP01,HSM.DSC.PMP01::E02,INC-0053,4757,mechanical_seal_failure
DEF-00668,2025-05-01 01:46:42,C491117,decarburization,minor,reheating,,,,636,process_variation
DEF-00148,2025-05-01 09:15:37,C904837,camber,major,hot_rolling,HSM.DSC.PMP01,HSM.DSC.PMP01::E02,INC-0053,3901,mechanical_seal_failure
DEF-00150,2025-05-01 14:31:38,C608424,roll_mark,major,hot_rolling,HSM.DSC.PMP01,HSM.DSC.PMP01::E02,INC-0053,787,mechanical_seal_failure
DEF-00564,2025-05-02 09:51:15,C476653,edge_crack,major,hot_rolling,,,,506,process_variation
DEF-00639,2025-05-02 23:44:41,C599727,decarburization,minor,reheating,,,,677,process_variation
DEF-00457,2025-05-03 04:11:38,C797670,thickness_deviation,major,hot_rolling,,,,1344,process_variation
DEF-00380,2025-05-03 05:06:08,C432619,chatter_mark,minor,cold_rolling,,,,1052,process_variation
DEF-00151,2025-05-03 12:59:45,C654018,edge_crack,minor,hot_rolling,HSM.DSC.PMP01,HSM.DSC.PMP01::E02,INC-0053,596,mechanical_seal_failure
DEF-00149,2025-05-03 13:49:57,C568531,scale_pitting,minor,hot_rolling,HSM.DSC.PMP01,HSM.DSC.PMP01::E02,INC-0053,4819,mechanical_seal_failure
DEF-00451,2025-05-05 02:43:11,C895860,roll_mark,minor,hot_rolling,,,,1442,process_variation
DEF-00316,2025-05-05 15:45:12,C611199,chemistry_deviation,reject,steelmaking,MS.LDC.CRN01,MS.LDC.CRN01::E03,INC-0093,2035,wire_rope_fatigue_broken_wire
DEF-00074,2025-05-05 15:58:48,C762397,coil_break,reject,cold_rolling,CRM.AGC.SV01,CRM.AGC.SV01::E01,INC-0034,4415,servo_valve_silting_spool_wear
DEF-00314,2025-05-06 01:39:41,C707843,inclusion,minor,steelmaking,MS.LDC.CRN01,MS.LDC.CRN01::E03,INC-0093,3749,wire_rope_fatigue_broken_wire
DEF-00401,2025-05-06 03:06:46,C474167,coil_break,minor,cold_rolling,,,,789,process_variation
DEF-00618,2025-05-07 02:20:51,C314512,coil_break,minor,cold_rolling,,,,649,process_variation
DEF-00315,2025-05-07 04:31:25,C188605,inclusion,reject,steelmaking,MS.LDC.CRN01,MS.LDC.CRN01::E03,INC-0093,774,wire_rope_fatigue_broken_wire
DEF-00317,2025-05-07 22:41:31,C707746,chemistry_deviation,minor,steelmaking,MS.LDC.CRN01,MS.LDC.CRN01::E03,INC-0093,280,wire_rope_fatigue_broken_wire
DEF-00616,2025-05-08 14:12:58,C857966,temperature_streak,major,reheating,,,,66,process_variation
DEF-00261,2025-05-09 08:35:08,C916812,surface_scratch,major,hot_rolling,HSM.F3.WR.BRG01,HSM.F3.WR.BRG01::E03,INC-0078,1325,outer_race_fatigue_spall_BPFO
DEF-00071,2025-05-09 11:47:02,C649578,coil_break,major,cold_rolling,CRM.AGC.SV01,CRM.AGC.SV01::E01,INC-0034,3038,servo_valve_silting_spool_wear
DEF-00260,2025-05-09 18:38:41,C377691,surface_scratch,reject,hot_rolling,HSM.F3.WR.BRG01,HSM.F3.WR.BRG01::E03,INC-0078,463,outer_race_fatigue_spall_BPFO
DEF-00559,2025-05-09 22:10:41,C465954,over_scaling,minor,reheating,,,,453,process_variation
DEF-00518,2025-05-10 18:33:48,C743800,edge_crack,minor,hot_rolling,,,,1478,process_variation
DEF-00449,2025-05-10 23:00:05,C958197,longitudinal_crack,reject,casting,,,,947,process_variation
DEF-00548,2025-05-12 09:26:53,C638867,inclusion,minor,steelmaking,,,,779,process_variation
DEF-00549,2025-05-12 13:40:53,C536368,thickness_deviation,major,hot_rolling,,,,1136,process_variation
DEF-00655,2025-05-12 17:12:42,C605669,scale_pitting,minor,hot_rolling,,,,379,process_variation
DEF-00258,2025-05-13 14:20:29,C896014,camber,major,hot_rolling,HSM.F3.WR.BRG01,HSM.F3.WR.BRG01::E03,INC-0078,968,outer_race_fatigue_spall_BPFO
DEF-00468,2025-05-14 08:02:59,C970953,over_scaling,minor,reheating,,,,713,process_variation
DEF-00259,2025-05-14 14:34:40,C602339,roll_mark,minor,hot_rolling,HSM.F3.WR.BRG01,HSM.F3.WR.BRG01::E03,INC-0078,4830,outer_race_fatigue_spall_BPFO
DEF-00511,2025-05-16 00:58:19,C447739,decarburization,minor,reheating,,,,1356,process_variation
DEF-00773,2025-05-17 08:12:37,C244734,chemistry_deviation,reject,steelmaking,,,,1162,process_variation
DEF-00603,2025-05-17 22:43:51,C192175,thickness_deviation,major,cold_rolling,,,,636,process_variation
DEF-00781,2025-05-19 07:38:10,C514098,surface_scratch,major,cold_rolling,,,,496,process_variation
DEF-00673,2025-05-19 09:24:32,C165835,scale_pitting,minor,hot_rolling,,,,1313,process_variation
DEF-00640,2025-05-21 03:48:26,C819208,surface_crack,minor,casting,,,,833,process_variation
DEF-00419,2025-05-22 16:30:53,C801178,roll_mark,minor,hot_rolling,,,,1055,process_variation
DEF-00450,2025-05-23 03:46:26,C563638,roll_mark,minor,hot_rolling,,,,369,process_variation
DEF-00528,2025-05-23 13:24:00,C479131,surface_crack,minor,casting,,,,794,process_variation
DEF-00352,2025-05-24 23:37:43,C683392,temperature_streak,minor,reheating,RHF.ZONE.SOAK,RHF.ZONE.SOAK::E03,INC-0101,4251,burner_failure_fuelside
DEF-00447,2025-05-25 11:25:03,C909804,chemistry_deviation,major,steelmaking,,,,1266,process_variation
DEF-00597,2025-05-25 13:18:13,C521450,chemistry_deviation,minor,steelmaking,,,,1031,process_variation
DEF-00819,2025-05-26 04:55:30,C669437,longitudinal_crack,reject,casting,,,,346,process_variation
DEF-00681,2025-05-27 02:22:27,C909752,chatter_mark,minor,cold_rolling,,,,933,process_variation
DEF-00777,2025-05-27 08:04:27,C361703,temperature_streak,minor,reheating,,,,497,process_variation
DEF-00631,2025-05-27 21:56:27,C138694,decarburization,minor,reheating,,,,1001,process_variation
DEF-00778,2025-05-28 18:51:37,C247155,scale_pitting,minor,hot_rolling,,,,1451,process_variation
DEF-00114,2025-05-29 20:41:59,C916785,chemistry_deviation,minor,steelmaking,EAF.AUX.HYD01,EAF.AUX.HYD01::E03,INC-0045,3381,filter_clog
DEF-00790,2025-05-30 08:00:31,C128849,chemistry_deviation,minor,steelmaking,,,,250,process_variation
DEF-00539,2025-05-30 18:45:05,C987741,bleeder,minor,casting,,,,897,process_variation
DEF-00476,2025-05-31 04:15:02,C362637,bleeder,minor,casting,,,,212,process_variation
DEF-00760,2025-05-31 12:47:03,C954378,over_scaling,minor,reheating,,,,321,process_variation
DEF-00225,2025-05-31 13:53:02,C460050,surface_scratch,minor,hot_rolling,HSM.F1.MTR01,HSM.F1.MTR01::E02,INC-0069,3903,broken_rotor_bar
DEF-00226,2025-05-31 14:02:49,C709994,roll_mark,minor,hot_rolling,HSM.F1.MTR01,HSM.F1.MTR01::E02,INC-0069,2869,broken_rotor_bar
DEF-00223,2025-05-31 14:58:15,C638716,thickness_deviation,minor,hot_rolling,HSM.F1.MTR01,HSM.F1.MTR01::E02,INC-0069,2231,broken_rotor_bar
DEF-00354,2025-06-01 00:38:44,C621474,over_scaling,reject,reheating,RHF.ZONE.SOAK,RHF.ZONE.SOAK::E03,INC-0101,1085,burner_failure_fuelside
DEF-00576,2025-06-01 06:13:39,C714867,decarburization,minor,reheating,,,,270,process_variation
DEF-00116,2025-06-01 07:07:37,C170163,chemistry_deviation,reject,steelmaking,EAF.AUX.HYD01,EAF.AUX.HYD01::E03,INC-0045,4557,filter_clog
DEF-00689,2025-06-01 12:46:25,C338468,surface_scratch,minor,cold_rolling,,,,1467,process_variation
DEF-00224,2025-06-01 16:11:00,C970012,edge_crack,major,hot_rolling,HSM.F1.MTR01,HSM.F1.MTR01::E02,INC-0069,1099,broken_rotor_bar
DEF-00017,2025-06-02 15:59:56,C432681,longitudinal_crack,major,casting,CCM.MOLD.01,CCM.MOLD.01::E03,INC-0020,1426,breakout_sticking
DEF-00703,2025-06-03 01:21:22,C616383,decarburization,reject,reheating,,,,748,process_variation
DEF-00551,2025-06-03 06:04:29,C489127,thickness_deviation,minor,hot_rolling,,,,859,process_variation
DEF-00700,2025-06-03 07:54:12,C527163,inclusion,minor,steelmaking,,,,1374,process_variation
DEF-00532,2025-06-03 09:15:29,C803864,camber,minor,hot_rolling,,,,1152,process_variation
DEF-00115,2025-06-03 15:02:22,C505441,chemistry_deviation,minor,steelmaking,EAF.AUX.HYD01,EAF.AUX.HYD01::E03,INC-0045,322,filter_clog
DEF-00227,2025-06-03 15:11:49,C727689,edge_crack,minor,hot_rolling,HSM.F1.MTR01,HSM.F1.MTR01::E02,INC-0069,4118,broken_rotor_bar
DEF-00284,2025-06-03 18:12:11,C114860,surface_scratch,minor,hot_rolling,HSM.STD.R1,HSM.STD.R1::E02,INC-0085,3128,work_roll_spall_flat
DEF-00421,2025-06-03 20:50:24,C232603,edge_crack,minor,hot_rolling,,,,729,process_variation
DEF-00756,2025-06-04 15:16:34,C373983,scale_pitting,reject,hot_rolling,,,,403,process_variation
DEF-00527,2025-06-05 15:18:39,C953350,surface_scratch,minor,hot_rolling,,,,1460,process_variation
DEF-00285,2025-06-05 21:28:27,C787936,camber,major,hot_rolling,HSM.STD.R1,HSM.STD.R1::E02,INC-0085,2289,work_roll_spall_flat
DEF-00540,2025-06-06 01:01:34,C289079,over_scaling,minor,reheating,,,,207,process_variation
DEF-00431,2025-06-06 06:55:16,C314791,over_scaling,minor,reheating,,,,1237,process_variation
DEF-00353,2025-06-07 00:07:37,C529423,decarburization,major,reheating,RHF.ZONE.SOAK,RHF.ZONE.SOAK::E03,INC-0101,986,burner_failure_fuelside
DEF-00322,2025-06-07 04:21:02,C140231,chemistry_deviation,major,steelmaking,MS.LDC.CRN01,MS.LDC.CRN01::E04,INC-0094,2408,wire_rope_fatigue_broken_wire
DEF-00809,2025-06-07 17:31:02,C696342,longitudinal_crack,minor,casting,,,,1156,process_variation
DEF-00409,2025-06-08 02:42:07,C203287,thickness_deviation,minor,cold_rolling,,,,626,process_variation
DEF-00195,2025-06-08 14:37:13,C209288,edge_crack,minor,hot_rolling,HSM.F1.GBX01,HSM.F1.GBX01::E04,INC-0062,672,gear_tooth_fatigue_crack
DEF-00638,2025-06-09 05:48:59,C584662,surface_scratch,minor,cold_rolling,,,,1211,process_variation
DEF-00394,2025-06-09 22:37:08,C588442,coil_break,minor,cold_rolling,,,,1251,process_variation
DEF-00813,2025-06-10 17:48:28,C879410,chemistry_deviation,minor,steelmaking,,,,1060,process_variation
DEF-00321,2025-06-11 07:32:01,C326921,inclusion,minor,steelmaking,MS.LDC.CRN01,MS.LDC.CRN01::E04,INC-0094,1955,wire_rope_fatigue_broken_wire
DEF-00572,2025-06-11 11:12:22,C513620,thickness_deviation,major,cold_rolling,,,,165,process_variation
DEF-00018,2025-06-11 19:02:02,C113199,bleeder,reject,casting,CCM.MOLD.01,CCM.MOLD.01::E03,INC-0020,4298,breakout_sticking
DEF-00749,2025-06-12 01:26:50,C400384,temperature_streak,minor,reheating,,,,454,process_variation
DEF-00571,2025-06-12 08:14:23,C130054,longitudinal_crack,minor,casting,,,,1336,process_variation
DEF-00414,2025-06-12 10:55:45,C623288,oscillation_mark,minor,casting,,,,381,process_variation
DEF-00351,2025-06-12 11:25:23,C471015,temperature_streak,major,reheating,RHF.ZONE.SOAK,RHF.ZONE.SOAK::E03,INC-0101,2978,burner_failure_fuelside
DEF-00318,2025-06-12 16:02:49,C579573,inclusion,minor,steelmaking,MS.LDC.CRN01,MS.LDC.CRN01::E04,INC-0094,4433,wire_rope_fatigue_broken_wire
DEF-00288,2025-06-12 21:50:42,C103431,scale_pitting,reject,hot_rolling,HSM.STD.R1,HSM.STD.R1::E03,INC-0086,974,work_roll_spall_flat
DEF-00286,2025-06-13 09:06:27,C751334,thickness_deviation,minor,hot_rolling,HSM.STD.R1,HSM.STD.R1::E03,INC-0086,4303,work_roll_spall_flat
DEF-00154,2025-06-13 09:21:45,C621060,roll_mark,minor,hot_rolling,HSM.DSC.PMP01,HSM.DSC.PMP01::E03,INC-0054,1268,mechanical_seal_failure
DEF-00290,2025-06-13 15:56:10,C739958,camber,reject,hot_rolling,HSM.STD.R1,HSM.STD.R1::E03,INC-0086,4508,work_roll_spall_flat
DEF-00291,2025-06-14 05:44:41,C525612,edge_crack,minor,hot_rolling,HSM.STD.R1,HSM.STD.R1::E03,INC-0086,4346,work_roll_spall_flat
DEF-00289,2025-06-14 08:43:38,C742658,thickness_deviation,minor,hot_rolling,HSM.STD.R1,HSM.STD.R1::E03,INC-0086,1257,work_roll_spall_flat
DEF-00153,2025-06-14 17:42:07,C676445,roll_mark,major,hot_rolling,HSM.DSC.PMP01,HSM.DSC.PMP01::E03,INC-0054,3319,mechanical_seal_failure
DEF-00287,2025-06-14 19:14:25,C153731,thickness_deviation,major,hot_rolling,HSM.STD.R1,HSM.STD.R1::E03,INC-0086,2242,work_roll_spall_flat
DEF-00406,2025-06-15 00:36:26,C974137,chemistry_deviation,major,steelmaking,,,,539,process_variation
DEF-00155,2025-06-15 01:34:09,C851027,edge_crack,minor,hot_rolling,HSM.DSC.PMP01,HSM.DSC.PMP01::E03,INC-0054,798,mechanical_seal_failure
DEF-00500,2025-06-15 05:05:40,C775601,decarburization,minor,reheating,,,,641,process_variation
DEF-00504,2025-06-15 06:59:24,C484093,chemistry_deviation,major,steelmaking,,,,786,process_variation
DEF-00320,2025-06-15 23:41:29,C705650,inclusion,major,steelmaking,MS.LDC.CRN01,MS.LDC.CRN01::E04,INC-0094,1361,wire_rope_fatigue_broken_wire
DEF-00395,2025-06-16 00:56:39,C981442,chatter_mark,major,cold_rolling,,,,1124,process_variation
DEF-00319,2025-06-16 08:05:31,C921570,inclusion,minor,steelmaking,MS.LDC.CRN01,MS.LDC.CRN01::E04,INC-0094,1009,wire_rope_fatigue_broken_wire
DEF-00595,2025-06-17 05:26:15,C441570,surface_scratch,reject,cold_rolling,,,,1059,process_variation
DEF-00019,2025-06-17 09:21:16,C478284,bleeder,minor,casting,CCM.MOLD.01,CCM.MOLD.01::E03,INC-0020,3453,breakout_sticking
DEF-00817,2025-06-17 18:55:51,C468749,chemistry_deviation,minor,steelmaking,,,,1264,process_variation
DEF-00761,2025-06-18 19:35:25,C578728,chemistry_deviation,minor,steelmaking,,,,817,process_variation
DEF-00608,2025-06-19 06:23:39,C152081,chemistry_deviation,minor,steelmaking,,,,1497,process_variation
DEF-00402,2025-06-19 07:08:16,C596186,inclusion,minor,steelmaking,,,,655,process_variation
DEF-00323,2025-06-19 08:17:16,C905927,chemistry_deviation,major,steelmaking,MS.LDC.CRN01,MS.LDC.CRN01::E04,INC-0094,309,wire_rope_fatigue_broken_wire
DEF-00717,2025-06-19 19:16:40,C253984,coil_break,minor,cold_rolling,,,,1279,process_variation
DEF-00502,2025-06-20 02:17:48,C918502,inclusion,minor,steelmaking,,,,1414,process_variation
DEF-00798,2025-06-20 22:01:47,C404228,thickness_deviation,minor,hot_rolling,,,,64,process_variation
DEF-00264,2025-06-21 01:55:18,C510489,scale_pitting,minor,hot_rolling,HSM.F3.WR.BRG01,HSM.F3.WR.BRG01::E04,INC-0079,1379,outer_race_fatigue_spall_BPFO
DEF-00371,2025-06-21 02:06:11,C192217,inclusion,minor,steelmaking,,,,978,process_variation
DEF-00393,2025-06-22 04:13:22,C424932,decarburization,minor,reheating,,,,184,process_variation
DEF-00262,2025-06-22 05:26:19,C325715,thickness_deviation,reject,hot_rolling,HSM.F3.WR.BRG01,HSM.F3.WR.BRG01::E04,INC-0079,3004,outer_race_fatigue_spall_BPFO
DEF-00644,2025-06-22 09:00:37,C154726,over_scaling,major,reheating,,,,1470,process_variation
DEF-00194,2025-06-22 18:21:15,C709474,camber,major,hot_rolling,HSM.F1.GBX01,HSM.F1.GBX01::E04,INC-0062,4561,gear_tooth_fatigue_crack
DEF-00079,2025-06-23 03:27:41,C375388,thickness_deviation,reject,cold_rolling,CRM.AGC.SV01,CRM.AGC.SV01::E02,INC-0035,1607,servo_valve_silting_spool_wear
DEF-00730,2025-06-24 10:56:02,C189583,thickness_deviation,minor,cold_rolling,,,,577,process_variation
DEF-00048,2025-06-24 15:07:45,C237890,oscillation_mark,minor,casting,CCM.SEG.07,CCM.SEG.07::E02,INC-0028,3414,roll_seizure
DEF-00196,2025-06-24 15:21:40,C838151,surface_scratch,major,hot_rolling,HSM.F1.GBX01,HSM.F1.GBX01::E04,INC-0062,311,gear_tooth_fatigue_crack
DEF-00661,2025-06-25 09:38:05,C630980,breakout_near_miss,minor,casting,,,,1320,process_variation
DEF-00266,2025-06-28 09:23:58,C455826,edge_crack,minor,hot_rolling,HSM.F3.WR.BRG01,HSM.F3.WR.BRG01::E04,INC-0079,2593,outer_race_fatigue_spall_BPFO
DEF-00044,2025-06-28 11:14:39,C281555,longitudinal_crack,minor,casting,CCM.SEG.07,CCM.SEG.07::E02,INC-0028,3996,roll_seizure
DEF-00047,2025-06-29 13:13:39,C216406,oscillation_mark,major,casting,CCM.SEG.07,CCM.SEG.07::E02,INC-0028,4253,roll_seizure
DEF-00492,2025-06-30 03:30:33,C596285,chatter_mark,major,cold_rolling,,,,571,process_variation
DEF-00263,2025-06-30 12:31:07,C140332,camber,reject,hot_rolling,HSM.F3.WR.BRG01,HSM.F3.WR.BRG01::E04,INC-0079,1114,outer_race_fatigue_spall_BPFO
DEF-00265,2025-06-30 17:29:46,C693179,surface_scratch,major,hot_rolling,HSM.F3.WR.BRG01,HSM.F3.WR.BRG01::E04,INC-0079,1973,outer_race_fatigue_spall_BPFO
DEF-00076,2025-07-01 06:37:50,C112091,coil_break,minor,cold_rolling,CRM.AGC.SV01,CRM.AGC.SV01::E02,INC-0035,4374,servo_valve_silting_spool_wear
DEF-00652,2025-07-02 15:33:36,C974763,breakout_near_miss,minor,casting,,,,799,process_variation
DEF-00561,2025-07-02 21:52:27,C185888,edge_crack,minor,hot_rolling,,,,1164,process_variation
DEF-00078,2025-07-03 12:43:03,C699771,coil_break,major,cold_rolling,CRM.AGC.SV01,CRM.AGC.SV01::E02,INC-0035,727,servo_valve_silting_spool_wear
DEF-00678,2025-07-03 12:54:09,C936387,longitudinal_crack,major,casting,,,,502,process_variation
DEF-00613,2025-07-04 04:11:00,C417905,inclusion,major,steelmaking,,,,500,process_variation
DEF-00370,2025-07-04 07:47:58,C641388,chatter_mark,minor,cold_rolling,,,,1182,process_variation
DEF-00581,2025-07-04 12:38:24,C136138,scale_pitting,minor,hot_rolling,,,,892,process_variation
DEF-00692,2025-07-04 16:26:00,C343713,over_scaling,minor,reheating,,,,1092,process_variation
DEF-00627,2025-07-04 19:13:57,C427187,surface_scratch,minor,hot_rolling,,,,933,process_variation
DEF-00415,2025-07-05 11:22:21,C862236,thickness_deviation,minor,cold_rolling,,,,605,process_variation
DEF-00687,2025-07-06 11:27:37,C398170,temperature_streak,minor,reheating,,,,522,process_variation
DEF-00077,2025-07-06 12:51:45,C406972,thickness_deviation,minor,cold_rolling,CRM.AGC.SV01,CRM.AGC.SV01::E02,INC-0035,2947,servo_valve_silting_spool_wear
DEF-00045,2025-07-08 17:33:40,C116708,bleeder,major,casting,CCM.SEG.07,CCM.SEG.07::E02,INC-0028,735,roll_seizure
DEF-00049,2025-07-09 10:10:59,C679100,breakout_near_miss,minor,casting,CCM.SEG.07,CCM.SEG.07::E02,INC-0028,2604,roll_seizure
DEF-00430,2025-07-09 18:35:03,C229003,chatter_mark,minor,cold_rolling,,,,1284,process_variation
DEF-00437,2025-07-10 02:59:23,C754500,scale_pitting,minor,hot_rolling,,,,254,process_variation
DEF-00653,2025-07-11 12:33:32,C541863,camber,major,hot_rolling,,,,1090,process_variation
DEF-00443,2025-07-12 06:23:21,C605731,oscillation_mark,minor,casting,,,,999,process_variation
DEF-00046,2025-07-12 08:17:58,C135330,longitudinal_crack,minor,casting,CCM.SEG.07,CCM.SEG.07::E02,INC-0028,2708,roll_seizure
DEF-00372,2025-07-12 18:53:04,C554014,bleeder,minor,casting,,,,986,process_variation
DEF-00684,2025-07-12 21:55:10,C481219,surface_scratch,major,cold_rolling,,,,128,process_variation
DEF-00355,2025-07-13 23:52:04,C903394,temperature_streak,minor,reheating,RHF.ZONE.SOAK,RHF.ZONE.SOAK::E04,INC-0102,2946,burner_failure_fuelside
DEF-00648,2025-07-14 15:20:36,C449673,surface_crack,minor,casting,,,,926,process_variation
DEF-00662,2025-07-14 16:00:50,C619170,chatter_mark,major,cold_rolling,,,,338,process_variation
DEF-00356,2025-07-15 02:22:01,C871795,decarburization,major,reheating,RHF.ZONE.SOAK,RHF.ZONE.SOAK::E04,INC-0102,4356,burner_failure_fuelside
DEF-00080,2025-07-16 20:37:42,C925017,coil_break,major,cold_rolling,CRM.AGC.SV01,CRM.AGC.SV01::E03,INC-0036,1203,servo_valve_silting_spool_wear
DEF-00800,2025-07-16 23:27:10,C310031,breakout_near_miss,minor,casting,,,,1416,process_variation
DEF-00593,2025-07-17 03:01:39,C367111,decarburization,major,reheating,,,,1250,process_variation
DEF-00020,2025-07-17 05:31:00,C857951,breakout_near_miss,minor,casting,CCM.MOLD.01,CCM.MOLD.01::E04,INC-0021,1494,breakout_sticking
DEF-00117,2025-07-18 01:27:19,C364824,chemistry_deviation,reject,steelmaking,EAF.AUX.HYD01,EAF.AUX.HYD01::E04,INC-0046,2275,filter_clog
DEF-00081,2025-07-19 14:10:03,C882678,surface_scratch,minor,cold_rolling,CRM.AGC.SV01,CRM.AGC.SV01::E03,INC-0036,2924,servo_valve_silting_spool_wear
DEF-00448,2025-07-20 15:39:44,C602296,over_scaling,minor,reheating,,,,1391,process_variation
DEF-00679,2025-07-21 00:00:25,C600837,thickness_deviation,minor,hot_rolling,,,,1472,process_variation
DEF-00707,2025-07-21 00:44:35,C712434,decarburization,minor,reheating,,,,915,process_variation
DEF-00229,2025-07-22 15:36:19,C651487,scale_pitting,minor,hot_rolling,HSM.F1.MTR01,HSM.F1.MTR01::E03,INC-0070,1045,broken_rotor_bar
DEF-00359,2025-07-22 16:57:46,C748321,over_scaling,minor,reheating,RHF.ZONE.SOAK,RHF.ZONE.SOAK::E05,INC-0103,4720,burner_failure_fuelside
DEF-00478,2025-07-22 22:22:33,C430727,camber,minor,hot_rolling,,,,458,process_variation
DEF-00357,2025-07-22 22:27:36,C876428,decarburization,major,reheating,RHF.ZONE.SOAK,RHF.ZONE.SOAK::E05,INC-0103,3304,burner_failure_fuelside
DEF-00358,2025-07-23 13:26:59,C408048,temperature_streak,major,reheating,RHF.ZONE.SOAK,RHF.ZONE.SOAK::E05,INC-0103,3686,burner_failure_fuelside
DEF-00361,2025-07-23 13:52:57,C206846,over_scaling,reject,reheating,RHF.ZONE.SOAK,RHF.ZONE.SOAK::E05,INC-0103,994,burner_failure_fuelside
DEF-00360,2025-07-23 14:27:17,C818211,decarburization,major,reheating,RHF.ZONE.SOAK,RHF.ZONE.SOAK::E05,INC-0103,669,burner_failure_fuelside
DEF-00231,2025-07-23 23:14:33,C567324,edge_crack,major,hot_rolling,HSM.F1.MTR01,HSM.F1.MTR01::E03,INC-0070,2002,broken_rotor_bar
DEF-00499,2025-07-24 09:57:39,C412841,over_scaling,major,reheating,,,,1232,process_variation
DEF-00051,2025-07-26 09:14:11,C829991,longitudinal_crack,major,casting,CCM.SEG.07,CCM.SEG.07::E03,INC-0029,3053,roll_seizure
DEF-00574,2025-07-26 11:50:40,C129168,over_scaling,minor,reheating,,,,1475,process_variation
DEF-00228,2025-07-26 18:06:23,C765914,camber,minor,hot_rolling,HSM.F1.MTR01,HSM.F1.MTR01::E03,INC-0070,1006,broken_rotor_bar
DEF-00759,2025-07-26 19:20:06,C345155,over_scaling,minor,reheating,,,,1270,process_variation
DEF-00487,2025-07-26 20:22:01,C677775,surface_crack,major,casting,,,,633,process_variation
DEF-00232,2025-07-27 04:52:06,C279124,thickness_deviation,minor,hot_rolling,HSM.F1.MTR01,HSM.F1.MTR01::E03,INC-0070,3296,broken_rotor_bar
DEF-00388,2025-07-27 10:36:11,C312413,edge_crack,major,hot_rolling,,,,778,process_variation
DEF-00022,2025-07-27 21:16:50,C337449,longitudinal_crack,major,casting,CCM.MOLD.01,CCM.MOLD.01::E04,INC-0021,4894,breakout_sticking
DEF-00050,2025-07-28 01:41:25,C611695,oscillation_mark,minor,casting,CCM.SEG.07,CCM.SEG.07::E03,INC-0029,4272,roll_seizure
DEF-00021,2025-07-28 15:44:16,C135907,bleeder,reject,casting,CCM.MOLD.01,CCM.MOLD.01::E04,INC-0021,2605,breakout_sticking
DEF-00428,2025-07-28 16:04:13,C387183,camber,minor,hot_rolling,,,,1467,process_variation
DEF-00671,2025-07-30 01:37:32,C234306,bleeder,minor,casting,,,,796,process_variation
DEF-00670,2025-07-30 21:47:27,C644225,temperature_streak,major,reheating,,,,1247,process_variation
DEF-00506,2025-07-31 04:03:53,C335450,surface_scratch,minor,hot_rolling,,,,256,process_variation
DEF-00654,2025-07-31 18:03:55,C308207,oscillation_mark,minor,casting,,,,453,process_variation
DEF-00780,2025-08-01 11:06:50,C304064,bleeder,minor,casting,,,,563,process_variation
DEF-00530,2025-08-01 15:45:41,C619858,chatter_mark,minor,cold_rolling,,,,1064,process_variation
DEF-00725,2025-08-01 21:23:34,C219198,edge_crack,major,hot_rolling,,,,649,process_variation
DEF-00230,2025-08-02 07:04:47,C510062,edge_crack,minor,hot_rolling,HSM.F1.MTR01,HSM.F1.MTR01::E03,INC-0070,1452,broken_rotor_bar
DEF-00118,2025-08-02 18:35:33,C287024,chemistry_deviation,major,steelmaking,EAF.AUX.HYD01,EAF.AUX.HYD01::E04,INC-0046,1019,filter_clog
DEF-00233,2025-08-03 01:55:09,C211644,thickness_deviation,minor,hot_rolling,HSM.F1.MTR01,HSM.F1.MTR01::E03,INC-0070,1163,broken_rotor_bar
DEF-00432,2025-08-03 11:54:21,C193802,inclusion,major,steelmaking,,,,411,process_variation
DEF-00583,2025-08-04 23:47:56,C920979,edge_crack,minor,hot_rolling,,,,855,process_variation
DEF-00811,2025-08-07 17:46:50,C280053,longitudinal_crack,minor,casting,,,,1180,process_variation
DEF-00611,2025-08-08 00:58:12,C401021,chemistry_deviation,minor,steelmaking,,,,452,process_variation
DEF-00496,2025-08-08 15:26:54,C331692,longitudinal_crack,minor,casting,,,,659,process_variation
DEF-00119,2025-08-10 00:04:11,C924354,inclusion,reject,steelmaking,EAF.AUX.HYD01,EAF.AUX.HYD01::E04,INC-0046,324,filter_clog
DEF-00650,2025-08-11 18:40:17,C508242,temperature_streak,reject,reheating,,,,1435,process_variation
DEF-00523,2025-08-12 02:19:50,C169962,decarburization,minor,reheating,,,,148,process_variation
DEF-00580,2025-08-12 04:14:51,C672231,oscillation_mark,major,casting,,,,672,process_variation
DEF-00159,2025-08-12 19:16:21,C629299,thickness_deviation,minor,hot_rolling,HSM.DSC.PMP01,HSM.DSC.PMP01::E04,INC-0055,3532,mechanical_seal_failure
DEF-00158,2025-08-13 06:00:32,C901839,roll_mark,minor,hot_rolling,HSM.DSC.PMP01,HSM.DSC.PMP01::E04,INC-0055,4995,mechanical_seal_failure
DEF-00157,2025-08-13 09:20:19,C473328,roll_mark,minor,hot_rolling,HSM.DSC.PMP01,HSM.DSC.PMP01::E04,INC-0055,3640,mechanical_seal_failure
DEF-00156,2025-08-13 10:33:15,C280342,surface_scratch,major,hot_rolling,HSM.DSC.PMP01,HSM.DSC.PMP01::E04,INC-0055,3976,mechanical_seal_failure
DEF-00160,2025-08-14 01:32:49,C442874,roll_mark,major,hot_rolling,HSM.DSC.PMP01,HSM.DSC.PMP01::E04,INC-0055,2559,mechanical_seal_failure
DEF-00161,2025-08-14 02:55:23,C976959,camber,minor,hot_rolling,HSM.DSC.PMP01,HSM.DSC.PMP01::E04,INC-0055,4760,mechanical_seal_failure
DEF-00055,2025-08-14 11:51:13,C542407,longitudinal_crack,major,casting,CCM.SEG.07,CCM.SEG.07::E04,INC-0030,3322,roll_seizure
DEF-00052,2025-08-14 16:29:22,C696543,oscillation_mark,minor,casting,CCM.SEG.07,CCM.SEG.07::E04,INC-0030,440,roll_seizure
DEF-00054,2025-08-15 03:47:04,C188541,bleeder,minor,casting,CCM.SEG.07,CCM.SEG.07::E04,INC-0030,869,roll_seizure
DEF-00758,2025-08-15 03:52:01,C117818,chemistry_deviation,minor,steelmaking,,,,820,process_variation
DEF-00722,2025-08-15 09:03:10,C537349,oscillation_mark,minor,casting,,,,1108,process_variation
DEF-00475,2025-08-15 10:17:05,C490379,bleeder,minor,casting,,,,1116,process_variation
DEF-00764,2025-08-15 14:57:15,C764028,bleeder,minor,casting,,,,978,process_variation
DEF-00053,2025-08-16 22:05:19,C379154,bleeder,minor,casting,CCM.SEG.07,CCM.SEG.07::E04,INC-0030,3645,roll_seizure
DEF-00387,2025-08-17 08:13:10,C195871,surface_crack,minor,casting,,,,217,process_variation
DEF-00082,2025-08-17 13:56:26,C706809,thickness_deviation,minor,cold_rolling,CRM.AGC.SV01,CRM.AGC.SV01::E04,INC-0037,2374,servo_valve_silting_spool_wear
DEF-00056,2025-08-17 19:23:28,C746390,bleeder,reject,casting,CCM.SEG.07,CCM.SEG.07::E04,INC-0030,1001,roll_seizure
DEF-00084,2025-08-17 20:00:39,C948376,thickness_deviation,major,cold_rolling,CRM.AGC.SV01,CRM.AGC.SV01::E04,INC-0037,1791,servo_valve_silting_spool_wear
DEF-00753,2025-08-17 21:15:05,C583972,chatter_mark,minor,cold_rolling,,,,326,process_variation
DEF-00085,2025-08-17 21:58:13,C289654,coil_break,major,cold_rolling,CRM.AGC.SV01,CRM.AGC.SV01::E04,INC-0037,3041,servo_valve_silting_spool_wear
DEF-00622,2025-08-18 01:55:00,C394621,decarburization,minor,reheating,,,,1278,process_variation
DEF-00698,2025-08-18 02:01:42,C776418,thickness_deviation,minor,hot_rolling,,,,1474,process_variation
DEF-00686,2025-08-18 08:45:50,C111816,camber,major,hot_rolling,,,,666,process_variation
DEF-00718,2025-08-18 10:27:48,C279008,chatter_mark,major,cold_rolling,,,,1035,process_variation
DEF-00083,2025-08-18 16:42:09,C271864,thickness_deviation,reject,cold_rolling,CRM.AGC.SV01,CRM.AGC.SV01::E04,INC-0037,4824,servo_valve_silting_spool_wear
DEF-00325,2025-08-19 13:08:21,C435779,inclusion,minor,steelmaking,MS.LDC.CRN01,MS.LDC.CRN01::E05,INC-0095,1988,wire_rope_fatigue_broken_wire
DEF-00324,2025-08-19 14:05:24,C863026,inclusion,minor,steelmaking,MS.LDC.CRN01,MS.LDC.CRN01::E05,INC-0095,4027,wire_rope_fatigue_broken_wire
DEF-00767,2025-08-19 20:07:41,C111004,inclusion,minor,steelmaking,,,,1113,process_variation
DEF-00723,2025-08-20 01:13:01,C124997,inclusion,major,steelmaking,,,,1120,process_variation
DEF-00788,2025-08-21 08:20:41,C393059,oscillation_mark,minor,casting,,,,1204,process_variation
DEF-00734,2025-08-21 15:29:25,C676872,surface_scratch,reject,hot_rolling,,,,259,process_variation
DEF-00326,2025-08-21 21:10:08,C937864,inclusion,minor,steelmaking,MS.LDC.CRN01,MS.LDC.CRN01::E05,INC-0095,4000,wire_rope_fatigue_broken_wire
DEF-00292,2025-08-22 02:05:34,C133847,edge_crack,minor,hot_rolling,HSM.STD.R1,HSM.STD.R1::E04,INC-0087,4747,work_roll_spall_flat
DEF-00663,2025-08-22 04:43:24,C401474,oscillation_mark,minor,casting,,,,501,process_variation
DEF-00510,2025-08-23 05:04:05,C719969,decarburization,reject,reheating,,,,1468,process_variation
DEF-00537,2025-08-24 17:12:42,C253561,longitudinal_crack,minor,casting,,,,60,process_variation
DEF-00200,2025-08-25 18:44:31,C632644,thickness_deviation,major,hot_rolling,HSM.F1.GBX01,HSM.F1.GBX01::E05,INC-0063,4214,gear_tooth_fatigue_crack
DEF-00411,2025-08-25 18:50:18,C135905,temperature_streak,reject,reheating,,,,1325,process_variation
DEF-00293,2025-08-25 18:58:36,C691968,edge_crack,minor,hot_rolling,HSM.STD.R1,HSM.STD.R1::E04,INC-0087,4146,work_roll_spall_flat
DEF-00197,2025-08-25 21:11:29,C369181,roll_mark,minor,hot_rolling,HSM.F1.GBX01,HSM.F1.GBX01::E05,INC-0063,3468,gear_tooth_fatigue_crack
DEF-00268,2025-08-26 06:10:08,C743760,scale_pitting,minor,hot_rolling,HSM.F3.WR.BRG01,HSM.F3.WR.BRG01::E05,INC-0080,3423,outer_race_fatigue_spall_BPFO
DEF-00466,2025-08-26 12:29:57,C554195,roll_mark,minor,hot_rolling,,,,884,process_variation
DEF-00599,2025-08-27 06:08:26,C729419,surface_scratch,minor,hot_rolling,,,,115,process_variation
DEF-00742,2025-08-27 10:05:20,C244248,breakout_near_miss,minor,casting,,,,1070,process_variation
DEF-00483,2025-08-28 02:46:46,C767468,coil_break,major,cold_rolling,,,,1439,process_variation
DEF-00460,2025-08-28 04:36:45,C491871,inclusion,minor,steelmaking,,,,193,process_variation
DEF-00199,2025-08-28 04:57:27,C224203,thickness_deviation,major,hot_rolling,HSM.F1.GBX01,HSM.F1.GBX01::E05,INC-0063,3074,gear_tooth_fatigue_crack
DEF-00797,2025-08-29 01:31:30,C963793,coil_break,minor,cold_rolling,,,,1218,process_variation
DEF-00737,2025-08-29 14:12:34,C191005,inclusion,major,steelmaking,,,,212,process_variation
DEF-00784,2025-08-29 19:49:19,C138627,temperature_streak,major,reheating,,,,1059,process_variation
DEF-00557,2025-08-30 13:56:10,C785882,chemistry_deviation,minor,steelmaking,,,,519,process_variation
DEF-00643,2025-08-30 21:41:18,C244395,roll_mark,major,hot_rolling,,,,569,process_variation
DEF-00520,2025-09-01 00:03:23,C503030,over_scaling,minor,reheating,,,,611,process_variation
DEF-00683,2025-09-01 02:28:32,C991234,scale_pitting,minor,hot_rolling,,,,168,process_variation
DEF-00294,2025-09-02 01:42:47,C640213,scale_pitting,major,hot_rolling,HSM.STD.R1,HSM.STD.R1::E04,INC-0087,929,work_roll_spall_flat
DEF-00267,2025-09-02 01:53:50,C408365,edge_crack,major,hot_rolling,HSM.F3.WR.BRG01,HSM.F3.WR.BRG01::E05,INC-0080,280,outer_race_fatigue_spall_BPFO
DEF-00775,2025-09-02 21:23:26,C167564,temperature_streak,minor,reheating,,,,250,process_variation
DEF-00751,2025-09-02 23:15:38,C298529,decarburization,minor,reheating,,,,1133,process_variation
DEF-00674,2025-09-04 05:31:47,C734888,oscillation_mark,minor,casting,,,,1193,process_variation
DEF-00666,2025-09-04 11:35:39,C489546,thickness_deviation,minor,cold_rolling,,,,399,process_variation
DEF-00782,2025-09-05 01:20:20,C925711,decarburization,minor,reheating,,,,1458,process_variation
DEF-00517,2025-09-05 07:04:02,C171598,decarburization,minor,reheating,,,,1048,process_variation
DEF-00026,2025-09-06 00:21:56,C244492,bleeder,minor,casting,CCM.MOLD.01,CCM.MOLD.01::E05,INC-0022,2586,breakout_sticking
DEF-00023,2025-09-06 07:51:43,C761941,longitudinal_crack,major,casting,CCM.MOLD.01,CCM.MOLD.01::E05,INC-0022,2016,breakout_sticking
DEF-00025,2025-09-07 03:19:46,C623564,longitudinal_crack,major,casting,CCM.MOLD.01,CCM.MOLD.01::E05,INC-0022,1419,breakout_sticking
DEF-00675,2025-09-07 17:19:19,C710638,inclusion,minor,steelmaking,,,,503,process_variation
DEF-00625,2025-09-07 18:11:57,C810283,surface_scratch,minor,cold_rolling,,,,548,process_variation
DEF-00123,2025-09-08 11:29:37,C359997,chemistry_deviation,major,steelmaking,EAF.AUX.HYD01,EAF.AUX.HYD01::E05,INC-0047,2011,filter_clog
DEF-00771,2025-09-08 15:47:31,C321914,breakout_near_miss,minor,casting,,,,564,process_variation
DEF-00024,2025-09-08 18:38:29,C185448,breakout_near_miss,major,casting,CCM.MOLD.01,CCM.MOLD.01::E05,INC-0022,836,breakout_sticking
DEF-00513,2025-09-09 01:16:11,C683723,inclusion,minor,steelmaking,,,,224,process_variation
DEF-00121,2025-09-10 09:53:11,C921001,chemistry_deviation,reject,steelmaking,EAF.AUX.HYD01,EAF.AUX.HYD01::E05,INC-0047,379,filter_clog
DEF-00578,2025-09-10 20:24:16,C958763,temperature_streak,major,reheating,,,,1490,process_variation
DEF-00735,2025-09-11 00:07:59,C742736,surface_scratch,minor,hot_rolling,,,,796,process_variation
DEF-00122,2025-09-11 02:39:17,C374669,inclusion,minor,steelmaking,EAF.AUX.HYD01,EAF.AUX.HYD01::E05,INC-0047,643,filter_clog
DEF-00270,2025-09-11 20:28:59,C233897,edge_crack,major,hot_rolling,HSM.F3.WR.BRG01,HSM.F3.WR.BRG01::E05,INC-0080,1731,outer_race_fatigue_spall_BPFO
DEF-00445,2025-09-11 22:53:30,C168496,coil_break,minor,cold_rolling,,,,1280,process_variation
DEF-00802,2025-09-12 02:14:19,C300495,coil_break,minor,cold_rolling,,,,1183,process_variation
DEF-00120,2025-09-12 20:59:17,C769329,chemistry_deviation,major,steelmaking,EAF.AUX.HYD01,EAF.AUX.HYD01::E05,INC-0047,847,filter_clog
DEF-00058,2025-09-13 06:13:10,C461785,longitudinal_crack,reject,casting,CCM.SEG.07,CCM.SEG.07::E05,INC-0031,1858,roll_seizure
DEF-00617,2025-09-13 10:59:57,C687675,coil_break,minor,cold_rolling,,,,386,process_variation
DEF-00508,2025-09-13 12:37:04,C301067,temperature_streak,minor,reheating,,,,1165,process_variation
DEF-00057,2025-09-13 16:58:25,C175462,bleeder,minor,casting,CCM.SEG.07,CCM.SEG.07::E05,INC-0031,4002,roll_seizure
DEF-00198,2025-09-14 02:02:14,C178795,surface_scratch,reject,hot_rolling,HSM.F1.GBX01,HSM.F1.GBX01::E05,INC-0063,2944,gear_tooth_fatigue_crack
DEF-00515,2025-09-14 21:31:00,C196739,inclusion,minor,steelmaking,,,,389,process_variation
DEF-00525,2025-09-14 23:41:30,C994232,inclusion,minor,steelmaking,,,,1241,process_variation
DEF-00385,2025-09-15 00:32:59,C553150,camber,reject,hot_rolling,,,,244,process_variation
DEF-00410,2025-09-15 09:13:15,C466642,oscillation_mark,major,casting,,,,474,process_variation
DEF-00472,2025-09-15 14:37:29,C646797,surface_scratch,minor,hot_rolling,,,,704,process_variation
DEF-00362,2025-09-16 09:06:44,C747958,temperature_streak,minor,reheating,RHF.ZONE.SOAK,RHF.ZONE.SOAK::E06,INC-0104,3557,burner_failure_fuelside
DEF-00059,2025-09-16 10:49:36,C633678,breakout_near_miss,major,casting,CCM.SEG.07,CCM.SEG.07::E05,INC-0031,2807,roll_seizure
DEF-00554,2025-09-17 17:45:55,C550365,oscillation_mark,minor,casting,,,,189,process_variation
DEF-00386,2025-09-18 22:22:18,C372084,temperature_streak,minor,reheating,,,,1286,process_variation
DEF-00731,2025-09-19 09:33:02,C299407,oscillation_mark,major,casting,,,,178,process_variation
DEF-00705,2025-09-19 18:14:56,C707926,scale_pitting,minor,hot_rolling,,,,1016,process_variation
DEF-00636,2025-09-20 05:33:33,C323044,over_scaling,minor,reheating,,,,865,process_variation
DEF-00236,2025-09-20 19:12:51,C335281,roll_mark,major,hot_rolling,HSM.F1.MTR01,HSM.F1.MTR01::E04,INC-0071,2924,broken_rotor_bar
DEF-00088,2025-09-21 09:32:44,C625444,thickness_deviation,reject,cold_rolling,CRM.AGC.SV01,CRM.AGC.SV01::E05,INC-0038,368,servo_valve_silting_spool_wear
DEF-00438,2025-09-21 15:22:18,C800401,chemistry_deviation,minor,steelmaking,,,,945,process_variation
DEF-00694,2025-09-21 22:04:38,C293177,bleeder,minor,casting,,,,108,process_variation
DEF-00235,2025-09-22 00:52:26,C858184,surface_scratch,minor,hot_rolling,HSM.F1.MTR01,HSM.F1.MTR01::E04,INC-0071,1256,broken_rotor_bar
DEF-00491,2025-09-22 01:42:30,C620107,scale_pitting,minor,hot_rolling,,,,1278,process_variation
DEF-00087,2025-09-22 08:59:41,C835391,surface_scratch,major,cold_rolling,CRM.AGC.SV01,CRM.AGC.SV01::E05,INC-0038,1705,servo_valve_silting_spool_wear
DEF-00812,2025-09-22 10:00:20,C385602,coil_break,minor,cold_rolling,,,,1439,process_variation
DEF-00234,2025-09-22 13:01:10,C542724,thickness_deviation,minor,hot_rolling,HSM.F1.MTR01,HSM.F1.MTR01::E04,INC-0071,1012,broken_rotor_bar
DEF-00086,2025-09-22 16:51:02,C760858,chatter_mark,minor,cold_rolling,CRM.AGC.SV01,CRM.AGC.SV01::E05,INC-0038,4941,servo_valve_silting_spool_wear
DEF-00529,2025-09-22 17:12:27,C222378,thickness_deviation,minor,cold_rolling,,,,1381,process_variation
DEF-00089,2025-09-22 21:47:34,C203288,coil_break,major,cold_rolling,CRM.AGC.SV01,CRM.AGC.SV01::E05,INC-0038,1474,servo_valve_silting_spool_wear
DEF-00166,2025-09-23 06:57:16,C482436,scale_pitting,minor,hot_rolling,HSM.DSC.PMP01,HSM.DSC.PMP01::E05,INC-0056,2950,mechanical_seal_failure
DEF-00162,2025-09-23 10:33:50,C323468,thickness_deviation,major,hot_rolling,HSM.DSC.PMP01,HSM.DSC.PMP01::E05,INC-0056,658,mechanical_seal_failure
DEF-00744,2025-09-23 12:07:42,C267825,chatter_mark,minor,cold_rolling,,,,275,process_variation
DEF-00164,2025-09-24 17:11:42,C853340,scale_pitting,reject,hot_rolling,HSM.DSC.PMP01,HSM.DSC.PMP01::E05,INC-0056,4428,mechanical_seal_failure
DEF-00165,2025-09-25 03:25:31,C442307,surface_scratch,minor,hot_rolling,HSM.DSC.PMP01,HSM.DSC.PMP01::E05,INC-0056,2263,mechanical_seal_failure
DEF-00269,2025-09-25 06:27:43,C649444,edge_crack,minor,hot_rolling,HSM.F3.WR.BRG01,HSM.F3.WR.BRG01::E05,INC-0080,3284,outer_race_fatigue_spall_BPFO
DEF-00381,2025-09-25 08:07:14,C169468,chemistry_deviation,minor,steelmaking,,,,409,process_variation
DEF-00795,2025-09-26 02:29:14,C969085,chemistry_deviation,minor,steelmaking,,,,65,process_variation
DEF-00804,2025-09-26 02:37:47,C159238,surface_scratch,reject,hot_rolling,,,,830,process_variation
DEF-00439,2025-09-26 13:21:11,C232072,temperature_streak,major,reheating,,,,286,process_variation
DEF-00163,2025-09-27 04:29:20,C274154,camber,major,hot_rolling,HSM.DSC.PMP01,HSM.DSC.PMP01::E05,INC-0056,3948,mechanical_seal_failure
DEF-00474,2025-09-28 05:42:00,C952474,chemistry_deviation,minor,steelmaking,,,,676,process_variation
DEF-00628,2025-09-29 05:18:52,C406560,over_scaling,minor,reheating,,,,1456,process_variation
DEF-00418,2025-09-30 03:48:00,C299031,inclusion,minor,steelmaking,,,,1103,process_variation
DEF-00509,2025-09-30 09:29:49,C139268,over_scaling,minor,reheating,,,,464,process_variation
DEF-00664,2025-09-30 18:47:24,C786376,longitudinal_crack,minor,casting,,,,1123,process_variation
DEF-00473,2025-10-01 11:13:52,C426164,over_scaling,major,reheating,,,,948,process_variation
DEF-00585,2025-10-01 13:34:52,C424186,surface_crack,minor,casting,,,,526,process_variation
DEF-00600,2025-10-02 20:48:24,C431264,temperature_streak,minor,reheating,,,,1419,process_variation
DEF-00816,2025-10-03 02:16:17,C180838,temperature_streak,minor,reheating,,,,434,process_variation
DEF-00596,2025-10-03 16:24:50,C240853,coil_break,minor,cold_rolling,,,,1423,process_variation
DEF-00541,2025-10-05 12:28:10,C292848,decarburization,minor,reheating,,,,1271,process_variation
DEF-00680,2025-10-05 20:38:39,C530036,scale_pitting,major,hot_rolling,,,,327,process_variation
DEF-00610,2025-10-06 14:16:48,C895631,coil_break,major,cold_rolling,,,,611,process_variation
DEF-00799,2025-10-06 17:32:25,C323641,inclusion,major,steelmaking,,,,1396,process_variation
DEF-00624,2025-10-06 20:02:04,C647413,inclusion,minor,steelmaking,,,,393,process_variation
DEF-00272,2025-10-07 00:54:43,C143779,surface_scratch,major,hot_rolling,HSM.F3.WR.BRG01,HSM.F3.WR.BRG01::E06,INC-0081,669,outer_race_fatigue_spall_BPFO
DEF-00575,2025-10-07 07:05:30,C133145,inclusion,minor,steelmaking,,,,1312,process_variation
DEF-00649,2025-10-07 13:36:24,C962689,chatter_mark,minor,cold_rolling,,,,1148,process_variation
DEF-00619,2025-10-08 09:18:45,C440343,bleeder,minor,casting,,,,761,process_variation
DEF-00787,2025-10-08 09:58:13,C764938,thickness_deviation,minor,hot_rolling,,,,298,process_variation
DEF-00202,2025-10-09 00:56:08,C152106,thickness_deviation,minor,hot_rolling,HSM.F1.GBX01,HSM.F1.GBX01::E06,INC-0064,2876,gear_tooth_fatigue_crack
DEF-00417,2025-10-09 04:12:41,C743685,surface_scratch,minor,hot_rolling,,,,208,process_variation
DEF-00271,2025-10-09 19:30:00,C464236,thickness_deviation,major,hot_rolling,HSM.F3.WR.BRG01,HSM.F3.WR.BRG01::E06,INC-0081,4850,outer_race_fatigue_spall_BPFO
DEF-00201,2025-10-10 23:23:34,C349748,thickness_deviation,reject,hot_rolling,HSM.F1.GBX01,HSM.F1.GBX01::E06,INC-0064,619,gear_tooth_fatigue_crack
DEF-00569,2025-10-11 10:35:09,C865045,chatter_mark,major,cold_rolling,,,,605,process_variation
DEF-00203,2025-10-11 16:35:50,C155106,edge_crack,major,hot_rolling,HSM.F1.GBX01,HSM.F1.GBX01::E06,INC-0064,3203,gear_tooth_fatigue_crack
DEF-00584,2025-10-12 15:03:05,C107509,inclusion,minor,steelmaking,,,,1257,process_variation
DEF-00805,2025-10-13 09:35:16,C540097,decarburization,minor,reheating,,,,1308,process_variation
DEF-00658,2025-10-14 03:57:05,C471054,camber,minor,hot_rolling,,,,293,process_variation
DEF-00553,2025-10-16 03:22:28,C592177,camber,minor,hot_rolling,,,,434,process_variation
DEF-00030,2025-10-16 09:02:11,C613175,bleeder,minor,casting,CCM.MOLD.01,CCM.MOLD.01::E06,INC-0023,3954,breakout_sticking
DEF-00810,2025-10-16 22:45:13,C836772,surface_scratch,major,cold_rolling,,,,1039,process_variation
DEF-00363,2025-10-17 02:56:01,C371042,decarburization,major,reheating,RHF.ZONE.SOAK,RHF.ZONE.SOAK::E06,INC-0104,812,burner_failure_fuelside
DEF-00240,2025-10-17 09:11:48,C973476,surface_scratch,major,hot_rolling,HSM.F1.MTR01,HSM.F1.MTR01::E05,INC-0072,2688,broken_rotor_bar
DEF-00364,2025-10-17 20:24:41,C962700,temperature_streak,major,reheating,RHF.ZONE.SOAK,RHF.ZONE.SOAK::E06,INC-0104,983,burner_failure_fuelside
DEF-00204,2025-10-18 13:17:25,C209929,thickness_deviation,major,hot_rolling,HSM.F1.GBX01,HSM.F1.GBX01::E07,INC-0065,4606,gear_tooth_fatigue_crack
DEF-00237,2025-10-18 21:45:38,C807635,edge_crack,reject,hot_rolling,HSM.F1.MTR01,HSM.F1.MTR01::E05,INC-0072,1021,broken_rotor_bar
DEF-00206,2025-10-19 07:08:59,C914796,edge_crack,minor,hot_rolling,HSM.F1.GBX01,HSM.F1.GBX01::E07,INC-0065,4261,gear_tooth_fatigue_crack
DEF-00205,2025-10-19 21:26:01,C593236,roll_mark,minor,hot_rolling,HSM.F1.GBX01,HSM.F1.GBX01::E07,INC-0065,1959,gear_tooth_fatigue_crack
DEF-00029,2025-10-20 03:58:26,C997490,longitudinal_crack,minor,casting,CCM.MOLD.01,CCM.MOLD.01::E06,INC-0023,3416,breakout_sticking
DEF-00562,2025-10-20 10:34:41,C168770,chemistry_deviation,minor,steelmaking,,,,1061,process_variation
DEF-00614,2025-10-20 13:31:09,C185409,coil_break,minor,cold_rolling,,,,53,process_variation
DEF-00239,2025-10-22 05:19:36,C717128,thickness_deviation,reject,hot_rolling,HSM.F1.MTR01,HSM.F1.MTR01::E05,INC-0072,2202,broken_rotor_bar
DEF-00238,2025-10-22 14:25:57,C651334,thickness_deviation,major,hot_rolling,HSM.F1.MTR01,HSM.F1.MTR01::E05,INC-0072,4795,broken_rotor_bar
DEF-00416,2025-10-22 15:33:09,C960592,breakout_near_miss,minor,casting,,,,1199,process_variation
DEF-00125,2025-10-22 17:39:02,C430347,chemistry_deviation,minor,steelmaking,EAF.AUX.HYD01,EAF.AUX.HYD01::E06,INC-0048,662,filter_clog
DEF-00027,2025-10-23 06:12:46,C411221,bleeder,major,casting,CCM.MOLD.01,CCM.MOLD.01::E06,INC-0023,751,breakout_sticking
DEF-00127,2025-10-23 08:32:39,C760326,chemistry_deviation,major,steelmaking,EAF.AUX.HYD01,EAF.AUX.HYD01::E06,INC-0048,2695,filter_clog
DEF-00028,2025-10-23 14:10:03,C332629,oscillation_mark,minor,casting,CCM.MOLD.01,CCM.MOLD.01::E06,INC-0023,4998,breakout_sticking
DEF-00688,2025-10-23 20:07:28,C171461,coil_break,major,cold_rolling,,,,147,process_variation
DEF-00126,2025-10-24 03:01:10,C200608,chemistry_deviation,major,steelmaking,EAF.AUX.HYD01,EAF.AUX.HYD01::E06,INC-0048,2338,filter_clog
DEF-00794,2025-10-25 09:44:44,C334133,inclusion,minor,steelmaking,,,,267,process_variation
DEF-00481,2025-10-25 14:49:17,C722926,inclusion,minor,steelmaking,,,,997,process_variation
DEF-00772,2025-10-26 04:54:20,C842400,temperature_streak,minor,reheating,,,,1316,process_variation
DEF-00740,2025-10-26 06:54:26,C418139,over_scaling,minor,reheating,,,,814,process_variation
DEF-00400,2025-10-26 10:31:49,C182204,chatter_mark,minor,cold_rolling,,,,1071,process_variation
DEF-00558,2025-10-26 13:00:12,C356658,surface_crack,minor,casting,,,,454,process_variation
DEF-00128,2025-10-27 12:11:10,C317536,chemistry_deviation,minor,steelmaking,EAF.AUX.HYD01,EAF.AUX.HYD01::E06,INC-0048,629,filter_clog
DEF-00327,2025-10-28 13:37:00,C877271,inclusion,minor,steelmaking,MS.LDC.CRN01,MS.LDC.CRN01::E06,INC-0096,2017,wire_rope_fatigue_broken_wire
DEF-00503,2025-10-28 21:09:50,C520004,longitudinal_crack,minor,casting,,,,662,process_variation
DEF-00404,2025-10-29 02:06:38,C808563,thickness_deviation,major,cold_rolling,,,,585,process_variation
DEF-00297,2025-10-29 03:40:31,C875155,roll_mark,minor,hot_rolling,HSM.STD.R1,HSM.STD.R1::E05,INC-0088,4838,work_roll_spall_flat
DEF-00433,2025-10-29 18:58:52,C756696,chatter_mark,major,cold_rolling,,,,1423,process_variation
DEF-00458,2025-10-29 20:17:51,C603779,surface_crack,minor,casting,,,,1258,process_variation
DEF-00656,2025-10-30 22:45:37,C160319,surface_scratch,minor,cold_rolling,,,,340,process_variation
DEF-00091,2025-10-31 07:49:44,C904025,thickness_deviation,major,cold_rolling,CRM.AGC.SV01,CRM.AGC.SV01::E06,INC-0039,2360,servo_valve_silting_spool_wear
DEF-00329,2025-10-31 14:36:26,C809414,chemistry_deviation,minor,steelmaking,MS.LDC.CRN01,MS.LDC.CRN01::E06,INC-0096,1593,wire_rope_fatigue_broken_wire
DEF-00242,2025-11-01 00:24:00,C811716,edge_crack,major,hot_rolling,HSM.F1.MTR01,HSM.F1.MTR01::E06,INC-0073,2185,broken_rotor_bar
DEF-00095,2025-11-01 03:35:49,C525215,thickness_deviation,minor,cold_rolling,CRM.AGC.SV01,CRM.AGC.SV01::E06,INC-0039,4382,servo_valve_silting_spool_wear
DEF-00092,2025-11-01 04:37:04,C260295,thickness_deviation,major,cold_rolling,CRM.AGC.SV01,CRM.AGC.SV01::E06,INC-0039,1517,servo_valve_silting_spool_wear
DEF-00090,2025-11-01 11:03:15,C782085,surface_scratch,reject,cold_rolling,CRM.AGC.SV01,CRM.AGC.SV01::E06,INC-0039,2251,servo_valve_silting_spool_wear
DEF-00299,2025-11-01 13:33:20,C518217,roll_mark,minor,hot_rolling,HSM.STD.R1,HSM.STD.R1::E05,INC-0088,279,work_roll_spall_flat
DEF-00094,2025-11-01 13:36:38,C385592,thickness_deviation,minor,cold_rolling,CRM.AGC.SV01,CRM.AGC.SV01::E06,INC-0039,1982,servo_valve_silting_spool_wear
DEF-00296,2025-11-02 01:09:28,C112205,surface_scratch,minor,hot_rolling,HSM.STD.R1,HSM.STD.R1::E05,INC-0088,4297,work_roll_spall_flat
DEF-00093,2025-11-02 01:59:50,C995776,chatter_mark,major,cold_rolling,CRM.AGC.SV01,CRM.AGC.SV01::E06,INC-0039,1961,servo_valve_silting_spool_wear
DEF-00241,2025-11-03 13:21:36,C913031,camber,reject,hot_rolling,HSM.F1.MTR01,HSM.F1.MTR01::E06,INC-0073,4991,broken_rotor_bar
DEF-00298,2025-11-03 13:30:13,C482157,thickness_deviation,minor,hot_rolling,HSM.STD.R1,HSM.STD.R1::E05,INC-0088,3730,work_roll_spall_flat
DEF-00328,2025-11-03 18:10:52,C565627,chemistry_deviation,minor,steelmaking,MS.LDC.CRN01,MS.LDC.CRN01::E06,INC-0096,634,wire_rope_fatigue_broken_wire
DEF-00124,2025-11-04 20:34:41,C366734,inclusion,major,steelmaking,EAF.AUX.HYD01,EAF.AUX.HYD01::E06,INC-0048,3109,filter_clog
DEF-00243,2025-11-05 04:08:39,C983153,edge_crack,reject,hot_rolling,HSM.F1.MTR01,HSM.F1.MTR01::E06,INC-0073,3165,broken_rotor_bar
DEF-00375,2025-11-08 17:45:35,C707928,bleeder,minor,casting,,,,811,process_variation
DEF-00062,2025-11-09 01:30:13,C843486,breakout_near_miss,reject,casting,CCM.SEG.07,CCM.SEG.07::E06,INC-0032,3767,roll_seizure
DEF-00063,2025-11-10 00:46:27,C822149,oscillation_mark,major,casting,CCM.SEG.07,CCM.SEG.07::E06,INC-0032,3673,roll_seizure
DEF-00060,2025-11-10 15:30:28,C868833,longitudinal_crack,minor,casting,CCM.SEG.07,CCM.SEG.07::E06,INC-0032,4020,roll_seizure
DEF-00064,2025-11-10 22:23:13,C354601,longitudinal_crack,reject,casting,CCM.SEG.07,CCM.SEG.07::E06,INC-0032,2896,roll_seizure
DEF-00494,2025-11-11 08:38:18,C785027,camber,minor,hot_rolling,,,,1092,process_variation
DEF-00171,2025-11-11 10:30:58,C263202,thickness_deviation,major,hot_rolling,HSM.DSC.PMP01,HSM.DSC.PMP01::E06,INC-0057,3024,mechanical_seal_failure
DEF-00392,2025-11-11 13:39:36,C206844,breakout_near_miss,major,casting,,,,834,process_variation
DEF-00699,2025-11-11 15:21:14,C998068,scale_pitting,minor,hot_rolling,,,,211,process_variation
DEF-00061,2025-11-12 14:20:27,C653640,surface_crack,minor,casting,CCM.SEG.07,CCM.SEG.07::E06,INC-0032,4971,roll_seizure
DEF-00815,2025-11-12 19:57:14,C725414,breakout_near_miss,minor,casting,,,,1360,process_variation
DEF-00743,2025-11-12 22:56:14,C934829,surface_scratch,minor,cold_rolling,,,,1217,process_variation
DEF-00713,2025-11-13 22:27:06,C141658,chatter_mark,major,cold_rolling,,,,190,process_variation
DEF-00505,2025-11-14 15:14:41,C174847,chemistry_deviation,major,steelmaking,,,,1228,process_variation
DEF-00169,2025-11-14 20:20:43,C810997,edge_crack,reject,hot_rolling,HSM.DSC.PMP01,HSM.DSC.PMP01::E06,INC-0057,1663,mechanical_seal_failure
DEF-00555,2025-11-15 13:36:29,C594522,inclusion,minor,steelmaking,,,,1471,process_variation
DEF-00620,2025-11-15 16:22:52,C751496,breakout_near_miss,minor,casting,,,,484,process_variation
DEF-00096,2025-11-15 20:46:02,C975130,surface_scratch,reject,cold_rolling,CRM.AGC.SV01,CRM.AGC.SV01::E07,INC-0040,4607,servo_valve_silting_spool_wear
DEF-00629,2025-11-15 21:26:22,C275007,thickness_deviation,minor,cold_rolling,,,,101,process_variation
DEF-00098,2025-11-16 01:56:56,C565341,coil_break,minor,cold_rolling,CRM.AGC.SV01,CRM.AGC.SV01::E07,INC-0040,3006,servo_valve_silting_spool_wear
DEF-00100,2025-11-16 07:05:42,C786407,surface_scratch,reject,cold_rolling,CRM.AGC.SV01,CRM.AGC.SV01::E07,INC-0040,2744,servo_valve_silting_spool_wear
DEF-00659,2025-11-16 09:34:06,C718881,bleeder,minor,casting,,,,334,process_variation
DEF-00785,2025-11-16 09:57:05,C395034,coil_break,minor,cold_rolling,,,,909,process_variation
DEF-00097,2025-11-16 15:23:57,C578268,surface_scratch,major,cold_rolling,CRM.AGC.SV01,CRM.AGC.SV01::E07,INC-0040,4034,servo_valve_silting_spool_wear
DEF-00099,2025-11-17 15:53:56,C785355,thickness_deviation,reject,cold_rolling,CRM.AGC.SV01,CRM.AGC.SV01::E07,INC-0040,666,servo_valve_silting_spool_wear
DEF-00101,2025-11-17 18:45:10,C453934,chatter_mark,major,cold_rolling,CRM.AGC.SV01,CRM.AGC.SV01::E07,INC-0040,4082,servo_valve_silting_spool_wear
DEF-00516,2025-11-18 03:18:27,C204796,surface_scratch,major,hot_rolling,,,,1299,process_variation
DEF-00295,2025-11-18 23:00:01,C318212,scale_pitting,minor,hot_rolling,HSM.STD.R1,HSM.STD.R1::E05,INC-0088,3203,work_roll_spall_flat
DEF-00594,2025-11-19 05:45:07,C469682,inclusion,reject,steelmaking,,,,273,process_variation
DEF-00207,2025-11-19 20:10:27,C476411,edge_crack,reject,hot_rolling,HSM.F1.GBX01,HSM.F1.GBX01::E08,INC-0066,879,gear_tooth_fatigue_crack
DEF-00441,2025-11-20 14:07:46,C606175,roll_mark,reject,hot_rolling,,,,1207,process_variation
DEF-00167,2025-11-20 18:49:42,C896928,surface_scratch,minor,hot_rolling,HSM.DSC.PMP01,HSM.DSC.PMP01::E06,INC-0057,916,mechanical_seal_failure
DEF-00604,2025-11-20 21:42:57,C831015,surface_scratch,minor,cold_rolling,,,,387,process_variation
DEF-00667,2025-11-21 01:54:51,C710363,surface_scratch,minor,hot_rolling,,,,69,process_variation
DEF-00033,2025-11-21 15:25:37,C304343,breakout_near_miss,major,casting,CCM.MOLD.01,CCM.MOLD.01::E07,INC-0024,4134,breakout_sticking
DEF-00586,2025-11-21 21:22:57,C852883,breakout_near_miss,minor,casting,,,,674,process_variation
DEF-00031,2025-11-22 16:10:54,C567728,longitudinal_crack,minor,casting,CCM.MOLD.01,CCM.MOLD.01::E07,INC-0024,2890,breakout_sticking
DEF-00034,2025-11-23 12:57:04,C656711,surface_crack,reject,casting,CCM.MOLD.01,CCM.MOLD.01::E07,INC-0024,2242,breakout_sticking
DEF-00538,2025-11-23 21:01:10,C408811,over_scaling,minor,reheating,,,,1061,process_variation
DEF-00588,2025-11-23 22:09:42,C460398,surface_crack,major,casting,,,,217,process_variation
DEF-00032,2025-11-23 23:39:12,C668841,surface_crack,minor,casting,CCM.MOLD.01,CCM.MOLD.01::E07,INC-0024,2359,breakout_sticking
DEF-00168,2025-11-24 04:02:54,C792881,scale_pitting,reject,hot_rolling,HSM.DSC.PMP01,HSM.DSC.PMP01::E06,INC-0057,2956,mechanical_seal_failure
DEF-00368,2025-11-24 04:48:19,C333782,decarburization,minor,reheating,RHF.ZONE.SOAK,RHF.ZONE.SOAK::E07,INC-0105,906,burner_failure_fuelside
DEF-00598,2025-11-24 06:19:23,C960966,surface_crack,minor,casting,,,,853,process_variation
DEF-00131,2025-11-24 22:43:14,C576214,inclusion,major,steelmaking,EAF.AUX.HYD01,EAF.AUX.HYD01::E07,INC-0049,4374,filter_clog
DEF-00366,2025-11-25 04:13:39,C720265,over_scaling,reject,reheating,RHF.ZONE.SOAK,RHF.ZONE.SOAK::E07,INC-0105,3499,burner_failure_fuelside
DEF-00696,2025-11-25 05:44:11,C757413,roll_mark,minor,hot_rolling,,,,685,process_variation
DEF-00132,2025-11-25 12:05:04,C788853,chemistry_deviation,major,steelmaking,EAF.AUX.HYD01,EAF.AUX.HYD01::E07,INC-0049,1903,filter_clog
DEF-00367,2025-11-25 12:19:14,C726547,over_scaling,minor,reheating,RHF.ZONE.SOAK,RHF.ZONE.SOAK::E07,INC-0105,3089,burner_failure_fuelside
DEF-00543,2025-11-25 17:27:45,C307989,inclusion,major,steelmaking,,,,794,process_variation
DEF-00389,2025-11-25 19:25:45,C758005,inclusion,major,steelmaking,,,,451,process_variation
DEF-00697,2025-11-25 21:28:32,C484209,over_scaling,minor,reheating,,,,1421,process_variation
DEF-00651,2025-11-25 23:57:23,C743588,bleeder,major,casting,,,,368,process_variation
DEF-00526,2025-11-26 11:50:00,C219807,roll_mark,major,hot_rolling,,,,664,process_variation
DEF-00130,2025-11-26 22:56:28,C309867,inclusion,reject,steelmaking,EAF.AUX.HYD01,EAF.AUX.HYD01::E07,INC-0049,3866,filter_clog
DEF-00129,2025-11-27 10:23:00,C469014,inclusion,minor,steelmaking,EAF.AUX.HYD01,EAF.AUX.HYD01::E07,INC-0049,1135,filter_clog
DEF-00170,2025-11-28 00:48:32,C904680,edge_crack,major,hot_rolling,HSM.DSC.PMP01,HSM.DSC.PMP01::E06,INC-0057,1032,mechanical_seal_failure
DEF-00546,2025-11-28 20:08:31,C968478,temperature_streak,major,reheating,,,,115,process_variation
DEF-00762,2025-11-29 08:59:08,C387345,thickness_deviation,minor,cold_rolling,,,,1327,process_variation
DEF-00615,2025-11-29 10:05:22,C563680,over_scaling,reject,reheating,,,,518,process_variation
DEF-00774,2025-11-29 17:08:29,C626856,chatter_mark,minor,cold_rolling,,,,1092,process_variation
DEF-00369,2025-11-29 22:26:27,C608711,decarburization,major,reheating,RHF.ZONE.SOAK,RHF.ZONE.SOAK::E07,INC-0105,2422,burner_failure_fuelside
DEF-00365,2025-11-30 08:01:39,C757680,over_scaling,major,reheating,RHF.ZONE.SOAK,RHF.ZONE.SOAK::E07,INC-0105,1509,burner_failure_fuelside
DEF-00589,2025-11-30 10:46:06,C706298,camber,minor,hot_rolling,,,,1348,process_variation
DEF-00208,2025-12-01 14:12:00,C767915,thickness_deviation,minor,hot_rolling,HSM.F1.GBX01,HSM.F1.GBX01::E08,INC-0066,4019,gear_tooth_fatigue_crack
DEF-00463,2025-12-01 14:38:54,C787875,temperature_streak,minor,reheating,,,,941,process_variation
DEF-00789,2025-12-01 16:22:49,C899132,chemistry_deviation,minor,steelmaking,,,,652,process_variation
DEF-00172,2025-12-01 19:49:07,C264428,scale_pitting,major,hot_rolling,HSM.DSC.PMP01,HSM.DSC.PMP01::E06,INC-0057,4182,mechanical_seal_failure
DEF-00420,2025-12-01 22:39:17,C841051,edge_crack,minor,hot_rolling,,,,1283,process_variation
DEF-00709,2025-12-02 04:14:45,C345551,chemistry_deviation,minor,steelmaking,,,,655,process_variation
DEF-00209,2025-12-03 01:47:30,C790224,edge_crack,minor,hot_rolling,HSM.F1.GBX01,HSM.F1.GBX01::E08,INC-0066,333,gear_tooth_fatigue_crack
DEF-00440,2025-12-03 13:05:29,C261124,bleeder,major,casting,,,,699,process_variation
DEF-00037,2025-12-03 17:51:23,C329914,oscillation_mark,major,casting,CCM.MOLD.01,CCM.MOLD.01::E08,INC-0025,4050,breakout_sticking
DEF-00035,2025-12-04 02:53:38,C303849,bleeder,reject,casting,CCM.MOLD.01,CCM.MOLD.01::E08,INC-0025,4451,breakout_sticking
DEF-00397,2025-12-04 05:48:48,C230134,decarburization,minor,reheating,,,,1452,process_variation
DEF-00036,2025-12-04 09:48:52,C850525,surface_crack,minor,casting,CCM.MOLD.01,CCM.MOLD.01::E08,INC-0025,474,breakout_sticking
DEF-00210,2025-12-04 11:55:38,C749336,edge_crack,major,hot_rolling,HSM.F1.GBX01,HSM.F1.GBX01::E08,INC-0066,820,gear_tooth_fatigue_crack
DEF-00245,2025-12-04 22:55:10,C811510,surface_scratch,minor,hot_rolling,HSM.F1.MTR01,HSM.F1.MTR01::E07,INC-0074,273,broken_rotor_bar
DEF-00422,2025-12-05 03:09:31,C954781,over_scaling,minor,reheating,,,,750,process_variation
DEF-00246,2025-12-05 07:34:33,C982169,edge_crack,minor,hot_rolling,HSM.F1.MTR01,HSM.F1.MTR01::E07,INC-0074,2737,broken_rotor_bar
DEF-00211,2025-12-05 15:49:12,C729764,camber,reject,hot_rolling,HSM.F1.GBX01,HSM.F1.GBX01::E08,INC-0066,2653,gear_tooth_fatigue_crack
DEF-00591,2025-12-06 06:30:24,C816920,chatter_mark,major,cold_rolling,,,,493,process_variation
DEF-00273,2025-12-08 16:12:57,C832229,thickness_deviation,major,hot_rolling,HSM.F3.WR.BRG01,HSM.F3.WR.BRG01::E07,INC-0082,4784,outer_race_fatigue_spall_BPFO
DEF-00378,2025-12-09 06:20:02,C190397,coil_break,minor,cold_rolling,,,,1495,process_variation
DEF-00274,2025-12-10 06:56:57,C779684,edge_crack,minor,hot_rolling,HSM.F3.WR.BRG01,HSM.F3.WR.BRG01::E07,INC-0082,893,outer_race_fatigue_spall_BPFO
DEF-00330,2025-12-10 14:56:01,C515792,chemistry_deviation,minor,steelmaking,MS.LDC.CRN01,MS.LDC.CRN01::E07,INC-0097,4014,wire_rope_fatigue_broken_wire
DEF-00606,2025-12-10 18:50:15,C574779,breakout_near_miss,minor,casting,,,,824,process_variation
DEF-00716,2025-12-10 22:16:54,C403041,thickness_deviation,minor,cold_rolling,,,,839,process_variation
DEF-00332,2025-12-11 15:03:41,C117098,inclusion,minor,steelmaking,MS.LDC.CRN01,MS.LDC.CRN01::E07,INC-0097,3065,wire_rope_fatigue_broken_wire
DEF-00446,2025-12-12 00:57:11,C888727,thickness_deviation,minor,hot_rolling,,,,91,process_variation
DEF-00471,2025-12-12 07:05:52,C238207,surface_crack,minor,casting,,,,129,process_variation
DEF-00590,2025-12-13 01:43:32,C956514,scale_pitting,minor,hot_rolling,,,,1203,process_variation
DEF-00646,2025-12-13 03:12:34,C770653,over_scaling,minor,reheating,,,,235,process_variation
DEF-00248,2025-12-13 04:04:50,C280205,camber,major,hot_rolling,HSM.F1.MTR01,HSM.F1.MTR01::E07,INC-0074,1998,broken_rotor_bar
DEF-00244,2025-12-13 07:52:34,C305641,camber,reject,hot_rolling,HSM.F1.MTR01,HSM.F1.MTR01::E07,INC-0074,2801,broken_rotor_bar
DEF-00335,2025-12-13 08:59:00,C197045,inclusion,minor,steelmaking,MS.LDC.CRN01,MS.LDC.CRN01::E07,INC-0097,1262,wire_rope_fatigue_broken_wire
DEF-00601,2025-12-13 12:40:06,C904856,surface_scratch,major,hot_rolling,,,,336,process_variation
DEF-00334,2025-12-13 13:03:38,C353507,inclusion,minor,steelmaking,MS.LDC.CRN01,MS.LDC.CRN01::E07,INC-0097,3748,wire_rope_fatigue_broken_wire
DEF-00567,2025-12-13 19:20:57,C153514,chemistry_deviation,major,steelmaking,,,,952,process_variation
DEF-00623,2025-12-13 20:04:28,C875554,surface_scratch,minor,hot_rolling,,,,842,process_variation
DEF-00531,2025-12-14 01:02:20,C912292,over_scaling,minor,reheating,,,,65,process_variation
DEF-00138,2025-12-14 04:33:42,C720164,chemistry_deviation,major,steelmaking,EAF.AUX.HYD01,EAF.AUX.HYD01::E08,INC-0050,2082,filter_clog
DEF-00333,2025-12-14 12:09:13,C863972,inclusion,minor,steelmaking,MS.LDC.CRN01,MS.LDC.CRN01::E07,INC-0097,3996,wire_rope_fatigue_broken_wire
DEF-00135,2025-12-15 00:51:59,C441744,chemistry_deviation,minor,steelmaking,EAF.AUX.HYD01,EAF.AUX.HYD01::E08,INC-0050,1225,filter_clog
DEF-00791,2025-12-15 01:59:45,C666449,chemistry_deviation,minor,steelmaking,,,,189,process_variation
DEF-00136,2025-12-15 02:39:21,C239651,chemistry_deviation,major,steelmaking,EAF.AUX.HYD01,EAF.AUX.HYD01::E08,INC-0050,4346,filter_clog
DEF-00637,2025-12-15 10:29:42,C240062,coil_break,minor,cold_rolling,,,,757,process_variation
DEF-00331,2025-12-15 12:32:08,C716303,inclusion,minor,steelmaking,MS.LDC.CRN01,MS.LDC.CRN01::E07,INC-0097,550,wire_rope_fatigue_broken_wire
DEF-00137,2025-12-15 14:00:15,C640401,chemistry_deviation,minor,steelmaking,EAF.AUX.HYD01,EAF.AUX.HYD01::E08,INC-0050,1423,filter_clog
DEF-00726,2025-12-15 15:54:17,C776571,oscillation_mark,major,casting,,,,367,process_variation
DEF-00247,2025-12-15 16:10:16,C937285,roll_mark,major,hot_rolling,HSM.F1.MTR01,HSM.F1.MTR01::E07,INC-0074,2887,broken_rotor_bar
DEF-00484,2025-12-15 20:11:16,C977758,chemistry_deviation,minor,steelmaking,,,,336,process_variation
DEF-00303,2025-12-16 08:47:40,C721121,thickness_deviation,minor,hot_rolling,HSM.STD.R1,HSM.STD.R1::E06,INC-0089,3184,work_roll_spall_flat
DEF-00134,2025-12-16 10:02:52,C956534,inclusion,reject,steelmaking,EAF.AUX.HYD01,EAF.AUX.HYD01::E08,INC-0050,1932,filter_clog
DEF-00745,2025-12-16 21:52:23,C319175,camber,minor,hot_rolling,,,,1145,process_variation
DEF-00677,2025-12-17 00:40:24,C359276,surface_crack,minor,casting,,,,269,process_variation
DEF-00304,2025-12-17 13:48:26,C195783,edge_crack,major,hot_rolling,HSM.STD.R1,HSM.STD.R1::E06,INC-0089,1405,work_roll_spall_flat
DEF-00302,2025-12-17 18:38:23,C604364,scale_pitting,minor,hot_rolling,HSM.STD.R1,HSM.STD.R1::E06,INC-0089,2467,work_roll_spall_flat
DEF-00133,2025-12-17 21:33:07,C633582,inclusion,minor,steelmaking,EAF.AUX.HYD01,EAF.AUX.HYD01::E08,INC-0050,2395,filter_clog
DEF-00390,2025-12-18 22:07:31,C895083,inclusion,major,steelmaking,,,,565,process_variation
DEF-00577,2025-12-19 02:04:04,C569909,roll_mark,major,hot_rolling,,,,434,process_variation
DEF-00512,2025-12-19 14:02:55,C366924,oscillation_mark,minor,casting,,,,1399,process_variation
DEF-00104,2025-12-20 13:46:26,C369209,thickness_deviation,minor,cold_rolling,CRM.AGC.SV01,CRM.AGC.SV01::E08,INC-0041,267,servo_valve_silting_spool_wear
DEF-00102,2025-12-21 06:30:21,C442086,thickness_deviation,minor,cold_rolling,CRM.AGC.SV01,CRM.AGC.SV01::E08,INC-0041,1595,servo_valve_silting_spool_wear
DEF-00300,2025-12-21 16:18:10,C944247,scale_pitting,minor,hot_rolling,HSM.STD.R1,HSM.STD.R1::E06,INC-0089,2422,work_roll_spall_flat
DEF-00607,2025-12-21 20:08:24,C188407,inclusion,minor,steelmaking,,,,942,process_variation
DEF-00452,2025-12-21 21:06:09,C947192,chemistry_deviation,major,steelmaking,,,,1476,process_variation
DEF-00442,2025-12-22 00:11:00,C479424,edge_crack,minor,hot_rolling,,,,730,process_variation
DEF-00514,2025-12-22 04:39:39,C177352,camber,minor,hot_rolling,,,,516,process_variation
DEF-00301,2025-12-23 08:21:58,C377721,roll_mark,minor,hot_rolling,HSM.STD.R1,HSM.STD.R1::E06,INC-0089,3461,work_roll_spall_flat
DEF-00103,2025-12-23 13:58:12,C814545,surface_scratch,major,cold_rolling,CRM.AGC.SV01,CRM.AGC.SV01::E08,INC-0041,4828,servo_valve_silting_spool_wear
DEF-00519,2025-12-27 19:15:21,C244910,roll_mark,minor,hot_rolling,,,,1034,process_variation
DEF-00427,2025-12-29 06:57:04,C372439,oscillation_mark,reject,casting,,,,1034,process_variation
