column,mean,std,min,p5,p25,median,p75,p95,max,n_unique,is_intlike,n_missing,category_guess,confidence,classification_notes
X1,1027.7622318427532,109.52158215109601,235.25224959405784,810.2780897442469,1005.9825895603383,1071.35248629116,1091.0590368279404,1107.206652535038,1132.4355668923622,1691,False,0,unknown,low,no range match
X2,576.3331325883001,230.8477703125347,96.7554917848268,185.73691080273738,406.10344936901527,589.5685563477251,723.8998677041461,975.5415692739439,1148.171484496263,1691,False,0,unknown,low,no range match
X3,539.9257758215548,135.17916317762783,124.15044971932656,303.97028996300924,447.39279809373727,549.6091661332284,633.1169794167099,744.5359015775718,1026.9157782727625,1691,False,0,unknown,low,no range match
X4,691.2153242303174,57.31142468780743,569.9851506164866,594.8691925205245,621.1585223191787,724.7004308569432,734.3806580599869,743.7194505845887,755.9832958455311,1691,False,0,coiling_temp_520_740C,high,CT-candidate: med=725; width: mean=691 int=False
X5,648.3989141071326,35.785088979286485,559.2728589786265,583.0759102833904,620.7331290551547,660.7695732435911,667.9778992597098,678.5384708619673,763.257466386196,1691,False,0,coiling_temp_520_740C,high,CT-candidate: med=661; width: mean=648 int=False
X6,617.5328701208188,45.95100197277629,529.9373964255883,542.9865177377453,579.9793321060945,614.6807201082308,659.5139125803325,671.516273958988,743.9022895276186,1691,False,0,coiling_temp_520_740C,high,CT-candidate: med=615; width: mean=618 int=False
X7,528.2750539789786,46.69825482557802,439.22138364748673,450.4550126429665,476.24987040863823,547.1074942371199,554.4475010128434,601.2983968337858,619.9331966153179,1691,False,0,strip_width_mm_500_2000,medium,width: mean=528 int=False
X8,527.7711800590165,40.59133400132124,425.4132512452871,450.0687546610112,484.6718681640402,545.1201044926299,556.0154919102308,568.1252848791698,577.6524791063866,1691,False,0,strip_width_mm_500_2000,medium,width: mean=528 int=False
X9,460.8999240673711,40.55969179162657,343.1104650522887,382.1523184351083,421.1353765713791,481.8355518389087,488.6990171367959,495.2078194044253,505.34938824995817,1691,False,0,unknown,low,no range match
X10,6.7832865351975,2.619344201588487,1.1172746693812163,2.3838834462113083,4.618513307687225,6.853628670714367,8.86622255116804,10.926827164212082,12.312370931877554,1691,False,0,specific_force_kNmm_5_20,medium,spec-force: mean=6.8; speed: mean=6.8; final-thick: mean=6.8
X11,32.17208752217623,3.3283651402495393,24.0,27.0,30.0,31.0,35.0,37.0,40.0,17,True,0,integer_categorical_grade_or_code,high,force-MN: mean=32.2; int-cat: n_unique=17
X12,48.09810587334802,9.572464804141102,-2.323382585315064,33.70959419304026,43.24291626486031,47.84888574510786,52.11800101923661,64.29841774743467,98.4436385050984,1691,False,0,unknown,low,no range match
X13,858.8816234898015,395.2678101601586,97.0781783127185,246.3941554365665,531.4183080502175,826.8669752518393,1153.301639026419,1546.595092053775,1652.5718031383694,1691,False,0,unknown,low,no range match
X14,598.7852903007057,30.968332150020544,538.3600775390872,549.0062959626456,572.9686920636454,600.1162708962017,627.7526978193455,646.810162047917,660.3673684597221,1691,False,0,coiling_temp_520_740C,high,CT-candidate: med=600; width: mean=599 int=False
X15,3.475355992503656,2.146546067689404,1.17357531196615,1.578304488453393,2.0208295903626867,2.8285168246077688,4.124338420489373,7.886786117942528,12.327318725165664,1667,False,0,final_thickness_mm_1_10,medium,speed: mean=3.5; final-thick: mean=3.5
X16,22.90761859892758,3.9081534209697333,-0.9152557003124135,16.901565201975473,20.27050927323718,22.778312287821443,25.503479899336376,29.28504768326388,39.01288039685488,1691,False,0,unknown,low,no range match
X17,1157.6342111199428,14.16624451713873,1089.8962331949729,1129.8484721187997,1149.8274337781954,1158.778350487268,1166.772962234652,1179.5864809182187,1207.8097737365465,1691,False,0,entry_finish_temp_1000_1250C,high,EFT-candidate: med=1159; width: mean=1158 int=False
X18,890.5757158144288,7.867711334363077,858.7488087702736,878.9970318343437,887.4675139512881,890.0744016657712,896.4613237238872,901.1814945872717,918.0847386331004,1691,False,0,finishing_temp_820_950C,high,FT-candidate: med=890; width: mean=891 int=False
X19,1359.2900603611492,142.0187829453075,911.1096981792296,1236.5211810990318,1263.2402415724296,1281.844508522487,1513.5533696361106,1593.7282126138632,1747.3644065534763,1691,False,0,strip_width_mm_500_2000,medium,width: mean=1359 int=False
X20,571.2427371223001,126.46110861644955,165.73405550288524,358.42939753381245,489.46192909736544,574.5144478576411,662.4427975330611,759.5821952198978,1065.1303636292507,1691,False,0,unknown,low,no range match
X21,676.3453433089484,89.71424561263974,357.8220747712275,528.2787893969166,630.2842569892823,678.7035834064129,722.0678341680236,815.7881746988194,1108.9333089004965,1691,False,0,unknown,low,no range match
X22,599.4111976990522,164.77903567916394,68.52757024148164,244.21508491031096,529.6687726913561,636.7949960523163,700.7364141400291,811.4094220868765,1061.0056614873754,1691,False,0,unknown,low,no range match
X23,28.758211899227877,4.004295119100462,-0.2651840718962369,22.965523267721846,26.18351307092985,28.53202407997613,31.182700205392756,35.4300300167488,41.268190009412834,1691,False,0,unknown,low,no range match
X24,16.34966809274987,4.928672229978241,-1.2626510453498414,0.7855547015579825,14.677815804285947,16.90431731745357,19.314059886530227,22.146541298650106,30.78986276329029,1691,False,0,unknown,low,no range match
X25,16.050955322859107,3.1102894592394064,-0.4555156572934585,11.497299254975097,13.712599007720025,15.72218197319388,18.33165532576058,21.46622056151415,24.50200735586664,1691,False,0,unknown,low,no range match
X26,13.20197417940869,1.4603469404386422,-0.0202927547758985,10.795042266133965,12.408110462146183,13.36261650333451,14.129190978627125,15.224718002447272,16.922138887265692,1691,False,0,unknown,low,no range match
X27,10.328800270337608,1.3213544218085653,-0.1687518288229701,7.949379074920103,9.637787470832693,10.469008408017762,11.18410677358143,12.204295277677328,14.046313116162649,1691,False,0,unknown,low,no range match
X28,4.7480948446461335,0.6026837415356444,4.321102932516231,4.409204576200267,4.48207525846415,4.54255753755173,4.643546930456171,6.5063827979475075,6.6356754621544205,1691,False,0,final_thickness_mm_1_10,medium,speed: mean=4.7; final-thick: mean=4.7
X29,6.923882503797506,1.099684151622379,4.571095337084991,4.9350038342487865,6.200464710906509,6.877350848475974,7.818246093350766,8.568109118923175,10.253523080818209,1691,False,0,specific_force_kNmm_5_20,medium,spec-force: mean=6.9; speed: mean=6.9; final-thick: mean=6.9
X30,10.047262190660735,2.2429943405014234,4.356227895839388,5.678293094557239,8.700149435227882,10.060734659396823,11.76392820220183,13.484948088402485,14.913640514118493,1691,False,0,specific_force_kNmm_5_20,medium,spec-force: mean=10.0; speed: mean=10.0; final-thick: mean=10.0
X31,13.420493910566545,3.2506262093399743,5.425566043083966,7.416384655574565,10.971581552002716,13.723416433786689,15.85625167827639,18.655356143403402,20.290997291526747,1691,False,0,specific_force_kNmm_5_20,medium,force-MN: mean=13.4; spec-force: mean=13.4
X32,15.907576344175446,3.7899133052175156,6.508389146138192,8.602521180258627,13.306000491777851,16.188751403564847,19.705439147465004,20.36466570523153,24.50859630707589,1691,False,0,specific_force_kNmm_5_20,medium,force-MN: mean=15.9; spec-force: mean=15.9
X33,17.03015625605323,3.68263613708641,6.714073088269505,9.296523833841198,14.79707964911461,18.79588327062425,19.970252168878044,20.499813686685457,25.232161115002608,1691,False,0,specific_force_kNmm_5_20,medium,force-MN: mean=17.0; spec-force: mean=17.0
X34,2380.94500295683,1761.633818744838,0.0,0.0,95.0,3502.0,3856.5,4082.0,4380.0,876,True,0,large_scale_weight_or_length,medium,large: mean=2381
X35,9989475.97161443,6631779.768468002,0.0,0.0,471198.5,13948685.0,14873692.0,15757759.5,17740669.0,1426,True,0,large_scale_weight_or_length,medium,large: mean=9989476
X36,2308.2075694855116,1763.9371471520642,0.0,0.0,115.5,3591.0,3870.5,4081.5,4296.0,880,True,0,large_scale_weight_or_length,medium,large: mean=2308
X37,1683.607924305145,1742.8904479553803,0.0,0.0,50.0,649.0,3761.5,4045.5,4457.0,936,True,0,unknown,low,no range match
X38,700.5056179775281,1267.175953418823,0.0,0.0,0.0,74.0,671.5,3872.5,4155.0,679,True,0,unknown,low,no range match
X39,162.428149024246,11.300006021110843,98.0,152.0,160.0,164.0,169.0,171.0,173.0,49,True,0,integer_categorical_grade_or_code,high,int-cat: n_unique=49
X40,61.87285629804849,3.8167411198455454,56.0,57.0,58.0,62.0,62.0,71.0,72.0,13,True,0,integer_categorical_grade_or_code,high,int-cat: n_unique=13
X41,0.5899468322848357,0.2965202986318825,0.0773521416775794,0.1505082145238455,0.3683647160648277,0.5768965950375978,0.803582974278194,1.1175789922511408,1.377924740541569,1691,False,0,unknown,low,no range match
X42,0.011721365865535127,0.01726279961984683,0.0,0.0,0.00043353490877119996,0.0027432831574901,0.0149263343135626,0.0507082088529061,0.0654489181195952,1346,False,0,unknown,low,no range match
X43,0.2809620216820651,0.06906237406521257,0.0295994390313862,0.1454340744441418,0.24354176930492816,0.2935487434613661,0.33435660300494363,0.36709086918396705,0.4097387979234065,1691,False,0,unknown,low,no range match
X44,0.09045570142605426,0.07289975607857253,0.0,0.0032874503307226003,0.02518478149429555,0.0739632626749912,0.14205638677400945,0.2249998270620251,0.3291083264583408,1638,False,0,unknown,low,no range match
X45,11.08472352028837,25.23027846706365,-89.29860390958146,-26.953218628814668,-1.6288734338877733,8.541338746461134,23.917548814820805,57.199127386575434,120.16965825786303,1691,False,0,unknown,low,no range match
X46,0.0026956426761391788,0.006477455499589634,0.0,0.00016381319890535,0.00096455012859215,0.0016437369754619,0.00227591651556435,0.0052837705524565,0.0645451676493061,1630,False,0,unknown,low,no range match
X47,0.05072789556834541,0.043513125002896655,0.0168332620519177,0.03158436848823035,0.040071635171843145,0.0458571382257056,0.051359194849307996,0.05960496959854596,0.4244053390099271,1691,False,0,unknown,low,no range match
X48,0.007100041571857817,0.012401869082210333,0.0,0.0,0.0,0.0010729884822396,0.0027182081892083,0.033709804973658344,0.0511504164398593,1262,False,0,unknown,low,no range match
X49,0.06443693065064711,0.0509589681382101,0.0,0.005485666510004,0.01584931135158025,0.0602170171868111,0.1070035780316742,0.1463037551159346,0.2495221196725385,1680,False,0,unknown,low,no range match
