feature,importance
poly_X14^2,4.392311693970006
X14,4.30100366321852
X21,3.588310016119249
X18,3.445717022910373
X49,3.3597929668263604
X41,3.0268323383656073
poly_X14_X16,2.7539469528133194
X13_over_X34,2.704676779991489
X23,2.585597012802827
X2,2.5080274227632073
poly_X16^2,2.5035229439067
prev5_defect_rate,2.220762391906797
iso_score,2.0107872618700005
X6,1.9963377014840291
X25,1.934260653408424
poly_X13_minus_X36_X16,1.7435787788276227
X36_lag1,1.7382975272989472
X16,1.7065564180306318
X13_rollmean5,1.6856783269439017
X35,1.634837222795518
poly_X36^2,1.5953042142282206
X32_prod_X8,1.5904272924125444
X15,1.5463035714310036
X31,1.5061571165699361
poly_X13_over_X36_X36,1.4659833854418542
X27,1.451584300095097
X29,1.41276105862136
X13_minus_X36,1.3921335927235126
X9,1.3794098772904788
X7,1.2899811695661083
X43,1.2780572671481625
X32,1.1865026173961983
X42,1.144217247823187
poly_X13_minus_X36^2,1.0903363115389082
X48,1.0809184413962776
X13_over_X36,1.07758826915215
X13_lag1,1.0580462427279085
X34_ratio_X13,1.0514859558160936
X15_sq,1.0457500225093896
poly_X14_X13_minus_X36,1.0246400939255973
X36,0.9943423948163791
row_skew,0.9793660668861351
X38,0.9757104196838192
X15_ratio_X10,0.9544702023757882
X40,0.9451452569384159
X46,0.9342837372222443
X30_over_X35,0.9219516646349444
poly_X36_X16,0.9141338745968811
X36_prod_X42,0.9131007824682466
X36_roll5,0.9047677224881966
X32_sq,0.8972900706912288
poly_X36_X14,0.8184712960604084
X33,0.8172247965091559
X10_lag1,0.8082835134335246
X39,0.7878927018066676
X37,0.7722371487595021
X30,0.7452545496455387
X10_rollmean5,0.7314619607317082
poly_X36_X13_minus_X36,0.725724818036018
X44,0.7008383233411279
poly_X13_over_X36_X16,0.6504159305722181
X15_ratio_X13,0.6438109204779723
c3_over_c2_mean,0.63106016032859
X35_ratio_X13,0.5997139533920326
poly_X13_over_X36^2,0.5821284067880708
poly_X13_over_X36_X13_minus_X36,0.49987201826709887
X32_prod_X33,0.4907735849204571
poly_X13_over_X36_X14,0.4386358309029301
X34,0.4329597233599907
X15_prod_X35,0.2802550257972061
