feature,tp_mean,tp_std,tp_p25,tp_p50,tp_p75,fp_mean,fp_std,fp_p25,fp_p50,fp_p75,tn_mean,tn_std,tn_p25,tn_p50,tn_p75,t_tp_fp,t_abs,p_tp_fp,ks_tp_fp,ks_fp_tn,in_v4
X32,19.627377089371357,1.2052660131245732,19.548571848368468,19.99189115502538,20.23536427734166,17.9494276671335,2.7469228284472225,16.168845093008596,19.51560519394046,19.98421633809682,13.271545801669975,3.2275946131886957,10.82834626834216,13.673925427709994,15.89184834763535,9.218929373445455,9.218929373445455,4.599095729334275e-16,0.3313186813186813,0.577571916138469,False
X15,1.9272622343373673,0.4322977750508707,1.6491116602609035,1.82373473607951,2.112650217166966,2.4777092864192607,1.0306666108521336,1.7506984027967243,2.1317531911691825,2.8759744981681985,4.7706490024456665,2.5436628881409966,2.991501288832331,4.007102384938566,5.479966050055149,-8.305258458345293,8.305258458345293,6.277343726798289e-14,0.30505494505494507,0.5888834714773281,False
X34,433.0923076923077,1099.0304352456094,0.0,0.0,228.0,1644.5585714285714,1827.0545847872052,0.0,220.0,3775.5,3424.331058020478,975.7638145766471,3310.5,3766.5,3926.5,-7.927850280800227,7.927850280800227,3.1704745459751743e-12,0.3391208791208791,0.509161384690395,False
X35,1967545.0923076924,4660787.722967042,0.0,222934.0,573418.0,6911018.83,7034468.196098217,0.0,1035283.0,14366960.25,14393661.631399317,1774974.4506541674,13962416.0,14676046.0,15219961.5,-7.7689730296661015,7.7689730296661015,9.958226284365571e-12,0.3740659340659341,0.5206728425158459,False
X13,1324.2727677006228,246.13411393022875,1151.6829177254529,1340.524890682202,1548.5223865465189,1073.599251533053,339.21469010588953,827.5004810012186,1090.9585609084631,1318.6589981321163,574.4732456186414,245.3642212553346,383.70623753948206,554.034386154156,764.9140762699333,7.570448839588096,7.570448839588096,3.4023972298775583e-11,0.3697802197802198,0.5991955143832277,False
X10,9.71412332787275,1.5006533086219396,8.7451400264614,10.10182185993802,10.692593068760614,8.181957536743825,2.160792465862369,6.774248552106703,8.578395856543041,9.812907832976423,4.972498109667487,1.8933673233954513,3.602829447502305,4.873129711886961,6.481232474108511,7.5378734780642995,7.5378734780642995,3.482794198642588e-11,0.35604395604395606,0.5674158946855192,False
X36,357.87692307692305,908.3557175552894,0.0,42.0,148.0,1296.8385714285714,1598.7085188125602,0.0,211.0,3383.75,3666.9044368600685,758.4097787881411,3718.0,3849.5,3964.5,-7.344329669384006,7.344329669384006,4.569510693319044e-11,0.33582417582417584,0.6715017064846417,True
X33,19.842354437006616,0.8295486412391734,19.68542881172264,19.95374255526801,20.265923682517585,18.875772031170637,2.3404987985125927,18.884041888534654,19.835960064361316,20.12132911305583,14.72552726129381,3.7723531455537587,11.755043693322914,15.145424499869794,17.618184976815947,7.1233095122661565,7.1233095122661565,2.2918998870964174e-11,0.21197802197802199,0.5793905411994149,False
X30,12.321231740123165,1.216190493779101,11.608048459266698,12.53035696320495,13.190115738902678,11.194209956339217,1.7599548675787935,9.932135787304368,11.330027654960498,12.666699498531694,8.538775287570067,1.8468028330486757,7.3332522493140075,8.882041098126304,9.890382870393347,6.836011884064115,6.836011884064115,9.073783383782133e-10,0.3192307692307692,0.5546708922476841,True
X31,16.64928108219859,1.678867725058514,15.755491095076644,16.537371074713526,17.82135308528197,15.154893842204508,2.600460760351326,13.717790271116575,15.501000626996332,16.805559507220597,11.19465285280336,2.5371578699858457,9.554873836284871,11.250228897098896,13.328093123844125,6.4897589940450455,6.4897589940450455,3.847368764629686e-09,0.33516483516483514,0.583008288639688,False
X37,266.53846153846155,730.5997766587711,0.0,64.0,166.0,903.3314285714285,1451.5438316317461,0.0,122.0,933.5,2671.1996587030717,1578.575511509774,816.25,3673.5,3883.0,-6.011251156745494,6.011251156745494,2.105315624666091e-08,0.22428571428571428,0.5188347147732814,True
X42,0.0020584041147370547,0.004432431595881698,0.0,0.0005748207282768,0.0019814154933194,0.0063307846612934695,0.012314727840745172,0.0,0.00157052848524235,0.0056295164427555,0.0185162175211093,0.01985401425172663,0.001665940671317625,0.010701112309236451,0.03608157743799546,-5.931004976567676,5.931004976567676,1.5063043009563867e-08,0.22516483516483515,0.38040955631399315,False
X4,729.2844359483388,11.410252704370679,724.3357581706738,730.2884190699242,736.8176015159546,717.2291655870971,38.6211555853281,720.6967811685325,730.3648950155975,737.3718525820425,659.1669817740348,60.429874871523985,606.4862376212964,623.8234144584283,727.6072825222731,5.929261631041719,5.929261631041719,1.0197736924243923e-08,0.12241758241758242,0.4713164310092638,False
X29,7.897324821838994,0.6384722325716258,7.562665965575089,8.000809428208711,8.34066958010312,7.397946948187248,0.9175665201647503,6.687656716976932,7.454159580159969,8.13811862319271,6.307605351494973,0.9792500492497587,5.638432549574957,6.346660812105773,6.888628074995217,5.776245784090646,5.776245784090646,1.0635040316921009e-07,0.3010989010989011,0.4584690394929303,False
X8,551.6568665238443,10.751772611486121,544.7197017048924,551.4044704750032,559.2495209118755,542.7651895268016,26.439833077871704,538.4798977893222,547.8646007048794,559.079744615417,509.5436822357057,47.11545337491139,462.5968800354021,534.5363738734737,552.4950913805823,5.3356236128934675,5.3356236128934675,3.403771722684339e-07,0.20197802197802198,0.3647586543149683,False
X49,0.03384941625631313,0.03442627605136418,0.010041680448189,0.0192537339610329,0.0565469933108522,0.05825306169904748,0.04770358196266801,0.014643708619186749,0.0566780201787095,0.0787411317002953,0.07520514972096944,0.05354017433723188,0.018428425010409376,0.0690935747396669,0.12329033183539907,-5.264952640091807,5.264952640091807,9.707998604799877e-07,0.2898901098901099,0.230351048269137,True
X41,0.3718629433364681,0.2107335186221206,0.1610679675666049,0.4315624900904015,0.5224143698431687,0.5093970476171226,0.24955351870553097,0.2608609944274865,0.5434868144868589,0.6262908082957388,0.7006039158382951,0.3128325056387609,0.5259035042233272,0.766708364342771,0.8728963721571081,-4.949394787713963,4.949394787713963,3.938573341699689e-06,0.3167032967032967,0.39734763529985373,True
X9,483.8004694274004,7.070204183844122,479.8756231625807,484.6871166452404,488.7026330078075,477.5096094436973,24.75740195905727,478.56321674033774,485.37746506757765,489.65791266831013,440.476197975728,47.50765755463817,396.9196875868796,450.6346463480081,486.67617855242804,4.90537853184341,4.90537853184341,1.6402663034457156e-06,0.1189010989010989,0.40742077035592394,True
X38,115.0,261.8446581467722,0.0,23.0,128.0,328.1642857142857,858.3335087076862,0.0,31.0,145.25,1187.6638225255972,1535.4542593376113,18.75,269.0,1919.25,-4.6435729117496995,4.6435729117496995,5.709915095286744e-06,0.12439560439560439,0.3586933203315456,True
X46,0.0012820398870130847,0.0008540528295479968,0.0006417486023237,0.0012455876130937,0.0020039393278824,0.00199819050394816,0.003060175353613208,0.0008754154549283251,0.00153748527615135,0.0021659112505299748,0.0038031610182431537,0.009440441764900448,0.0010763946434581,0.0018185006412104999,0.002485908763298475,-4.56603379017394,4.56603379017394,7.536464744633938e-06,0.15120879120879122,0.1296782057532911,False
X16,24.572488973316958,2.540556122341141,22.64417511777703,24.953151859025265,26.16529411925505,23.071566912278726,3.455151912561315,20.958720591342022,23.33751182286749,25.352281385267737,22.671951128006835,4.43392717537663,19.622270599836117,22.110918756524725,25.569779897853415,4.400164280095713,4.400164280095713,3.0355806003926175e-05,0.23076923076923078,0.136855192588981,True
X5,666.8795664744437,5.798027685420461,662.291871480993,667.8856627024724,670.5732879320024,661.6574190955355,26.894686814536836,658.1743025669664,663.9007822178673,668.8340301297573,632.0290818053113,38.77289445902996,596.361875662496,631.6828890147312,664.6913583803927,4.193844150588567,4.193844150588567,3.3454815442535404e-05,0.25285714285714284,0.44659190638712826,False
X7,559.6557397990412,19.898196631960744,547.7854917921566,552.9304313028346,558.465888886428,548.181162595459,34.405772250100355,545.1038704055255,550.1076251366351,556.1353213584972,503.33486493518706,47.7045352980965,460.3752250306868,479.03011993575774,550.1083694972408,4.113190543821513,4.113190543821513,7.833400104970585e-05,0.17527472527472526,0.47052169673330085,True
X43,0.3104218676291188,0.05028943616906313,0.2790573082638553,0.3252853049902677,0.346343368978485,0.2862826103551332,0.07037520378818184,0.25153490706980963,0.3017303999455815,0.3386678115164097,0.2721055156803508,0.0664739915381052,0.23320424131279302,0.2784948334260329,0.32682213373276875,3.5597833989782206,3.5597833989782206,0.0005977963508932846,0.1712087912087912,0.1369039492930278,True
X24,18.73059744958038,2.055643311575585,17.228918668408863,18.573524043968103,20.47402014404112,17.758396153401055,3.0777397004438654,15.935397840192753,17.79718850011795,19.807853110303647,14.405691685661036,6.239336773724845,13.102611126209046,15.459627412367208,18.22933330364051,3.4689981563099357,3.4689981563099357,0.0007932636146536305,0.21615384615384614,0.32059970745977573,False
X48,0.0040984124805698565,0.009628069735736022,0.0,0.0009312288968914,0.0019469865894155,0.008538875534995254,0.012999298021396283,3.834994569584998e-05,0.0012559958086248,0.025326616882564174,0.005708262466813528,0.01185015704289122,0.0,0.00090708070798495,0.00219379946816495,-3.4386545597199,3.4386545597199,0.0008982588641473651,0.18516483516483517,0.1242320819112628,True
X18,887.56557016754,6.658117870615312,880.4595457426202,887.5512020853895,893.1511640355307,890.4425183322018,8.104447345969891,887.3271849563342,890.1960838162781,896.3442634534417,891.0042124665725,7.920884533116625,888.0635956034694,889.9937081623349,897.4194616072848,-3.2662244722782137,3.2662244722782137,0.0015875956968933248,0.27604395604395604,0.0872013651877133,True
X45,21.26984237151494,26.030435510293433,4.91582063068873,16.669371569666435,35.99015757469585,11.285216579572099,25.704595556901264,-2.6529528401747378,10.174172346793554,24.719521511190518,10.726269668263374,23.838781086735295,-1.0455758936248944,6.68200327526685,21.643572678474726,2.961316633370977,2.961316633370977,0.004084773246981553,0.1910989010989011,0.08237932715748415,False
X6,642.8282865510894,23.316407856493434,614.4739419202384,655.8670716122498,661.0491732111723,634.1531545185051,37.46916794289445,610.2313449037732,636.3664479639348,661.6777870266517,597.4317782332665,47.45152434415967,555.280220738379,585.1870097618753,648.499952519107,2.6939912911513972,2.6939912911513972,0.008309135899128536,0.19274725274725274,0.466274987810824,True
X44,0.11299902061928131,0.0566561847855292,0.0767252268510141,0.1103855690900084,0.1590389963312068,0.09351942987811912,0.06890507310486176,0.0333013110330697,0.0815209016840027,0.14673971741467967,0.08676849087315826,0.07886479478317264,0.019494449574579773,0.0620308557703488,0.13475912693460929,2.5992164868216103,2.5992164868216103,0.011063669683114962,0.26571428571428574,0.1165772793759142,True
X25,17.268514277643437,2.5523208868570726,15.49383760132458,16.626754400878458,19.656925116476952,16.424017080298338,3.186488324455952,14.156370287830061,16.106465834374845,18.71394149676142,15.546025440550395,3.008308268588173,13.262746372388277,15.202891457231193,17.858496210871223,2.4932590094874976,2.4932590094874976,0.014627020327824359,0.2010989010989011,0.14229644076060458,True
X22,505.4310328818452,176.40615174586367,358.6098834059278,543.042349721026,625.4006856611646,561.5979016809817,182.35254098154735,458.0427521106882,596.5249236557315,684.021866635369,653.352977662527,120.60643605447665,604.1521778830889,672.4651334861974,715.3937404967012,-2.4483883289067725,2.4483883289067725,0.01661673335884128,0.19703296703296702,0.27719648951730863,False
X14,604.1315054210758,22.664499030515664,582.3704098840816,609.5925377269691,625.6582845884786,611.4117765318078,27.217969117583053,590.8756322069544,622.0693595157088,630.7492864254286,585.3876553438138,30.070685357769925,557.2144095766448,579.2236906475448,614.2258472192077,-2.432022255633215,2.432022255633215,0.017188150083541454,0.2634065934065934,0.385007313505607,True
X23,27.13833886964628,2.7661879156634317,25.3284252606464,26.97132066151272,29.30519473542164,27.926321171169423,3.5372644653596654,25.953292520659286,28.120782427683174,29.850764389472292,29.86026631672867,4.409390198049458,26.785653590555953,29.472161852039896,33.74881098187656,-2.1399091180379957,2.1399091180379957,0.03523738962704452,0.16725274725274725,0.28959531935641153,True
X11,33.23076923076923,3.80693951377461,30.0,35.0,36.0,32.214285714285715,3.4267017519462266,30.0,32.0,35.0,32.11945392491467,3.135034515072198,30.0,31.0,35.0,2.076010204508111,2.076010204508111,0.04136935293895146,0.20274725274725275,0.05397854705021941,False
X26,13.463554874928061,1.0924384562601865,12.864615864510968,13.65648210716968,14.212185676707504,13.183096042510869,1.388076626094479,12.458638607948538,13.359986523702958,14.033345275197238,13.214269293617571,1.6178748264126956,12.385945128313049,13.371991808778928,14.285498961572998,1.9301708176941015,1.9301708176941015,0.05694211106587223,0.17362637362637362,0.08096538274012677,False
X1,1056.679750104577,79.01657924872721,1063.3000911237662,1084.782854360369,1097.2847342066216,1038.326117582867,108.58693258491853,1034.7961362313522,1077.9341141697398,1094.8303191640712,1014.7156663085334,109.61362747328337,979.3381760526152,1055.6090930663386,1087.1101193015447,1.7273278460599264,1.7273278460599264,0.08761050803963118,0.13648351648351648,0.20822038030229156,False
X28,4.619255043671313,0.12216713969093114,4.53982680047096,4.617423067138988,4.679881543131023,4.656356665252046,0.4162126267391126,4.492732314179194,4.557384228507326,4.647002342893343,4.8762289171695095,0.7746047347268035,4.467067449582819,4.522160933854904,4.632087494235895,-1.6986096885488082,1.6986096885488082,0.09063813691138994,0.2443956043956044,0.13881033642125792,False
X17,1153.538614641018,15.967874291749071,1142.3906686711975,1155.6704072259083,1163.5315972487438,1156.4978766570514,13.945214107562956,1148.0302330994443,1157.7010039894801,1165.9603149916288,1159.2127065798736,14.626228844584558,1152.2999829159119,1160.0259949489275,1168.178315352192,-1.4438904422956906,1.4438904422956906,0.1530274568760398,0.11912087912087913,0.11631886884446611,False
X12,46.50409135918965,7.258820492601992,41.51863673746319,47.33960543789238,51.27248935523837,47.61870838792619,6.948866739352258,44.28501150377615,47.835698433257924,51.27650283018979,48.87667101025739,12.208397462631462,42.67751319000101,47.84222964637718,54.00724838601637,-1.1884533381953588,1.1884533381953588,0.2383893078822249,0.12626373626373627,0.14497805948317893,False
X27,10.58974685272068,1.1849096264950927,10.045738659578268,10.815526894937342,11.31779704157816,10.424867881416763,1.3456561950005794,9.645805175197893,10.504998328684035,11.293043750739901,10.242763649044363,1.322149961026091,9.633962592604554,10.419608273935713,11.059260580033524,1.060166739836764,1.060166739836764,0.2922534423321407,0.15516483516483517,0.09922476840565578,True
X21,665.2048242792445,71.24492970133721,614.9345549752488,672.527825790713,708.6017239635261,656.4744456635808,94.37197449870901,603.3326596728704,659.3731671112778,703.6669794404037,702.1807814673759,82.18957429765003,658.7796387691473,700.581943116518,737.6963585796632,0.9161351335493697,0.9161351335493697,0.36214769624375887,0.09428571428571429,0.26739639200390053,True
X47,0.048322676297828715,0.0437027344978953,0.037085537487765,0.0438399186541074,0.0490026025673115,0.05348964534636853,0.053694950080492694,0.03998063435702695,0.04569675424029705,0.05168813951243517,0.04810613509978569,0.030440740826965813,0.04024967403249955,0.04591259395339665,0.05147635655828375,-0.89268556629398,0.89268556629398,0.37460492524608646,0.14252747252747253,0.03352023403217942,False
X39,157.6769230769231,11.632534778998746,159.0,160.0,161.0,158.91,12.889390231645319,159.0,161.0,164.0,166.80887372013652,6.9732815922794,165.0,169.0,170.0,-0.8097082006719625,0.8097082006719625,0.4205300162176827,0.24164835164835166,0.6107069722086786,True
X3,538.1925099252487,118.4953519999314,455.0345220631761,546.98763444492,640.8341297659025,526.3522374511206,144.91296487718793,433.5465863771937,539.950140166342,619.4816307017916,552.6441707834073,123.51838736412964,448.2621257928006,556.3384136845493,645.1374632091031,0.7548816020726148,0.7548816020726148,0.45246020118334074,0.1267032967032967,0.11177961969770843,False
X20,562.7691144631098,129.57305342374127,469.3361129231774,551.1365228330488,657.616537697213,553.5390468458024,124.7086472175299,479.25839730633214,567.1641152031593,643.1958306279265,593.03628672125,120.44469074594689,510.4240605420551,588.3258726886726,680.0172029358432,0.5510979085902836,0.5510979085902836,0.5831952424257754,0.09604395604395605,0.12737201365187714,False
X2,515.6789951938719,207.17604425199758,383.59062839556833,501.61157007309015,645.8552904905092,530.0180934350923,231.0921838329721,364.81453379781556,535.0051305289262,680.2194786838254,636.1062865761976,222.15155564258387,509.6294250397826,645.1328500770892,787.7013256535731,-0.5283208305529872,0.5283208305529872,0.5987475937446374,0.08219780219780219,0.21771818625060946,True
X40,60.76923076923077,2.7543671617158196,57.0,62.0,62.0,60.582857142857144,3.196966168639465,57.0,62.0,62.0,63.54778156996587,4.005372911998654,62.0,62.0,67.0,0.514309175034886,0.514309175034886,0.6084380180377896,0.08615384615384615,0.2778839590443686,True
X19,1308.0839424791614,112.69351226890004,1263.5907561547667,1273.9492530659556,1372.2193422601176,1310.861857583545,114.86765820546579,1259.509559409005,1273.2859461882324,1299.7119433168093,1420.042576576041,151.2408036225957,1269.8984486949396,1484.67526211472,1544.4935792649885,-0.1897917994984842,0.1897917994984842,0.8499725017866454,0.09340659340659341,0.3550414431984398,False
