feature,t_abs,t_tp_hfp,ks_tp_hfp,tp_mean,hfp_mean
X14,5.021711010278795,-5.021711010278795,0.37525987525987525,604.1315054210758,619.2859613714841
X49,4.400265193437243,-4.400265193437243,0.3141372141372141,0.03384941625631313,0.05505226059144986
X41,3.735914010926315,-3.735914010926315,0.3076923076923077,0.3718629433364681,0.477076637789476
X46,3.594699622754259,-3.594699622754259,0.16340956340956342,0.0012820398870130847,0.0018573484902417586
X48,3.5298534628823135,-3.5298534628823135,0.21663201663201664,0.0040984124805698565,0.008935636863533197
X18,2.527819523972824,-2.527819523972824,0.262993762993763,887.56557016754,889.8945304927473
X21,2.4380827455127583,2.4380827455127583,0.141995841995842,665.2048242792445,640.8065448291973
X40,2.381805820683122,2.381805820683122,0.16985446985446986,60.76923076923077,59.88108108108108
X42,2.324852727059864,-2.324852727059864,0.14906444906444907,0.0020584041147370547,0.0036969669655573774
X45,1.8085630684927356,1.8085630684927356,0.15592515592515593,21.26984237151494,15.04265792624475
X9,1.757841223905496,-1.757841223905496,0.17193347193347194,483.8004694274004,485.4714198676334
X16,1.7105766654129064,1.7105766654129064,0.15135135135135136,24.572488973316958,23.986458911021582
X11,1.6163946859724303,1.6163946859724303,0.179002079002079,33.23076923076923,32.41621621621621
X6,1.5070589421092733,1.5070589421092733,0.16943866943866945,642.8282865510894,637.9595513771905
X23,1.4247306115081027,-1.4247306115081027,0.17234927234927236,27.13833886964628,27.669751391529644
X19,1.4011350756800256,1.4011350756800256,0.18066528066528068,1308.0839424791614,1287.5134392042091
X8,1.3621845706476574,1.3621845706476574,0.15093555093555094,551.6568665238443,549.6358301959315
X7,1.3572609196817227,1.3572609196817227,0.15072765072765074,559.6557397990412,556.0583211750778
X5,1.2698277580496504,1.2698277580496504,0.24054054054054055,666.8795664744437,665.6612472187619
X10,1.2519146262466379,1.2519146262466379,0.19272349272349273,9.71412332787275,9.464417393848544
X38,1.1862309698768791,1.1862309698768791,0.09230769230769231,115.0,74.96486486486486
X4,1.1697069797370103,-1.1697069797370103,0.10852390852390853,729.2844359483388,731.0801791404919
X13,1.1228800910874472,1.1228800910874472,0.1600831600831601,1324.2727677006228,1287.5488601195311
X26,1.037425437181057,1.037425437181057,0.1604989604989605,13.463554874928061,13.310521671923576
X35,0.8672858202757935,-0.8672858202757935,0.08835758835758836,1967545.0923076924,2522164.8324324326
X47,0.7862315818050156,-0.7862315818050156,0.14241164241164242,0.048322676297828715,0.053101799157105355
X12,0.7341247803962839,-0.7341247803962839,0.15093555093555094,46.50409135918965,47.19807602564974
X1,0.6975929150190563,-0.6975929150190563,0.06798336798336799,1056.679750104577,1063.9782943668101
X28,0.6460697051045277,0.6460697051045277,0.16153846153846155,4.619255043671313,4.607708860253301
X32,0.6272174289487009,0.6272174289487009,0.15155925155925157,19.627377089371357,19.523811855562922
X3,0.6175848202998714,0.6175848202998714,0.12411642411642412,538.1925099252487,527.9846254455305
X17,0.5978763623191257,-0.5978763623191257,0.09667359667359668,1153.538614641018,1154.7961493471978
X36,0.5475722798944125,0.5475722798944125,0.053222453222453225,357.87692307692305,292.72972972972974
X39,0.46375417113300427,0.46375417113300427,0.059251559251559255,157.6769230769231,156.94054054054055
X33,0.4094068426135018,-0.4094068426135018,0.09542619542619543,19.842354437006616,19.888284910696093
X44,0.38883395825065464,0.38883395825065464,0.11891891891891893,0.11299902061928131,0.10998863173381414
X27,0.3492369240240755,0.3492369240240755,0.14095634095634096,10.58974685272068,10.53377745268129
X37,0.3103104992712871,0.3103104992712871,0.10103950103950105,266.53846153846155,236.3918918918919
X24,0.2913147338096897,0.2913147338096897,0.0841995841995842,18.73059744958038,18.647979343935017
X2,0.2810294296984912,-0.2810294296984912,0.08981288981288982,515.6789951938719,523.5975105596425
X30,0.2748997333921819,0.2748997333921819,0.06548856548856549,12.321231740123165,12.276327423385125
X22,0.24883902963637333,-0.24883902963637333,0.104989604989605,505.4310328818452,511.4277676506033
X43,0.24479152412683478,-0.24479152412683478,0.0891891891891892,0.3104218676291188,0.31209011690468424
X34,0.20858505337475677,-0.20858505337475677,0.13762993762993764,433.0923076923077,464.02702702702703
X31,0.20319633600825346,-0.20319633600825346,0.06694386694386695,16.64928108219859,16.69556117421387
X29,0.053499645311718594,0.053499645311718594,0.08835758835758836,7.897324821838994,7.892695311416758
X15,0.04001911756846508,-0.04001911756846508,0.07234927234927235,1.9272622343373673,1.9296073221246166
X20,0.020380778055454993,0.020380778055454993,0.10166320166320167,562.7691144631098,562.4193643245147
X25,0.019492879848694973,0.019492879848694973,0.09106029106029107,17.268514277643437,17.2616695324022
