feature,op,c1,c2,t_tp_fp,t_abs,p,ks_tp_fp,in_v6
X32_prod_X8,prod,X32,X8,9.739099488173014,9.739099488173014,8.16542030029523e-18,0.3293406593406593,False
X35_ratio_X13,ratio,X35,X13,-9.61242077471287,9.61242077471287,3.967127665691811e-17,0.38758241758241757,False
X32_prod_X4,prod,X32,X4,9.553540782419025,9.553540782419025,2.1281662341885626e-17,0.3298901098901099,False
X15_prod_X35,prod,X15,X35,-9.528680033829676,9.528680033829676,1.9592062683216177e-16,0.39153846153846156,False
X15_ratio_X10,ratio,X15,X10,-9.528443352936145,9.528443352936145,7.729407679022977e-19,0.32681318681318683,False
X32_diff_X15,diff,X32,X15,9.52321807390899,9.52321807390899,4.802300603882178e-17,0.33989010989010987,False
X15_ratio_X13,ratio,X15,X13,-9.472300277283253,9.472300277283253,2.382144876525944e-19,0.3505494505494505,False
X35_prod_X42,prod,X35,X42,-9.454219919522021,9.454219919522021,3.9191308500008653e-20,0.3537362637362637,False
X15_sq,sq,X15,,-9.272159645472552,9.272159645472552,4.582648224763686e-18,0.30505494505494507,False
X15_cu,cu,X15,,-9.266508614040694,9.266508614040694,3.228995212588408e-19,0.30505494505494507,False
X35_ratio_X10,ratio,X35,X10,-9.246492537356245,9.246492537356245,1.0269802914807122e-15,0.38186813186813184,False
X32_diff_X42,diff,X32,X42,9.239537330702282,9.239537330702282,4.0419530084726225e-16,0.3313186813186813,False
X15_ratio_X31,ratio,X15,X31,-9.20122821813832,9.20122821813832,4.9429846288286224e-17,0.30263736263736263,False
X15_ratio_X30,ratio,X15,X30,-9.149137030320968,9.149137030320968,1.1932843533747553e-16,0.3069230769230769,False
X15_ratio_X4,ratio,X15,X4,-9.066357410888417,9.066357410888417,1.2602760539884988e-16,0.303956043956044,False
X15_ratio_X33,ratio,X15,X33,-9.027733506728188,9.027733506728188,5.018496914979908e-17,0.3047252747252747,False
X15_prod_X34,prod,X15,X34,-9.004864335153027,9.004864335153027,3.0064748170578297e-15,0.3391208791208791,False
X34_ratio_X13,ratio,X34,X13,-8.98961380317579,8.98961380317579,2.2388301142147786e-15,0.3391208791208791,False
X15_ratio_X8,ratio,X15,X8,-8.920225312396498,8.920225312396498,4.3003505535686227e-16,0.31076923076923074,False
X32_sq,sq,X32,,8.864648818445229,8.864648818445229,6.88402726518581e-15,0.3313186813186813,False
X15_ratio_X29,ratio,X15,X29,-8.82203937127994,8.82203937127994,1.9191075968347364e-15,0.30846153846153845,False
X15_prod_X36,prod,X15,X36,-8.673439606406088,8.673439606406088,1.0962423366361102e-14,0.3468131868131868,False
X36_prod_X42,prod,X36,X42,-8.644032281465117,8.644032281465117,3.2547996832108465e-17,0.3312087912087912,False
X32_prod_X33,prod,X32,X33,8.643472211885602,8.643472211885602,8.564088027224121e-15,0.31846153846153846,False
X35_ratio_X33,ratio,X35,X33,-8.582573699717571,8.582573699717571,1.0115597802557149e-13,0.37263736263736263,False
X34_prod_X35,prod,X34,X35,-8.569951055431444,8.569951055431444,7.982105014019845e-14,0.3402197802197802,False
X34_ratio_X10,ratio,X34,X10,-8.5360703141294,8.5360703141294,5.964030918072921e-14,0.3391208791208791,False
X32_diff_X29,diff,X32,X29,8.519754561817521,8.519754561817521,2.7319647591178393e-14,0.3298901098901099,False
X32_cu,cu,X32,,8.518065110804951,8.518065110804951,7.011282641080709e-14,0.3313186813186813,False
X35_ratio_X31,ratio,X35,X31,-8.458971841783203,8.458971841783203,2.133338293924573e-13,0.3712087912087912,False
X34_ratio_X31,ratio,X34,X31,-8.397844423185697,8.397844423185697,2.0063380719599816e-13,0.3391208791208791,False
X34_ratio_X33,ratio,X34,X33,-8.397173077382401,8.397173077382401,1.941768062976507e-13,0.3391208791208791,False
X35_ratio_X30,ratio,X35,X30,-8.383642090249575,8.383642090249575,3.368267262486682e-13,0.372967032967033,False
X34_ratio_X4,ratio,X34,X4,-8.380280692996314,8.380280692996314,2.481618414546645e-13,0.3391208791208791,False
X34_diff_X13,diff,X34,X13,-8.342493160489564,8.342493160489564,4.122589004045767e-13,0.37461538461538463,False
X34_ratio_X30,ratio,X34,X30,-8.308675110094704,8.308675110094704,3.5263801641235317e-13,0.3391208791208791,False
X34_prod_X42,prod,X34,X42,-8.285233062000815,8.285233062000815,5.59934862519709e-16,0.30065934065934063,False
X15_diff_X42,diff,X15,X42,-8.250135025197249,8.250135025197249,8.833414868661044e-14,0.3021978021978022,False
X34_ratio_X8,ratio,X34,X8,-8.248111155129331,8.248111155129331,5.256967309731948e-13,0.3391208791208791,False
X35_ratio_X4,ratio,X35,X4,-8.216157177548007,8.216157177548007,9.041308853536234e-13,0.3697802197802198,False
X32_prod_X10,prod,X32,X10,8.20233216687536,8.20233216687536,1.1537651251712287e-12,0.34934065934065933,False
X15_diff_X33,diff,X15,X33,-8.19845684471622,8.19845684471622,3.6281848398799145e-14,0.2764835164835165,False
X34_ratio_X29,ratio,X34,X29,-8.16310477256235,8.16310477256235,8.224690495472099e-13,0.3391208791208791,False
X15_diff_X10,diff,X15,X10,-8.124391981960546,8.124391981960546,1.1746841540434353e-12,0.33076923076923076,False
X35_ratio_X8,ratio,X35,X8,-8.0852539537616,8.0852539537616,1.837899311748324e-12,0.3740659340659341,False
X36_ratio_X31,ratio,X36,X31,-8.080843246455405,8.080843246455405,6.330815365585777e-13,0.3421978021978022,False
X32_ratio_X4,ratio,X32,X4,8.064890498158384,8.064890498158384,8.554985438462963e-13,0.38043956043956045,False
X32_prod_X30,prod,X32,X30,8.033899663994678,8.033899663994678,1.6868676083866058e-12,0.3607692307692308,False
X34_diff_X4,diff,X34,X4,-8.005550076514908,8.005550076514908,2.076230560607645e-12,0.3391208791208791,False
X32_prod_X13,prod,X32,X13,8.00305438693175,8.00305438693175,3.852088224073255e-12,0.3512087912087912,False
X13_diff_X36,diff,X13,X36,8.001539943149606,8.001539943149606,1.820786055705327e-12,0.3757142857142857,False
X35_ratio_X29,ratio,X35,X29,-7.989805188788282,7.989805188788282,3.0017094710102113e-12,0.3740659340659341,False
X36_ratio_X33,ratio,X36,X33,-7.9819967339092335,7.9819967339092335,1.0914161835101525e-12,0.3401098901098901,False
X34_diff_X8,diff,X34,X8,-7.980687918369663,7.980687918369663,2.4000157326047912e-12,0.3391208791208791,False
X15_prod_X42,prod,X15,X42,-7.939409355427918,7.939409355427918,1.1865048971347959e-14,0.2443956043956044,False
X32_diff_X34,diff,X32,X34,7.932481405600194,7.932481405600194,3.0952544816316923e-12,0.3391208791208791,False
X34_diff_X10,diff,X34,X10,-7.9308872398896035,7.9308872398896035,3.1237286299517524e-12,0.3391208791208791,False
X34_diff_X31,diff,X34,X31,-7.9305848971983055,7.9305848971983055,3.1264454903359286e-12,0.3391208791208791,False
X34_diff_X33,diff,X34,X33,-7.9304101182235724,7.9304101182235724,3.127716003074867e-12,0.3391208791208791,False
X34_diff_X30,diff,X34,X30,-7.930108858598569,7.930108858598569,3.1348089539412683e-12,0.3391208791208791,False
X34_diff_X29,diff,X34,X29,-7.9286852656644955,7.9286852656644955,3.157282792100821e-12,0.3391208791208791,False
X34_diff_X42,diff,X34,X42,-7.927826020381071,7.927826020381071,3.1708669596952406e-12,0.3391208791208791,False
X15_diff_X34,diff,X15,X34,7.926345788268725,7.926345788268725,3.1956190447019804e-12,0.3391208791208791,False
X36_ratio_X30,ratio,X36,X30,-7.910486105157892,7.910486105157892,1.7509833810071403e-12,0.3415384615384615,False
X13_prod_X8,prod,X13,X8,7.842074542952707,7.842074542952707,8.3806499659119e-12,0.3647252747252747,False
X10_prod_X33,prod,X10,X33,7.830001007821038,7.830001007821038,6.184133851161656e-12,0.34505494505494505,False
X34_sq,sq,X34,,-7.82631939445015,7.82631939445015,5.118646360838685e-12,0.3391208791208791,False
X10_prod_X4,prod,X10,X4,7.816219475207769,7.816219475207769,7.539326136379084e-12,0.3392307692307692,False
X13_prod_X33,prod,X13,X33,7.803802442755114,7.803802442755114,8.849960366695704e-12,0.36406593406593407,False
X33_prod_X4,prod,X33,X4,7.778944647633971,7.778944647633971,2.0761862687613031e-13,0.23065934065934066,False
X32_ratio_X8,ratio,X32,X8,7.772772256692811,7.772772256692811,3.924087235156058e-12,0.3202197802197802,False
X35_diff_X13,diff,X35,X13,-7.769123327244064,7.769123327244064,9.950846057681211e-12,0.3740659340659341,False
X35_diff_X4,diff,X35,X4,-7.768991761714311,7.768991761714311,9.957250845139524e-12,0.3740659340659341,False
X35_diff_X8,diff,X35,X8,-7.7689854473825335,7.7689854473825335,9.957595020779354e-12,0.3740659340659341,False
X32_diff_X35,diff,X32,X35,7.768974074952842,7.768974074952842,9.958172739912703e-12,0.3740659340659341,False
X35_diff_X10,diff,X35,X10,-7.768973956539809,7.768973956539809,9.958180890998351e-12,0.3740659340659341,False
X35_diff_X33,diff,X35,X33,-7.768973835484094,7.768973835484094,9.958184720266834e-12,0.3740659340659341,False
X35_diff_X31,diff,X35,X31,-7.768973559865068,7.768973559865068,9.958199191598302e-12,0.3740659340659341,False
X35_diff_X30,diff,X35,X30,-7.768973470632485,7.768973470632485,9.958204169785029e-12,0.3740659340659341,False
X35_diff_X29,diff,X35,X29,-7.768973121483012,7.768973121483012,9.958221689267911e-12,0.3740659340659341,False
X35_diff_X42,diff,X35,X42,-7.768973023351302,7.768973023351302,9.958226601512783e-12,0.3740659340659341,False
X15_diff_X35,diff,X15,X35,7.768972632276382,7.768972632276382,9.958246739403735e-12,0.3740659340659341,False
X35_diff_X37,diff,X35,X37,-7.76877594704448,7.76877594704448,9.968097857768888e-12,0.3740659340659341,False
X35_diff_X36,diff,X35,X36,-7.768554862229613,7.768554862229613,9.978978147507675e-12,0.3740659340659341,False
X34_diff_X35,diff,X34,X35,7.768420040166,7.768420040166,9.98643783479452e-12,0.3740659340659341,False
X36_ratio_X4,ratio,X36,X4,-7.753239976169366,7.753239976169366,4.68749932738683e-12,0.33725274725274723,False
X15_diff_X30,diff,X15,X30,-7.749432464279527,7.749432464279527,6.951188854001294e-12,0.33604395604395604,False
X35_prod_X36,prod,X35,X36,-7.731593903109392,7.731593903109392,4.664069568871397e-12,0.3383516483516483,False
X33_prod_X8,prod,X33,X8,7.729952807021993,7.729952807021993,4.2793932433983107e-13,0.24373626373626373,False
X36_ratio_X29,ratio,X36,X29,-7.6909303778240785,7.6909303778240785,6.500404885496211e-12,0.33824175824175823,False
X34_prod_X29,prod,X34,X29,-7.68787572163014,7.68787572163014,1.1042666472346943e-11,0.3391208791208791,False
X32_prod_X29,prod,X32,X29,7.686650590011411,7.686650590011411,8.459692413963094e-12,0.35505494505494506,False
X35_sq,sq,X35,,-7.685236872973926,7.685236872973926,1.474015905379427e-11,0.3740659340659341,False
X34_cu,cu,X34,,-7.673661558596763,7.673661558596763,1.0763108319781659e-11,0.3391208791208791,False
X13_prod_X4,prod,X13,X4,7.670736745219278,7.670736745219278,1.945934003757913e-11,0.3601098901098901,False
X32_prod_X31,prod,X32,X31,7.661978106953078,7.661978106953078,9.995839788519693e-12,0.32362637362637364,False
X36_ratio_X8,ratio,X36,X8,-7.655559065022983,7.655559065022983,8.165834030590949e-12,0.3425274725274725,False
X34_prod_X8,prod,X34,X8,-7.633130494472571,7.633130494472571,1.5202918716310946e-11,0.3391208791208791,False
X10_prod_X8,prod,X10,X8,7.608152618399338,7.608152618399338,2.3127315688395884e-11,0.3313186813186813,False
X15_diff_X29,diff,X15,X29,-7.606392520233906,7.606392520233906,1.0832242637111294e-11,0.32956043956043957,False
X15_diff_X13,diff,X15,X13,-7.5757203845273,7.5757203845273,3.3082920376478036e-11,0.3697802197802198,False
X13_diff_X42,diff,X13,X42,7.570561302744151,7.570561302744151,3.4005120052248186e-11,0.3697802197802198,False
X13_diff_X29,diff,X13,X29,7.570317018438496,7.570317018438496,3.4060988093215376e-11,0.3697802197802198,False
X13_diff_X31,diff,X13,X31,7.569615135222364,7.569615135222364,3.429977457193808e-11,0.3697802197802198,False
X35_prod_X29,prod,X35,X29,-7.56801006878489,7.56801006878489,2.6869046015819518e-11,0.3712087912087912,False
X13_diff_X30,diff,X13,X30,7.5671164930098165,7.5671164930098165,3.462382422086837e-11,0.3697802197802198,False
X13_diff_X10,diff,X13,X10,7.561907951424973,7.561907951424973,3.552045376166914e-11,0.3697802197802198,False
X10_diff_X42,diff,X10,X42,7.556616382888677,7.556616382888677,3.172884423141876e-11,0.35318681318681316,False
X13_diff_X33,diff,X13,X33,7.555860237276473,7.555860237276473,3.6818149568077317e-11,0.3712087912087912,False
X15_prod_X8,prod,X15,X8,-7.552204529045547,7.552204529045547,9.006494812107632e-12,0.31043956043956045,False
X32_diff_X13,diff,X32,X13,-7.549012652361007,7.549012652361007,3.799493899245261e-11,0.3697802197802198,False
X35_cu,cu,X35,,-7.535831830296553,7.535831830296553,2.9709300175107056e-11,0.3740659340659341,False
X34_prod_X4,prod,X34,X4,-7.516785322383509,7.516785322383509,2.782784525191843e-11,0.3391208791208791,False
X34_prod_X30,prod,X34,X30,-7.5148150570618215,7.5148150570618215,2.7176950910358874e-11,0.3391208791208791,False
X32_ratio_X13,ratio,X32,X13,-7.504774242483294,7.504774242483294,1.4363573666650214e-11,0.3078021978021978,False
X13_ratio_X31,ratio,X13,X31,7.493527014284901,7.493527014284901,5.127937413770249e-11,0.33384615384615385,False
X35_prod_X8,prod,X35,X8,-7.48049132287902,7.48049132287902,4.3215598577436134e-11,0.3697802197802198,False
X33_prod_X30,prod,X33,X30,7.475343533027126,7.475343533027126,2.2484895870349086e-11,0.34285714285714286,False
X13_ratio_X29,ratio,X13,X29,7.468239545177667,7.468239545177667,4.6262437785447905e-11,0.33516483516483514,False
X34_prod_X33,prod,X34,X33,-7.455032284794849,7.455032284794849,3.613457524285255e-11,0.3391208791208791,False
X30_prod_X8,prod,X30,X8,7.437942063323681,7.437942063323681,4.1178232579181e-11,0.3168131868131868,False
X36_diff_X4,diff,X36,X4,-7.435892221219943,7.435892221219943,2.8055839029480252e-11,0.34934065934065933,False
X15_prod_X37,prod,X15,X37,-7.414136216941918,7.414136216941918,4.661339120156316e-12,0.23483516483516484,False
X34_prod_X31,prod,X34,X31,-7.4133420991026995,7.4133420991026995,4.537960236683903e-11,0.3391208791208791,False
X36_diff_X8,diff,X36,X8,-7.4102009218098335,7.4102009218098335,3.247801516053635e-11,0.34824175824175824,False
X15_prod_X4,prod,X15,X4,-7.406231201046093,7.406231201046093,2.123896834936671e-11,0.2996703296703297,False
X13_ratio_X4,ratio,X13,X4,7.370787311461175,7.370787311461175,9.487223423302304e-11,0.3626373626373626,False
X35_prod_X4,prod,X35,X4,-7.366910822667522,7.366910822667522,7.628942349858958e-11,0.3740659340659341,False
X32_diff_X36,diff,X32,X36,7.351598493447428,7.351598493447428,4.404837424007331e-11,0.33725274725274723,False
X10_diff_X36,diff,X10,X36,7.349473794091605,7.349473794091605,4.456162272683909e-11,0.33681318681318684,False
X36_diff_X31,diff,X36,X31,-7.349279206468001,7.349279206468001,4.45846286537083e-11,0.33681318681318684,False
X36_diff_X33,diff,X36,X33,-7.348624990832263,7.348624990832263,4.4702656495264465e-11,0.33725274725274723,False
X36_diff_X30,diff,X36,X30,-7.348077967253784,7.348077967253784,4.486774655032614e-11,0.33681318681318684,False
X36_diff_X29,diff,X36,X29,-7.345918870516791,7.345918870516791,4.5347121540465494e-11,0.33681318681318684,False
X36_diff_X42,diff,X36,X42,-7.344298590579549,7.344298590579549,4.570243449095496e-11,0.33582417582417584,False
X15_diff_X36,diff,X15,X36,7.342089285457885,7.342089285457885,4.6217360761241856e-11,0.33582417582417584,False
log_X15,log,X15,,-7.339825964730033,7.339825964730033,4.019663161844732e-11,0.30505494505494507,False
X15_diff_X31,diff,X15,X31,-7.303877954041146,7.303877954041146,5.689722984420227e-11,0.3168131868131868,False
X10_ratio_X8,ratio,X10,X8,7.301885905120015,7.301885905120015,1.1733225854290668e-10,0.35285714285714287,False
X13_diff_X8,diff,X13,X8,7.30071445285867,7.30071445285867,1.3362607077939103e-10,0.3854945054945055,False
X4_prod_X8,prod,X4,X8,7.294010297864399,7.294010297864399,2.0289176466179703e-12,0.19538461538461538,False
X13_diff_X4,diff,X13,X4,7.290738795810392,7.290738795810392,1.4424482441022583e-10,0.3654945054945055,False
X30_prod_X4,prod,X30,X4,7.2597468201472575,7.2597468201472575,9.077665552344316e-11,0.31241758241758244,False
X13_prod_X10,prod,X13,X10,7.250727720155537,7.250727720155537,1.9443968892355897e-10,0.36120879120879124,False
X34_prod_X10,prod,X34,X10,-7.225326746200111,7.225326746200111,1.0602098830941053e-10,0.33197802197802195,False
X35_prod_X30,prod,X35,X30,-7.205093551311475,7.205093551311475,1.6483271326978943e-10,0.37263736263736263,False
X37_prod_X42,prod,X37,X42,-7.202706073868157,7.202706073868157,1.4319965187072378e-12,0.25153846153846154,False
X10_prod_X30,prod,X10,X30,7.196949479886177,7.196949479886177,2.2030639331717314e-10,0.3431868131868132,False
X13_ratio_X8,ratio,X13,X8,7.187407497623504,7.187407497623504,2.2644956052899227e-10,0.3854945054945055,False
X13_diff_X37,diff,X13,X37,7.162288010088905,7.162288010088905,7.628368281248895e-11,0.310989010989011,False
X35_prod_X31,prod,X35,X31,-7.156102677980565,7.156102677980565,2.049355210184131e-10,0.3740659340659341,False
X32_prod_X34,prod,X32,X34,-7.150638703583988,7.150638703583988,1.7394729018193647e-10,0.3391208791208791,False
X33_diff_X42,diff,X33,X42,7.149755848016737,7.149755848016737,1.9622709976324036e-11,0.21197802197802199,False
X33_prod_X31,prod,X33,X31,7.126852646766599,7.126852646766599,1.071786643820002e-10,0.33978021978021977,False
X10_ratio_X4,ratio,X10,X4,7.117339897432665,7.117339897432665,2.9713064145733765e-10,0.3346153846153846,False
X13_prod_X30,prod,X13,X30,7.117169716510447,7.117169716510447,3.3256371140608407e-10,0.37263736263736263,False
X30_diff_X29,diff,X30,X29,7.094552988057241,7.094552988057241,2.723973631264869e-10,0.3142857142857143,False
X10_prod_X29,prod,X10,X29,7.092034878975882,7.092034878975882,3.507690492173438e-10,0.34516483516483515,False
X13_ratio_X30,ratio,X13,X30,7.081444095781619,7.081444095781619,2.9299286342802527e-10,0.3191208791208791,False
X36_sq,sq,X36,,-7.074442608549776,7.074442608549776,1.302723436797296e-10,0.33582417582417584,False
X13_prod_X29,prod,X13,X29,7.069092780773095,7.069092780773095,4.043071975312038e-10,0.3569230769230769,False
X36_prod_X8,prod,X36,X8,-7.060925978715382,7.060925978715382,2.0186380309263732e-10,0.3353846153846154,False
X35_prod_X33,prod,X35,X33,-7.051928814144437,7.051928814144437,3.4153888560458454e-10,0.37549450549450547,False
X36_prod_X29,prod,X36,X29,-7.041000560394064,7.041000560394064,2.129069930749797e-10,0.33901098901098903,False
X31_prod_X8,prod,X31,X8,7.029717657850768,7.029717657850768,2.448019513178671e-10,0.33802197802197803,False
X36_prod_X4,prod,X36,X4,-6.971908259970164,6.971908259970164,3.2132656943335e-10,0.33824175824175823,False
X36_cu,cu,X36,,-6.9681112402933865,6.9681112402933865,1.7837009565507828e-10,0.33582417582417584,False
X10_prod_X31,prod,X10,X31,6.955902084025178,6.955902084025178,6.209650969826882e-10,0.3221978021978022,False
X33_prod_X29,prod,X33,X29,6.9206608878675,6.9206608878675,2.93034264228006e-10,0.31065934065934064,False
X13_ratio_X33,ratio,X13,X33,6.912084544842532,6.912084544842532,9.398330519292075e-10,0.36945054945054945,False
X10_sq,sq,X10,,6.881939559725493,6.881939559725493,1.059492193449528e-09,0.35604395604395606,False
X31_prod_X4,prod,X31,X4,6.868814446564595,6.868814446564595,5.034356089496646e-10,0.3176923076923077,False
X34_prod_X36,prod,X34,X36,-6.863816768947272,6.863816768947272,5.067413099554059e-10,0.3212087912087912,False
X42_cu,cu,X42,,-6.860562903014795,6.860562903014795,1.4236330497092507e-11,0.22516483516483515,False
X30_diff_X42,diff,X30,X42,6.858981130983645,6.858981130983645,8.137105738355138e-10,0.3192307692307692,False
X13_prod_X31,prod,X13,X31,6.836144893432714,6.836144893432714,1.1564262144700586e-09,0.382967032967033,False
X32_prod_X35,prod,X32,X35,-6.83485609580677,6.83485609580677,9.88801140121602e-10,0.3697802197802198,False
X36_prod_X30,prod,X36,X30,-6.8311039267030065,6.8311039267030065,6.284650726579883e-10,0.33582417582417584,False
X13_sq,sq,X13,,6.77239489676045,6.77239489676045,1.8959599024666585e-09,0.3697802197802198,False
X36_prod_X33,prod,X36,X33,-6.750008360080507,6.750008360080507,9.3970509095218e-10,0.3343956043956044,False
X15_prod_X29,prod,X15,X29,-6.7360400716868165,6.7360400716868165,4.48598703889537e-10,0.22846153846153847,False
X33_sq,sq,X33,,6.712758647442873,6.712758647442873,3.0389547712867446e-10,0.21197802197802199,False
X10_diff_X29,diff,X10,X29,6.689031454545905,6.689031454545905,1.8418480163909283e-09,0.30846153846153845,False
X36_prod_X37,prod,X36,X37,-6.677870456758665,6.677870456758665,5.280874499511946e-10,0.27186813186813186,False
X34_prod_X13,prod,X34,X13,-6.6683497422980915,6.6683497422980915,1.7076490071776957e-09,0.3291208791208791,False
X36_prod_X31,prod,X36,X31,-6.654622180101306,6.654622180101306,1.5321155686485854e-09,0.3386813186813187,False
X29_prod_X8,prod,X29,X8,6.640254146653027,6.640254146653027,1.7437746443396143e-09,0.3331868131868132,False
X42_sq,sq,X42,,-6.637901729612433,6.637901729612433,7.178771835241156e-11,0.22516483516483515,False
X10_ratio_X29,ratio,X10,X29,6.635628246071645,6.635628246071645,2.0131771153575355e-09,0.29494505494505496,False
X42_ratio_X29,ratio,X42,X29,-6.602510577910275,6.602510577910275,2.7766436567037613e-10,0.24593406593406594,False
X10_ratio_X33,ratio,X10,X33,6.584989212497992,6.584989212497992,4.080121444641626e-09,0.3342857142857143,False
X32_ratio_X33,ratio,X32,X33,6.543210757548744,6.543210757548744,3.1362023886125022e-09,0.27626373626373624,False
X32_ratio_X15,ratio,X32,X15,6.5299526119533375,6.5299526119533375,3.9849711578119745e-09,0.3208791208791209,False
X15_prod_X33,prod,X15,X33,-6.512449360569568,6.512449360569568,2.675550767401654e-09,0.2936263736263736,False
X31_diff_X42,diff,X31,X42,6.5061186714626915,6.5061186714626915,3.5602229662582867e-09,0.33802197802197803,False
X37_ratio_X4,ratio,X37,X4,-6.462548170003749,6.462548170003749,1.8960395304929225e-09,0.22934065934065934,False
X32_prod_X36,prod,X32,X36,-6.428306487179355,6.428306487179355,4.696231409812717e-09,0.33153846153846156,False
X30_ratio_X29,ratio,X30,X29,6.427279196167696,6.427279196167696,4.760165887170942e-09,0.28923076923076924,False
X35_prod_X10,prod,X35,X10,-6.419121036154692,6.419121036154692,6.535736026623843e-09,0.3740659340659341,False
X37_ratio_X8,ratio,X37,X8,-6.3867862104352655,6.3867862104352655,2.876186239441287e-09,0.2278021978021978,False
X4_prod_X29,prod,X4,X29,6.385644487020613,6.385644487020613,5.5539781299978986e-09,0.3142857142857143,False
X30_sq,sq,X30,,6.370449085241729,6.370449085241729,8.957165020999997e-09,0.3192307692307692,False
X10_cu,cu,X10,,6.312918729710606,6.312918729710606,1.539008219292126e-08,0.35604395604395606,False
X10_prod_X36,prod,X10,X36,-6.300805350046144,6.300805350046144,8.197629089908935e-09,0.34582417582417585,False
X30_prod_X31,prod,X30,X31,6.297285960367931,6.297285960367931,1.1595904094571972e-08,0.3386813186813187,False
X33_cu,cu,X33,,6.282536218954394,6.282536218954394,3.4527226502105978e-09,0.21197802197802199,False
X42_ratio_X8,ratio,X42,X8,-6.252565150526681,6.252565150526681,2.3120692017055013e-09,0.2323076923076923,False
X31_diff_X29,diff,X31,X29,6.231435088524438,6.231435088524438,1.169478185169797e-08,0.2908791208791209,False
X35_prod_X37,prod,X35,X37,-6.187495996064962,6.187495996064962,8.67104055763442e-09,0.2943956043956044,False
X15_diff_X4,diff,X15,X4,-6.159892084780151,6.159892084780151,2.796710314555625e-09,0.12384615384615384,False
X13_cu,cu,X13,,6.155886489407198,6.155886489407198,3.1782552572119765e-08,0.3697802197802198,False
X37_ratio_X29,ratio,X37,X29,-6.12860778078985,6.12860778078985,1.1248566458275876e-08,0.23857142857142857,False
X42_ratio_X4,ratio,X42,X4,-6.120300450857974,6.120300450857974,4.9798717527352615e-09,0.22945054945054946,False
X37_diff_X4,diff,X37,X4,-6.1140524001474255,6.1140524001474255,1.2563875635530015e-08,0.2379120879120879,False
X37_diff_X8,diff,X37,X8,-6.088817318672501,6.088817318672501,1.4343872209345577e-08,0.2235164835164835,False
X30_prod_X29,prod,X30,X29,6.068117858678223,6.068117858678223,3.2908623190266605e-08,0.31032967032967035,False
X35_prod_X13,prod,X35,X13,-6.044284633356892,6.044284633356892,3.587809900644791e-08,0.37263736263736263,False
X32_diff_X37,diff,X32,X37,6.021548165773299,6.021548165773299,2.0038560760474416e-08,0.22714285714285715,False
X10_diff_X37,diff,X10,X37,6.020470762554304,6.020470762554304,2.0151678908590402e-08,0.2257142857142857,False
X31_diff_X37,diff,X31,X37,6.018569189542878,6.018569189542878,2.0339528064700625e-08,0.22857142857142856,False
X30_diff_X37,diff,X30,X37,6.017075457054109,6.017075457054109,2.0488269183896333e-08,0.22714285714285715,False
X33_diff_X37,diff,X33,X37,6.017029549998206,6.017029549998206,2.0463351422868443e-08,0.2257142857142857,False
X37_diff_X29,diff,X37,X29,-6.013603118533553,6.013603118533553,2.0826257474039994e-08,0.2257142857142857,False
X37_diff_X42,diff,X37,X42,-6.011218841628564,6.011218841628564,2.1056469832628352e-08,0.22428571428571428,False
X30_ratio_X4,ratio,X30,X4,6.010019245496124,6.010019245496124,4.498075251339212e-08,0.30736263736263736,False
X15_diff_X37,diff,X15,X37,6.00787791359707,6.00787791359707,2.1398138511611535e-08,0.22362637362637364,False
X32_diff_X33,diff,X32,X33,5.996801805803673,5.996801805803673,3.81927385910134e-08,0.25472527472527473,False
X10_ratio_X31,ratio,X10,X31,5.99428958049743,5.99428958049743,4.751917476384394e-08,0.2610989010989011,False
X32_ratio_X10,ratio,X32,X10,-5.974159532973155,5.974159532973155,4.0475776454458137e-08,0.30340659340659343,False
X31_prod_X29,prod,X31,X29,5.959342962130059,5.959342962130059,5.09739470250584e-08,0.318021978021978,False
X34_prod_X37,prod,X34,X37,-5.949246828054582,5.949246828054582,2.9324491524881333e-08,0.2630769230769231,False
X30_cu,cu,X30,,5.939004862860877,5.939004862860877,6.543126075679605e-08,0.3192307692307692,False
X42_diff_X4,diff,X42,X4,-5.930871870879483,5.930871870879483,1.0110296983122901e-08,0.12241758241758242,False
X37_prod_X29,prod,X37,X29,-5.915614106048366,5.915614106048366,3.3234090808042916e-08,0.2257142857142857,False
X31_sq,sq,X31,,5.881622720837274,5.881622720837274,7.078796412178065e-08,0.33516483516483514,False
X42_diff_X29,diff,X42,X29,-5.823955747258324,5.823955747258324,8.620069561022441e-08,0.30252747252747253,False
X30_ratio_X8,ratio,X30,X8,5.804297472306,5.804297472306,1.0684992082796938e-07,0.3149450549450549,False
X31_ratio_X4,ratio,X31,X4,5.755532354499516,5.755532354499516,1.2389608008726338e-07,0.3275824175824176,False
X4_diff_X29,diff,X4,X29,5.748182749321942,5.748182749321942,2.6507537037605453e-08,0.12461538461538461,False
X42_prod_X4,prod,X42,X4,-5.745035443982068,5.745035443982068,4.1608534565611157e-08,0.22516483516483515,False
X13_prod_X36,prod,X13,X36,-5.721437316185764,5.721437316185764,1.246594396278369e-07,0.3343956043956044,False
X10_ratio_X30,ratio,X10,X30,5.692302005154886,5.692302005154886,1.4965923705805939e-07,0.23637362637362638,False
X37_sq,sq,X37,,-5.674492992492845,5.674492992492845,9.798507369761548e-08,0.22428571428571428,False
X4_sq,sq,X4,,5.666095231230982,5.666095231230982,4.528296430070571e-08,0.12241758241758242,False
X37_prod_X8,prod,X37,X8,-5.660919615749109,5.660919615749109,1.1866805044434215e-07,0.23714285714285716,False
X30_prod_X37,prod,X30,X37,-5.658469618257587,5.658469618257587,1.1653390952279027e-07,0.2257142857142857,False
X15_diff_X8,diff,X15,X8,-5.6114417950230155,5.6114417950230155,8.891213154383482e-08,0.21483516483516482,False
X42_prod_X8,prod,X42,X8,-5.607552574278014,5.607552574278014,8.577620977519916e-08,0.22087912087912087,False
X37_prod_X4,prod,X37,X4,-5.593170576266809,5.593170576266809,1.6404956693035532e-07,0.22285714285714286,False
X31_ratio_X8,ratio,X31,X8,5.569033178947653,5.569033178947653,2.6996161834628767e-07,0.32472527472527474,False
X33_diff_X4,diff,X33,X4,-5.545536490094442,5.545536490094442,8.163779640709354e-08,0.12384615384615384,False
X42_outlier_flag,outlier_flag,X42,,-5.496374634990496,5.496374634990496,5.436757510524833e-08,0.041428571428571426,False
X31_prod_X37,prod,X31,X37,-5.468985893151267,5.468985893151267,2.869669396621288e-07,0.24,False
X30_diff_X4,diff,X30,X4,-5.459121413181132,5.459121413181132,1.1966673894818714e-07,0.12604395604395605,False
X29_sq,sq,X29,,5.407828403715426,5.407828403715426,5.446628439423819e-07,0.3010989010989011,False
X4_cu,cu,X4,,5.404404333172543,5.404404333172543,1.8444957023956004e-07,0.12241758241758242,False
X15_prod_X30,prod,X15,X30,-5.396336558834848,5.396336558834848,3.817881026275638e-07,0.22021978021978023,False
X42_diff_X8,diff,X42,X8,-5.338355577172773,5.338355577172773,3.3597522709562273e-07,0.20197802197802198,False
X31_cu,cu,X31,,5.323022845479142,5.323022845479142,8.316484877261024e-07,0.33516483516483514,False
X37_cu,cu,X37,,-5.317967827750602,5.317967827750602,5.066915975995536e-07,0.22428571428571428,False
X31_diff_X4,diff,X31,X4,-5.305643173223374,5.305643173223374,2.6191906786952713e-07,0.12461538461538461,False
X33_prod_X37,prod,X33,X37,-5.268996505551273,5.268996505551273,7.249990437607716e-07,0.23285714285714285,False
X42_prod_X29,prod,X42,X29,-5.245897105226989,5.245897105226989,5.077745335383976e-07,0.21406593406593408,False
X33_prod_X42,prod,X33,X42,-5.234660915424501,5.234660915424501,5.434505591536035e-07,0.21945054945054945,False
X33_ratio_X4,ratio,X33,X4,5.219981431610714,5.219981431610714,7.429136482544281e-07,0.24406593406593408,False
X32_diff_X4,diff,X32,X4,-5.2078804380463035,5.2078804380463035,4.2825638137932385e-07,0.12032967032967033,False
X10_diff_X4,diff,X10,X4,-5.192903445183846,5.192903445183846,4.631340168968103e-07,0.12318681318681318,False
X33_ratio_X8,ratio,X33,X8,5.151922380651862,5.151922380651862,9.543208793467316e-07,0.21384615384615385,False
X15_prod_X31,prod,X15,X31,-5.120248338712012,5.120248338712012,1.4527491142598262e-06,0.2113186813186813,False
X8_sq,sq,X8,,5.088198032576344,5.088198032576344,1.144373453504217e-06,0.20197802197802198,False
X32_prod_X37,prod,X32,X37,-5.067484902601217,5.067484902601217,1.771037710882972e-06,0.2246153846153846,False
X29_cu,cu,X29,,5.049661263597524,5.049661263597524,2.4654264486788333e-06,0.3010989010989011,False
X29_diff_X8,diff,X29,X8,-5.048345226500114,5.048345226500114,1.287428272081387e-06,0.19197802197802197,False
X32_prod_X15,prod,X32,X15,-4.981760302570182,4.981760302570182,2.722913597106374e-06,0.20978021978021977,False
X30_prod_X42,prod,X30,X42,-4.953450796062088,4.953450796062088,2.035625914421211e-06,0.21516483516483517,False
X4_ratio_X29,ratio,X4,X29,-4.9422915323336865,4.9422915323336865,3.6469813144843637e-06,0.2910989010989011,False
X31_prod_X42,prod,X31,X42,-4.861711598548934,4.861711598548934,3.0967425710966197e-06,0.20868131868131867,False
X8_cu,cu,X8,,4.847981386227329,4.847981386227329,3.49492589191757e-06,0.20197802197802198,False
X33_diff_X8,diff,X33,X8,-4.834245294330886,4.834245294330886,3.4834000015455784e-06,0.18912087912087913,False
X32_prod_X42,prod,X32,X42,-4.818951679749752,4.818951679749752,3.732493874450908e-06,0.21516483516483517,False
X30_diff_X8,diff,X30,X8,-4.675829568529754,4.675829568529754,6.675218040369812e-06,0.1776923076923077,False
X34_diff_X37,diff,X34,X37,-4.598647892085256,4.598647892085256,1.1865307811273563e-05,0.2076923076923077,False
X31_ratio_X29,ratio,X31,X29,4.545338459413563,4.545338459413563,1.4427572938195196e-05,0.25956043956043956,False
X10_diff_X8,diff,X10,X8,-4.53647700960721,4.53647700960721,1.1882933654148102e-05,0.19417582417582419,False
X31_diff_X8,diff,X31,X8,-4.461314416509109,4.461314416509109,1.664643776872511e-05,0.18846153846153846,False
X32_diff_X8,diff,X32,X8,-4.372781746373984,4.372781746373984,2.402098520230969e-05,0.18736263736263736,False
X10_prod_X37,prod,X10,X37,-4.3546246961018635,4.3546246961018635,3.3213793556703444e-05,0.23934065934065935,False
X29_ratio_X8,ratio,X29,X8,4.328210587397181,4.328210587397181,4.061038443689757e-05,0.28494505494505495,False
X35_ratio_X37,ratio,X35,X37,-4.18060825574073,4.18060825574073,3.431416560939641e-05,0.30545799715234934,False
X33_ratio_X31,ratio,X33,X31,-4.089978448645726,4.089978448645726,0.00010336747245522089,0.2641758241758242,False
X33_ratio_X30,ratio,X33,X30,-4.046549800447486,4.046549800447486,0.00011821494942733504,0.23164835164835165,False
X32_diff_X30,diff,X32,X30,4.040703394749922,4.040703394749922,0.00011194676673296349,0.22978021978021979,False
X13_prod_X37,prod,X13,X37,-3.9772869307800933,3.9772869307800933,0.00013756826692939446,0.20857142857142857,False
X33_diff_X29,diff,X33,X29,3.844093705005654,3.844093705005654,0.00018450552547099683,0.20241758241758243,False
X10_prod_X42,prod,X10,X42,-3.753139649914757,3.753139649914757,0.00027668525240452104,0.19989010989010988,False
X34_diff_X36,diff,X34,X36,-3.636751657864415,3.636751657864415,0.0003785469929177744,0.1954945054945055,False
X30_diff_X31,diff,X30,X31,-3.4884444149202056,3.4884444149202056,0.0007600981929206074,0.18274725274725276,False
X13_prod_X42,prod,X13,X42,-3.421549367358911,3.421549367358911,0.0008793516526512682,0.20153846153846153,False
X32_ratio_X29,ratio,X32,X29,3.307438268234622,3.307438268234622,0.001344019029668166,0.18769230769230769,False
X13_ratio_X10,ratio,X13,X10,3.236216529297912,3.236216529297912,0.001766944674380053,0.22296703296703296,False
X10_diff_X33,diff,X10,X33,3.1930208944708305,3.1930208944708305,0.002014192589287531,0.22648351648351647,False
X10_diff_X30,diff,X10,X30,3.1911020739336307,3.1911020739336307,0.0020098418406017528,0.1701098901098901,False
X34_ratio_X37,ratio,X34,X37,-3.0648427292700924,3.0648427292700924,0.0024065502393118355,0.3674893213099193,False
X36_diff_X37,diff,X36,X37,-2.7288937079844,2.7288937079844,0.007462932188327154,0.23197802197802198,False
X33_diff_X31,diff,X33,X31,-2.6864877160940575,2.6864877160940575,0.008847012246575239,0.2057142857142857,False
X33_outlier_flag,outlier_flag,X33,,-2.6571800956288345,2.6571800956288345,0.008059677643447363,0.01,False
X32_outlier_flag,outlier_flag,X32,,-2.2424934734391684,2.2424934734391684,0.02524219955339249,0.007142857142857143,False
X15_prod_X13,prod,X15,X13,1.9903249036772963,1.9903249036772963,0.049850767250857436,0.27263736263736266,False
X36_ratio_X37,ratio,X36,X37,-1.9883018637719614,1.9883018637719614,0.04870196671166465,0.22790697674418606,False
X37_ratio_X42,ratio,X37,X42,-1.6409263451816212,1.6409263451816212,0.10137967593461976,0.2378205128205128,False
X34_ratio_X36,ratio,X34,X36,-1.507600992793559,1.507600992793559,0.13226952674547687,0.41136412002553735,False
X8_outlier_flag,outlier_flag,X8,,-1.4152262467580559,1.4152262467580559,0.1574475212244992,0.002857142857142857,False
X35_ratio_X36,ratio,X35,X36,-1.408955827538116,1.408955827538116,0.15962485841014332,0.2939455203234731,False
X33_ratio_X29,ratio,X33,X29,-1.3940495261635357,1.3940495261635357,0.16684558504983946,0.16406593406593406,False
X10_ratio_X36,ratio,X10,X36,1.3370046560394688,1.3370046560394688,0.1886763993436782,0.41386465205362843,False
X4_diff_X8,diff,X4,X8,1.2918176109902364,1.2918176109902364,0.19960354483726084,0.09703296703296703,False
X32_ratio_X36,ratio,X32,X36,1.2904550623858397,1.2904550623858397,0.2041823729682796,0.41620557565439453,False
X13_ratio_X36,ratio,X13,X36,1.2644758434806436,1.2644758434806436,0.21339238936806346,0.42908065545860824,False
X32_diff_X31,diff,X32,X31,1.167281316378273,1.167281316378273,0.24674818122672146,0.12824175824175824,False
X15_ratio_X36,ratio,X15,X36,1.128916616046285,1.128916616046285,0.2650410284206569,0.4122685677803788,False
X33_diff_X30,diff,X33,X30,-1.069194539523663,1.069194539523663,0.2879237896326549,0.13472527472527474,False
X32_ratio_X34,ratio,X32,X34,0.9679644049642141,0.9679644049642141,0.3409998036923246,0.3909980430528376,False
X32_diff_X10,diff,X32,X10,0.9362617517916162,0.9362617517916162,0.35186963163795176,0.130989010989011,False
X15_ratio_X34,ratio,X15,X34,0.9055533218115389,0.9055533218115389,0.37254346341626904,0.3792563600782779,False
X10_outlier_flag,outlier_flag,X10,,0.9032570714048382,0.9032570714048382,0.36971930301112144,0.013956043956043955,False
X13_ratio_X37,ratio,X13,X37,0.8037563056866266,0.8037563056866266,0.4241956373060733,0.33678215472235407,False
X34_ratio_X35,ratio,X34,X35,0.7774910096449443,0.7774910096449443,0.4412568342273351,0.387110768340885,False
X10_ratio_X37,ratio,X10,X37,0.7377527394651126,0.7377527394651126,0.46314135080104485,0.3449454200284765,False
X32_ratio_X35,ratio,X32,X35,-0.7283147974303343,0.7283147974303343,0.4667377833741323,0.4965776535235708,False
X13_ratio_X42,ratio,X13,X42,0.7267757544118563,0.7267757544118563,0.4697163296572124,0.3121794871794872,False
X15_ratio_X35,ratio,X15,X35,-0.7163980184027567,0.7163980184027567,0.47405687093471716,0.48206883254603294,False
X10_ratio_X42,ratio,X10,X42,0.6700844749726788,0.6700844749726788,0.5050700604513766,0.31346153846153846,False
X30_ratio_X42,ratio,X30,X42,0.6688619074659551,0.6688619074659551,0.5060826171747542,0.30448717948717946,False
X31_ratio_X42,ratio,X31,X42,0.6565926713752334,0.6565926713752334,0.5138249242566492,0.30833333333333335,False
X30_outlier_flag,outlier_flag,X30,,0.6180485681770829,0.6180485681770829,0.5385939365352329,0.00967032967032967,False
X32_ratio_X42,ratio,X32,X42,0.6082660385372515,0.6082660385372515,0.5450666130861881,0.2878205128205128,False
X31_ratio_X37,ratio,X31,X37,0.6015783099101212,0.6015783099101212,0.5491754283176883,0.32126245847176077,False
X30_ratio_X37,ratio,X30,X37,0.575263379756461,0.575263379756461,0.5667379434520897,0.3245372567631704,False
X35_ratio_X42,ratio,X35,X42,-0.569868065921394,0.569868065921394,0.570340997938637,0.34615384615384615,False
X33_ratio_X42,ratio,X33,X42,0.5420578904035956,0.5420578904035956,0.5895894665831406,0.2916666666666667,False
X32_ratio_X37,ratio,X32,X37,0.5350888223617886,0.5350888223617886,0.5939970035858637,0.3221642145230185,False
X31_outlier_flag,outlier_flag,X31,,0.5245888672998237,0.5245888672998237,0.6015360994179368,0.008241758241758242,False
X33_ratio_X37,ratio,X33,X37,0.4854030132397782,0.4854030132397782,0.628674514198479,0.31718082581869955,False
X15_prod_X10,prod,X15,X10,-0.4420622698371056,0.4420622698371056,0.6595569926505553,0.09076923076923077,False
X32_ratio_X31,ratio,X32,X31,-0.43326713143654316,0.43326713143654316,0.6660580678471698,0.08373626373626374,False
X15_ratio_X42,ratio,X15,X42,0.40894273044657353,0.40894273044657353,0.6842471206568147,0.23205128205128206,False
X32_ratio_X30,ratio,X32,X30,-0.3302905481596107,0.3302905481596107,0.7420921582350782,0.07637362637362638,False
X34_ratio_X42,ratio,X34,X42,-0.28904095156017817,0.28904095156017817,0.7734342920854409,0.33397435897435895,False
X10_diff_X31,diff,X10,X31,0.2599561001315094,0.2599561001315094,0.7955790441952255,0.07637362637362638,False
X30_ratio_X31,ratio,X30,X31,-0.2434800990451393,0.2434800990451393,0.8082240588452768,0.1034065934065934,False
X29_outlier_flag,outlier_flag,X29,,0.15832505304359942,0.15832505304359942,0.8746310300160913,0.0025274725274725277,False
X36_ratio_X42,ratio,X36,X42,-0.13722985133366633,0.13722985133366633,0.8912673775043009,0.2903846153846154,False
X4_ratio_X8,ratio,X4,X8,0.1070674047280188,0.1070674047280188,0.9149798024510363,0.09186813186813186,False
X15_ratio_X37,ratio,X15,X37,0.06648846189976095,0.06648846189976095,0.9471411774826072,0.303796867584243,False
X15_outlier_flag,outlier_flag,X15,,,,,0.0,False
X34_outlier_flag,outlier_flag,X34,,,,,0.0,False
X35_outlier_flag,outlier_flag,X35,,,,,0.0,False
X13_outlier_flag,outlier_flag,X13,,,,,0.0,False
X36_outlier_flag,outlier_flag,X36,,,,,0.0,False
X37_outlier_flag,outlier_flag,X37,,,,,0.0,False
X4_outlier_flag,outlier_flag,X4,,,,,0.0,False
