CoilID,rank_score,rank_pos,is_tp,is_fp
654,1.0,1,0,0
958,0.9960668633235005,2,0,0
532,0.9931170108161259,3,0,0
776,0.9862340216322517,4,0,0
822,0.9842674532940019,5,0,0
759,0.9803343166175025,6,0,0
1187,0.9783677482792528,7,0,0
694,0.9773844641101278,8,0,0
376,0.976401179941003,9,0,0
246,0.9744346116027532,10,0,0
1111,0.9734513274336284,11,0,0
274,0.9724680432645033,12,0,0
1137,0.960668633235005,13,0,0
121,0.960668633235005,13,0,0
803,0.9547689282202557,15,0,0
297,0.9518190757128812,16,0,0
1183,0.9508357915437561,17,0,0
806,0.9488692232055064,18,0,0
835,0.9478859390363815,19,0,0
730,0.9410029498525073,20,0,0
1097,0.9400196656833826,21,0,0
829,0.9301868239921337,22,0,0
1184,0.9292035398230089,23,0,0
112,0.9262536873156343,24,0,0
1073,0.9262536873156342,25,0,0
996,0.9193706981317601,26,0,0
1494,0.9193706981317601,26,0,0
500,0.9183874139626352,28,0,0
994,0.9183874139626352,28,0,0
282,0.9134709931170107,30,0,0
933,0.911504424778761,31,0,0
1346,0.9095378564405113,32,0,0
1100,0.9056047197640118,33,0,0
1138,0.9016715830875123,34,0,0
275,0.8987217305801377,35,0,0
1091,0.8987217305801377,35,0,0
1189,0.8977384464110129,37,0,0
302,0.8938053097345132,38,0,0
691,0.8938053097345132,38,0,0
1023,0.8829891838741397,40,0,0
631,0.8829891838741396,41,0,0
940,0.8741396263520157,42,0,0
162,0.8702064896755162,43,0,0
1022,0.8672566371681416,44,0,0
883,0.8643067846607669,45,0,0
217,0.8584070796460176,46,0,0
239,0.855457227138643,47,0,0
1498,0.855457227138643,47,0,0
403,0.8534906588003933,49,0,0
1063,0.847590953785644,50,0,0
54,0.8377581120943952,51,0,0
1491,0.8338249754178958,52,0,0
1025,0.8338249754178958,52,0,0
826,0.8328416912487708,54,0,0
902,0.8210422812192725,55,0,0
836,0.8171091445427728,57,0,0
804,0.8171091445427728,57,0,0
215,0.8171091445427728,57,0,0
96,0.816125860373648,59,0,0
943,0.8161258603736479,60,0,0
622,0.815142576204523,61,0,0
962,0.8141592920353983,62,0,0
859,0.8062930186823992,63,0,0
856,0.8062930186823992,63,0,0
358,0.8053097345132741,65,0,0
857,0.799410029498525,66,0,0
153,0.799410029498525,66,0,0
160,0.7984267453294002,68,0,0
22,0.7925270403146509,69,0,0
65,0.7905604719764012,70,0,0
582,0.7885939036381515,71,0,0
511,0.7885939036381514,72,0,0
1170,0.7876106194690266,73,0,0
14,0.7836774827925271,74,0,0
1179,0.7767944936086529,75,0,0
528,0.7767944936086529,75,0,0
972,0.7689282202556539,77,0,0
477,0.7689282202556539,77,0,0
462,0.7649950835791542,79,0,0
1087,0.7630285152409045,80,0,0
693,0.7620452310717797,81,0,0
919,0.759095378564405,82,0,0
176,0.7571288102261553,83,0,0
507,0.7561455260570304,84,0,0
404,0.7551622418879056,85,0,0
961,0.7541789577187807,86,0,0
144,0.7522123893805309,87,0,0
867,0.7512291052114062,88,0,0
156,0.7502458210422812,89,0,0
841,0.7492625368731564,90,0,0
140,0.7443461160275321,91,0,0
264,0.7384464110127827,92,0,0
802,0.7325467059980335,93,0,0
1088,0.7325467059980334,94,0,0
735,0.7148475909537856,95,0,0
1492,0.7128810226155359,96,0,0
35,0.7128810226155359,96,0,0
732,0.7109144542772862,98,0,0
344,0.7089478859390365,99,0,0
331,0.7079646017699114,100,0,0
494,0.7059980334316617,101,0,0
361,0.6961651917404129,102,0,0
257,0.6922320550639135,103,0,0
1520,0.6902654867256638,104,0,0
1019,0.6902654867256638,104,0,0
1318,0.6863323500491642,106,0,0
639,0.6814159292035399,107,0,0
161,0.6814159292035398,108,0,0
422,0.6794493608652901,109,0,0
736,0.6784660766961652,110,0,0
21,0.6774827925270404,111,0,0
1161,0.6676499508357917,112,0,0
586,0.6676499508357915,113,0,0
207,0.6597836774827925,114,0,0
670,0.6568338249754179,115,0,0
459,0.6460176991150443,116,0,0
1251,0.6381514257620452,117,0,0
1232,0.6352015732546706,118,1,0
171,0.6312684365781711,119,0,0
1024,0.6283185840707964,120,0,0
1085,0.6263520157325467,121,0,0
747,0.6214355948869223,122,0,0
954,0.6194690265486726,123,0,0
1157,0.6184857423795477,124,0,0
1260,0.6184857423795477,124,0,0
917,0.6155358898721731,126,0,0
797,0.6145526057030481,127,0,0
1602,0.6106194690265486,128,0,0
1274,0.6057030481809242,129,0,0
197,0.5998033431661751,130,0,0
1118,0.5988200589970502,131,0,0
571,0.5978367748279253,132,0,0
1355,0.5978367748279253,132,0,0
1095,0.5958702064896755,134,0,0
1647,0.5948869223205505,135,0,0
1418,0.5899705014749262,136,1,0
685,0.5821042281219272,137,0,0
481,0.5791543756145526,138,0,0
946,0.5781710914454278,139,0,0
941,0.576204523107178,140,0,0
1117,0.5722713864306784,141,0,0
781,0.5693215339233039,142,0,0
1216,0.56047197640118,143,0,0
853,0.5594886922320551,144,0,0
1526,0.5545722713864306,145,0,0
1304,0.5535889872173058,146,0,0
1027,0.551622418879056,147,0,0
1264,0.5486725663716815,148,0,0
1233,0.5467059980334317,149,0,0
1295,0.544739429695182,150,0,0
684,0.5447394296951819,151,0,0
1417,0.5437561455260571,152,1,0
292,0.5398230088495575,153,0,0
1489,0.5378564405113078,154,1,0
877,0.535889872173058,156,0,0
1651,0.535889872173058,156,0,0
897,0.535889872173058,156,0,0
711,0.5339233038348082,158,0,0
1562,0.5319567354965585,159,1,0
537,0.528023598820059,160,0,0
397,0.5270403146509341,161,0,0
27,0.5250737463126843,162,0,0
1506,0.5250737463126843,162,1,0
648,0.5142576204523107,164,0,0
1132,0.5142576204523107,164,1,0
1374,0.512291052114061,166,1,0
212,0.5054080629301868,167,0,1
682,0.4975417895771878,168,0,0
1298,0.495575221238938,169,0,0
491,0.49065880039331367,170,0,0
1666,0.48869223205506396,171,0,0
41,0.48770894788593905,172,1,0
485,0.48672566371681425,173,0,0
599,0.4837758112094395,174,1,0
751,0.48082595870206485,175,0,0
1124,0.47885939036381514,176,0,0
1434,0.47689282202556543,177,0,0
496,0.4749262536873156,178,0,0
421,0.4739429695181907,179,0,0
1511,0.4700098328416913,180,0,0
240,0.46214355948869223,181,0,0
539,0.46214355948869223,181,1,0
1043,0.45821042281219276,184,0,0
1263,0.45821042281219276,184,0,0
1090,0.45821042281219276,184,0,0
1442,0.45624385447394294,186,0,1
748,0.4532940019665683,187,0,0
229,0.44739429695181904,188,1,0
1344,0.44739429695181904,188,1,0
1570,0.44051130776794495,190,0,0
1215,0.43854473942969524,191,0,0
1444,0.43854473942969513,192,0,0
1266,0.4355948869223205,193,0,0
934,0.43461160275319566,194,1,0
614,0.42969518190757133,195,0,0
100,0.42674532940019666,196,1,0
1040,0.42379547689282204,197,1,0
1448,0.4218289085545723,198,0,0
1412,0.4208456243854474,199,0,0
289,0.415929203539823,200,0,0
1287,0.41101278269419855,201,0,0
411,0.40904621435594885,202,0,0
538,0.4041297935103245,203,0,1
1145,0.40216322517207476,204,0,0
1425,0.39823008849557523,205,0,0
9,0.39429695181907576,206,0,0
1092,0.3933136676499509,207,0,0
416,0.39134709931170114,208,1,0
1049,0.38446411012782694,209,0,1
457,0.3815142576204524,210,0,0
1150,0.3775811209439528,211,0,0
1548,0.37659783677482794,212,1,0
132,0.3697148475909538,213,0,0
1133,0.36971484759095374,214,1,0
1426,0.36774827925270404,215,1,0
979,0.3647984267453294,216,0,0
1540,0.35496558505408066,217,0,0
770,0.3539823008849557,218,0,0
15,0.3500491642084562,219,0,0
1129,0.34906588003933137,220,0,0
1477,0.34808259587020646,221,0,1
488,0.3451327433628319,222,0,0
199,0.3431661750245821,223,0,0
923,0.33726647000983284,224,0,0
1676,0.33726647000983284,224,0,1
1611,0.335299901671583,226,0,0
1082,0.32841691248770893,227,0,1
1210,0.3274336283185841,228,0,1
210,0.3176007866273353,229,0,0
866,0.3136676499508358,230,0,0
838,0.3136676499508358,230,0,1
1478,0.31268436578171094,232,0,0
196,0.3107177974434611,233,1,0
419,0.3097345132743363,234,1,0
309,0.30973451327433627,235,0,1
252,0.30678466076696165,236,1,0
406,0.3028515240904622,237,0,0
1234,0.2999016715830875,238,0,0
1028,0.29891838741396265,239,0,0
1407,0.29891838741396265,239,0,1
1453,0.2949852507374631,241,0,0
1386,0.29301868239921336,242,0,0
1592,0.29301868239921336,242,1,0
625,0.2920353982300885,244,0,0
1591,0.288102261553589,245,1,0
474,0.28121927236971483,246,1,0
131,0.2792527040314651,247,0,1
107,0.27630285152409045,248,0,1
1202,0.2723697148475909,249,0,1
1223,0.2713864306784661,250,1,0
1347,0.2704031465093412,251,0,0
1321,0.2664700098328417,252,1,0
602,0.2654867256637168,253,0,0
216,0.26057030481809246,254,1,0
926,0.2595870206489676,255,1,0
1330,0.2556538839724681,256,0,0
1589,0.2487708947885939,257,0,0
410,0.24778761061946905,258,0,1
170,0.24778761061946905,258,0,0
211,0.24680432645034414,260,1,0
1650,0.24582104228121926,261,0,0
437,0.24188790560471976,262,0,1
1482,0.2409046214355949,263,0,0
551,0.23697148475909535,264,0,0
1607,0.2359882005899705,265,0,1
1513,0.2232055063913471,266,0,1
1643,0.22025565388397247,267,0,0
593,0.22025565388397247,267,0,0
666,0.2182890855457227,269,1,0
683,0.21730580137659783,270,0,0
1450,0.2153392330383481,271,1,0
1481,0.20550639134709933,272,0,0
862,0.20550639134709933,272,0,0
1371,0.2025565388397247,274,0,0
1337,0.2015732546705998,275,0,0
1593,0.19469026548672566,276,1,0
1542,0.18977384464110128,277,0,0
1547,0.18977384464110128,277,0,0
1203,0.18584070796460175,279,0,0
329,0.18289085545722716,280,1,0
38,0.18289085545722714,281,0,0
1460,0.17797443461160278,282,0,0
1567,0.17502458210422814,283,0,0
1565,0.17305801376597837,284,0,1
1560,0.17109144542772858,285,0,0
600,0.16617502458210423,286,1,0
1380,0.16617502458210423,286,0,0
692,0.1592920353982301,288,1,0
1663,0.1583087512291052,289,0,0
1616,0.15634218289085547,290,0,1
1206,0.1553588987217306,291,0,0
1242,0.1543756145526057,292,0,0
1561,0.15240904621435594,293,0,0
1598,0.1514257620452311,294,0,0
1617,0.15142576204523106,295,0,0
675,0.14945919370698132,296,0,1
1362,0.14847590953785647,297,0,0
235,0.1455260570304818,298,0,0
1336,0.1376597836774828,299,0,1
601,0.1297935103244838,300,0,0
1556,0.12979351032448377,301,0,0
1227,0.1288102261553589,302,0,0
1377,0.12782694198623404,303,0,0
705,0.12586037364798427,304,0,1
2,0.1248770894788594,305,0,1
1463,0.12389380530973453,306,0,1
1452,0.11504424778761063,307,0,0
1471,0.11307767944936087,308,0,0
104,0.11307767944936087,308,0,0
1537,0.10914454277286136,310,0,0
1630,0.10816125860373649,311,0,1
265,0.10717797443461159,312,0,0
1568,0.10127826941986234,313,0,0
420,0.09734513274336283,314,0,0
1583,0.09144542772861357,315,0,0
555,0.08652900688298919,316,0,0
1468,0.0855457227138643,317,0,0
425,0.08259587020648967,318,0,0
1688,0.08062930186823992,319,0,0
1238,0.07669616519174041,320,0,0
704,0.07472959685349066,321,0,0
1594,0.0727630285152409,322,1,0
893,0.06981317600786628,323,0,0
1582,0.06784660766961652,324,0,0
1401,0.0599803343166175,325,0,0
1429,0.05801376597836775,326,0,0
1557,0.054080629301868244,327,0,0
515,0.05014749262536874,328,0,0
1209,0.049164208456243856,329,0,0
1627,0.048180924287118974,330,0,0
1328,0.038348082595870206,331,0,0
1334,0.035398230088495575,332,0,0
307,0.035398230088495575,332,0,0
1392,0.032448377581120944,334,0,0
226,0.02753195673549656,335,0,0
351,0.02753195673549656,335,0,0
1597,0.02654867256637168,337,0,0
398,0.011799410029498525,338,0,0
1534,0.007866273352999017,339,0,0
