CoilID,Y
654,1
958,1
532,1
776,1
822,1
759,1
1187,1
694,1
376,1
246,1
1111,1
274,1
1137,1
121,1
803,1
297,1
1183,1
806,1
835,1
730,1
1097,1
829,1
1184,1
112,1
1073,1
996,1
1494,1
500,1
994,1
282,1
933,1
1346,1
1100,1
1138,1
275,1
1091,1
1189,1
302,1
691,1
1023,1
631,1
940,1
162,1
1022,1
883,1
217,1
239,1
1498,1
403,1
1063,1
54,1
1491,1
1025,1
826,1
902,1
836,1
804,1
215,1
96,1
943,1
622,1
962,1
859,1
856,1
358,1
857,1
153,1
160,1
22,1
65,1
582,1
511,1
1170,1
14,1
1179,1
528,1
972,1
477,1
462,1
1087,1
693,1
919,1
176,1
507,1
404,1
961,1
144,1
867,1
156,1
841,1
140,1
264,1
802,1
1088,1
735,1
1492,1
35,1
732,1
344,1
331,1
494,1
361,1
257,1
1520,1
1019,1
1318,1
639,1
161,1
422,1
736,1
21,1
1161,1
586,1
207,1
670,1
459,1
1251,1
1232,1
171,1
1024,1
1085,1
747,1
954,1
1157,1
1260,1
917,1
797,1
1602,1
1274,1
197,1
1118,1
571,1
1355,1
1095,1
1647,1
1418,1
685,1
481,1
946,1
941,1
1117,1
781,1
1216,1
853,1
1526,1
1304,1
1027,1
1264,1
1233,1
1295,1
684,1
1417,1
292,1
1489,1
877,1
1651,1
897,1
711,1
1562,1
537,1
397,1
27,1
1506,1
648,1
1132,1
1374,1
212,1
682,1
1298,1
491,1
1666,1
41,1
485,1
599,1
751,1
1124,1
1434,1
496,1
421,1
1511,1
240,1
539,1
1043,1
1263,1
1090,1
1442,1
748,1
229,1
1344,1
1570,1
1215,1
1444,1
1266,1
934,1
614,1
100,1
1040,1
1448,1
1412,1
289,1
1287,0
411,0
538,0
1145,0
1425,0
9,0
1092,0
416,0
1049,0
457,0
1150,0
1548,0
132,0
1133,0
1426,0
979,0
1540,0
770,0
15,0
1129,0
1477,0
488,0
199,0
923,0
1676,0
1611,0
1082,0
1210,0
210,0
866,0
838,0
1478,0
196,0
419,0
309,0
252,0
406,0
1234,0
1028,0
1407,0
1453,0
1386,0
1592,0
625,0
1591,0
474,0
131,0
107,0
1202,0
1223,0
1347,0
1321,0
602,0
216,0
926,0
1330,0
1589,0
410,0
170,0
211,0
1650,0
437,0
1482,0
551,0
1607,0
1513,0
1643,0
593,0
666,0
683,0
1450,0
1481,0
862,0
1371,0
1337,0
1593,0
1542,0
1547,0
1203,0
329,0
38,0
1460,0
1567,0
1565,0
1560,0
600,0
1380,0
692,0
1663,0
1616,0
1206,0
1242,0
1561,0
1598,0
1617,0
675,0
1362,0
235,0
1336,0
601,0
1556,0
1227,0
1377,0
705,0
2,0
1463,0
1452,0
1471,0
104,0
1537,0
1630,0
265,0
1568,0
420,0
1583,0
555,0
1468,0
425,0
1688,0
1238,0
704,0
1594,0
893,0
1582,0
1401,0
1429,0
1557,0
515,0
1209,0
1627,0
1328,0
1334,0
307,0
1392,0
226,0
351,0
1597,0
398,0
1534,0
