vibration_mm_s,temperature_c,rpm,load_pct,age_days,maintenance_gap_days,oil_viscosity_cst,motor_current_a,failure
2.277,52.8,3176,41.4,194,22,37.65,36.73,0
7.26,90.1,2754,94.1,647,71,32.59,36.4,1
8.16,84.5,2713,76.0,336,271,23.81,47.78,1
9.051,73.4,3201,84.7,262,268,34.88,40.23,1
2.512,69.9,3063,77.2,638,49,48.85,31.82,0
2.098,61.9,2697,81.6,720,168,43.9,34.8,0
1.909,56.8,3017,36.9,206,143,44.38,27.43,0
8.093,91.2,2732,92.0,337,359,36.14,47.99,1
8.468,76.6,2736,88.4,98,127,31.98,38.94,1
7.379,84.8,2639,89.4,80,117,28.41,35.49,1
0.248,67.8,2822,69.9,237,151,51.27,38.41,0
9.826,91.0,3078,85.0,123,182,34.6,39.09,1
9.605,85.3,2894,82.5,194,173,26.32,49.9,1
2.041,51.7,2999,72.9,318,89,44.77,30.53,0
2.183,59.8,3027,61.5,567,31,58.63,40.31,0
2.859,54.7,2962,84.7,342,92,48.43,29.64,0
2.179,69.1,3085,52.0,208,80,50.53,37.52,0
7.706,77.0,2723,71.3,743,153,23.31,36.13,1
1.762,55.5,3149,47.0,285,74,49.34,38.67,0
3.05,62.2,2962,88.0,467,35,47.89,39.04,0
8.94,82.2,2702,88.6,490,86,22.08,38.25,1
2.155,70.9,3003,76.6,261,358,40.2,36.8,0
0.984,57.6,2911,73.0,41,82,47.43,36.47,0
2.23,53.6,3049,75.7,82,105,45.57,37.81,0
1.334,49.1,2919,70.8,179,353,48.18,36.46,0
10.247,86.5,2950,92.0,185,312,21.61,37.38,1
1.348,58.6,3182,71.1,267,71,49.05,34.13,0
1.147,53.4,2892,63.9,233,134,49.76,41.66,0
8.801,100.2,3093,88.4,240,167,19.73,43.95,1
3.065,66.0,3069,72.7,277,180,44.26,36.29,0
6.976,98.1,2493,64.3,308,572,31.53,37.15,1
1.022,70.2,3069,55.2,84,228,46.96,31.04,0
2.057,66.0,3083,56.6,305,127,44.8,29.33,0
9.54,79.2,2485,92.2,401,193,26.64,44.38,1
8.765,79.8,2881,83.1,749,261,29.78,35.34,1
7.949,63.1,2916,91.4,298,183,27.46,37.11,1
2.992,64.4,2953,59.1,451,20,49.75,34.46,0
1.683,63.0,2854,55.3,381,92,44.73,40.49,0
6.892,80.6,2975,80.6,166,216,26.12,43.69,1
2.483,65.6,2825,67.8,310,125,47.57,31.89,0
3.843,57.5,3349,63.3,608,66,52.45,35.5,0
0.816,61.4,3194,82.9,590,79,49.41,34.73,0
3.007,70.7,3001,71.8,589,117,48.27,36.81,0
6.985,71.1,2709,84.1,1072,203,18.42,47.58,1
1.221,52.6,2754,74.0,398,44,43.07,36.59,0
11.586,82.8,2792,93.9,210,331,28.5,44.29,1
2.269,68.0,2911,80.6,404,202,46.58,36.82,0
7.408,88.7,2735,90.5,150,303,43.07,45.41,1
8.226,83.5,2360,80.9,365,165,24.84,44.34,1
1.425,58.9,3072,62.3,145,226,53.02,34.5,0
7.531,83.3,2838,100.0,178,213,30.62,46.53,1
7.301,92.8,2724,98.8,77,354,24.61,46.01,1
7.776,88.4,2971,95.3,350,559,32.03,40.19,1
7.07,86.8,3104,94.4,572,168,27.18,32.13,1
8.684,74.8,2239,93.6,299,558,32.38,43.21,1
10.937,82.0,2886,97.3,277,117,37.8,43.63,1
0.92,59.7,2807,70.3,187,137,51.77,38.72,0
1.668,61.7,2887,59.8,476,124,37.54,24.4,0
2.027,63.4,3099,62.8,522,127,46.72,38.71,0
2.089,39.9,3390,70.0,102,268,45.55,32.78,0
1.857,57.2,3071,82.3,315,140,46.43,33.35,0
2.317,59.7,2862,74.3,467,191,44.73,41.86,0
8.229,80.9,2709,100.0,209,278,31.38,37.88,1
2.588,55.5,3004,76.5,91,36,52.17,36.79,0
1.211,63.0,2947,66.1,140,38,50.64,34.81,0
7.372,82.4,2565,78.2,625,215,30.7,47.89,1
2.956,54.1,3032,95.3,511,225,44.05,41.47,0
10.223,83.8,2670,81.4,549,97,26.33,51.65,1
0.902,57.2,2952,78.0,115,97,35.66,39.34,0
6.343,70.8,2698,90.7,464,197,25.12,35.38,1
9.879,77.5,2836,92.8,648,120,22.52,47.51,1
2.038,57.6,2854,70.3,179,76,46.55,32.29,0
3.518,78.3,3326,68.1,246,62,45.65,30.39,0
10.12,84.2,2664,99.1,323,585,20.62,19.67,1
7.829,87.6,2836,82.9,355,691,25.88,38.28,1
10.422,92.6,3280,99.2,216,224,28.44,43.68,1
8.602,78.5,2627,91.5,495,197,33.97,37.5,1
1.494,64.4,3271,74.3,389,261,48.79,43.18,0
2.477,68.4,3224,81.4,156,68,51.52,33.73,0
1.493,56.9,2950,64.7,476,269,45.08,28.57,0
7.535,86.2,2740,97.3,257,182,25.17,46.04,1
10.045,87.4,2661,87.8,399,288,30.76,41.68,1
2.337,73.1,3146,70.2,165,61,54.05,45.71,0
2.213,59.5,3026,77.2,172,144,42.17,37.52,0
1.729,55.4,2992,90.1,85,71,49.54,38.11,0
2.296,59.8,2962,66.2,532,152,51.34,38.12,0
11.594,82.3,2677,100.0,450,220,28.45,34.24,1
6.899,86.9,2751,88.9,324,475,20.29,38.43,1
8.536,91.3,2459,85.7,112,301,20.68,45.76,1
1.854,62.5,2995,74.8,582,142,47.41,42.78,0
1.208,59.3,3226,64.5,395,98,48.78,30.37,0
9.179,95.9,2812,77.6,216,254,31.51,44.06,1
6.906,91.1,2756,98.3,343,218,29.19,44.35,1
9.142,71.1,2741,84.2,253,354,22.07,44.8,1
8.219,80.1,2900,88.2,395,108,15.48,45.14,1
2.17,74.3,2990,65.2,147,68,46.97,24.18,0
10.281,96.6,2862,77.5,60,221,25.33,34.66,1
1.655,55.6,3147,72.4,374,103,45.21,39.4,0
2.326,68.6,3223,70.3,409,56,44.36,34.97,0
2.441,59.7,2954,71.9,85,98,40.52,38.34,0
2.356,61.6,3040,75.0,41,100,48.19,32.67,0
7.97,94.0,3103,86.2,326,364,20.95,36.77,1
2.119,68.5,2681,68.9,382,76,45.11,41.45,0
2.291,60.0,2896,70.5,247,160,47.81,41.21,0
8.753,93.1,2921,100.0,154,119,26.31,47.0,1
0.331,49.2,3163,64.2,751,68,40.87,35.81,0
2.128,66.6,3078,70.5,362,38,47.74,37.07,0
10.21,79.6,2827,89.6,528,262,29.19,39.44,1
1.712,70.2,2867,78.6,130,74,36.46,34.33,0
1.418,62.9,2911,63.4,572,154,52.44,33.38,0
2.299,58.0,3232,72.2,354,85,47.66,39.49,0
2.25,66.0,2905,71.2,709,276,46.3,29.82,0
10.445,81.1,2681,91.7,399,257,25.38,40.02,1
8.466,73.5,3054,83.9,296,569,19.56,39.96,1
7.001,90.6,2777,100.0,266,117,21.05,39.19,1
7.743,90.7,2723,100.0,183,260,39.91,41.68,1
9.761,71.2,2615,88.3,268,545,29.61,45.89,1
2.271,61.8,2747,85.3,403,167,51.18,32.7,0
8.142,105.0,2837,100.0,444,376,34.32,38.97,1
7.95,85.4,2877,88.6,165,444,24.25,44.29,1
7.912,79.9,2594,100.0,102,250,30.92,43.04,1
7.116,107.6,2479,87.7,337,142,28.39,38.65,1
1.948,57.0,2690,62.6,81,50,42.88,38.06,0
2.058,57.5,2879,64.6,271,65,43.53,34.02,0
2.059,60.7,3002,66.5,113,251,47.9,36.3,0
1.88,40.4,2945,60.4,434,137,49.6,35.03,0
9.997,87.9,2856,99.3,216,609,24.08,44.23,1
7.853,81.0,2798,88.2,233,166,27.99,45.85,1
1.104,65.2,2851,62.3,98,111,47.85,32.41,0
1.685,57.2,2956,75.4,499,74,46.97,31.33,0
2.143,60.7,3292,76.8,316,141,46.07,35.84,0
2.983,71.3,3011,93.8,322,116,42.74,40.09,0
2.482,68.0,3177,81.3,117,133,42.23,34.08,0
1.32,67.4,3076,72.4,75,88,48.67,32.2,0
7.803,95.0,2423,95.3,164,95,40.59,43.57,1
2.212,65.3,2580,72.9,212,52,38.89,32.75,0
3.02,60.6,2954,73.3,161,143,45.87,32.33,0
8.112,83.7,2858,94.4,711,79,28.51,33.83,1
2.427,64.5,2914,77.8,506,116,34.82,34.02,0
7.788,71.0,2739,82.5,275,209,27.75,45.36,1
9.807,87.7,3306,100.0,172,224,31.42,43.78,1
2.846,61.0,2929,75.6,132,126,38.71,31.49,0
2.698,65.7,2924,67.1,268,90,45.15,31.21,0
1.748,70.7,2847,67.9,328,8,41.44,29.45,0
1.543,68.2,2905,68.6,205,72,41.97,31.18,0
2.266,53.5,2815,61.6,356,353,44.39,34.21,0
9.271,84.2,3040,80.3,195,283,23.07,45.11,1
1.822,67.1,2781,59.8,131,164,41.17,34.45,0
2.852,67.4,3090,73.2,357,27,45.76,32.19,0
3.162,55.3,3094,74.1,73,75,54.91,31.28,0
9.452,85.5,2917,80.6,102,225,34.56,41.43,1
1.33,68.0,3232,70.7,147,40,50.04,32.44,0
1.888,57.4,3077,60.9,186,113,49.19,33.12,0
2.246,60.2,3112,83.9,404,217,43.21,40.19,0
9.509,92.8,3111,76.2,98,338,33.46,43.25,1
3.082,61.7,3093,63.5,234,68,50.39,41.26,0
8.301,78.8,2531,78.6,331,505,18.66,44.68,1
7.038,100.2,2584,93.0,315,314,30.52,44.29,1
0.851,64.0,3300,85.9,404,63,48.08,32.78,0
8.319,76.7,2935,79.6,238,116,23.01,55.3,1
2.225,60.5,3171,71.4,182,104,49.36,40.02,0
9.771,88.2,2733,83.3,550,216,28.79,35.7,1
7.697,88.2,2890,85.5,177,172,31.63,44.29,1
8.364,81.6,2786,70.2,161,499,23.35,41.73,1
4.594,57.7,3055,77.9,154,109,55.39,27.48,0
8.786,82.9,2586,94.6,150,144,31.44,34.89,1
1.855,60.2,2873,63.6,622,72,46.33,36.24,0
1.915,54.6,3261,77.6,680,159,54.72,36.29,0
2.796,61.0,2967,78.6,432,62,48.53,28.56,0
8.111,98.8,2847,82.7,365,114,26.42,46.85,1
9.608,78.9,2820,84.4,162,285,24.94,43.42,1
0.571,62.1,2804,65.5,203,56,47.59,39.46,0
1.502,71.8,3215,71.6,88,110,49.35,42.66,0
2.466,53.4,2895,61.5,235,130,40.52,32.34,0
7.696,67.3,2800,92.5,110,107,38.28,50.18,1
2.856,52.3,3203,46.0,301,218,51.95,38.26,0
9.051,86.1,2707,90.3,170,114,31.03,53.95,1
0.147,63.0,3079,64.9,316,82,51.66,39.43,0
8.165,83.8,2544,90.2,152,249,29.65,41.76,1
1.337,63.5,3366,56.0,77,108,48.31,46.44,0
0.385,59.6,3140,76.3,136,78,48.03,37.75,0
2.116,62.0,2971,70.3,333,127,42.35,31.84,0
9.7,80.4,3071,96.2,345,520,25.12,39.69,1
6.076,82.8,2771,94.6,325,229,26.45,46.26,1
1.634,78.3,2949,74.3,299,15,44.71,32.52,0
6.898,96.3,2700,96.9,275,236,22.51,46.68,1
9.925,80.0,2984,87.3,390,116,32.61,39.28,1
11.066,85.8,2881,73.0,42,167,36.66,43.28,1
8.343,87.7,2637,87.4,606,292,23.28,45.14,1
2.417,61.2,2982,71.0,231,56,45.24,39.46,0
2.257,58.2,2983,76.2,392,150,53.87,25.7,0
10.243,73.3,2837,78.1,262,153,25.4,45.4,1
7.109,70.8,2914,84.2,168,265,31.38,40.87,1
8.858,87.9,2930,83.2,220,172,27.83,38.51,1
0.258,70.5,3062,84.8,131,73,38.98,31.98,0
2.143,63.8,2544,79.4,146,82,48.14,24.45,0
8.784,84.9,2663,100.0,355,350,22.48,50.91,1
10.002,77.2,3030,92.8,303,72,29.4,44.16,1
4.445,84.6,2703,86.4,71,214,28.48,41.56,1
9.517,75.1,2828,87.6,150,151,27.72,47.23,1
7.519,96.1,2584,84.6,230,316,30.88,38.39,1
1.641,57.7,2960,73.7,262,112,47.26,38.29,0
1.446,62.3,2910,68.8,738,62,40.31,40.24,0
10.56,76.7,3009,81.3,298,536,25.5,42.64,1
8.294,89.6,2954,100.0,63,426,26.06,44.65,1
3.634,75.9,3259,79.9,271,90,47.5,31.54,0
2.222,53.6,3062,65.6,112,37,48.74,41.62,0
10.472,91.8,2689,87.2,237,76,31.85,26.58,1
2.258,69.9,3010,77.4,776,158,45.76,36.91,0
1.991,66.3,3122,67.0,195,155,46.09,27.89,0
8.613,77.1,2839,85.1,444,98,25.83,46.81,1
6.097,73.8,2865,86.0,269,279,23.73,36.29,1
8.131,85.9,2829,88.3,590,72,22.01,40.38,1
2.014,61.8,3108,74.3,369,51,46.34,37.1,0
11.756,90.0,2986,81.9,476,168,27.79,47.39,1
3.043,51.7,2844,61.1,330,73,47.64,31.72,0
2.532,66.2,3001,69.1,194,25,46.26,36.93,0
9.327,72.0,2445,88.8,552,537,27.03,40.7,1
8.565,100.1,2015,90.4,309,262,26.01,34.78,1
11.043,83.7,2856,72.2,202,101,33.81,42.54,1
7.566,90.6,2515,86.9,168,134,15.7,52.37,1
8.792,78.3,2757,92.5,315,256,26.08,48.45,1
0.583,66.9,3195,83.1,499,131,51.84,42.29,0
2.377,65.6,2900,57.7,347,114,43.2,40.13,0
0.535,68.2,2785,87.1,212,56,42.3,37.53,0
1.017,55.9,2989,68.7,339,57,44.33,34.38,0
7.856,85.2,2967,82.9,419,309,21.88,42.74,1
1.931,56.4,2873,77.6,86,66,52.55,36.72,0
6.391,75.1,2708,100.0,113,266,28.32,47.05,1
8.375,79.5,3014,82.1,397,628,26.3,46.81,1
6.243,88.7,2578,85.5,109,78,26.61,44.6,1
1.062,77.6,2933,61.8,237,16,54.23,38.04,0
8.624,83.9,2490,82.5,285,195,23.13,37.19,1
1.56,62.4,3034,67.1,137,36,47.44,41.4,0
2.253,62.6,2901,55.6,243,206,52.31,33.9,0
7.372,100.5,3135,83.8,288,168,22.08,31.87,1
2.145,61.7,3240,57.9,512,152,48.54,32.25,0
3.043,68.8,3101,58.5,482,156,55.27,33.65,0
5.687,72.0,2964,81.4,315,436,35.03,45.33,1
1.67,57.2,3225,58.0,182,267,42.02,40.27,0
8.26,87.4,2836,95.3,488,290,27.37,38.51,1
9.507,86.1,2608,89.7,497,143,36.54,46.03,1
8.82,82.7,2681,81.6,165,296,35.26,43.53,1
1.74,69.2,2917,67.8,299,96,43.9,46.03,0
1.869,54.0,2720,66.9,202,200,36.58,35.54,0
7.306,82.9,2875,94.0,321,190,26.19,42.38,1
1.205,62.9,3259,62.5,158,69,41.95,33.77,0
8.532,79.8,2563,67.2,416,80,36.67,45.92,1
11.352,87.4,2986,88.9,322,494,22.97,48.21,1
8.409,83.1,2900,74.1,158,296,32.34,35.16,1
1.026,57.2,2923,76.4,396,179,53.53,33.16,0
2.128,63.2,2933,62.4,181,53,43.27,42.67,0
5.795,94.4,2964,94.0,72,267,37.05,42.83,1
2.411,58.7,2915,80.2,136,59,45.11,30.78,0
2.028,64.6,2786,60.1,442,263,41.48,38.24,0
9.263,82.1,2995,80.6,629,363,25.55,43.71,1
6.128,106.6,2385,100.0,638,122,32.8,53.02,1
9.843,83.2,2759,95.6,188,243,29.77,40.82,1
7.775,93.8,2687,100.0,237,79,19.36,47.54,1
2.336,60.9,2812,87.5,204,38,42.75,39.88,0
10.918,86.8,2877,90.3,264,229,30.43,48.98,1
9.845,78.3,3024,85.9,107,160,22.82,46.72,1
0.988,62.7,3096,72.6,191,39,49.86,35.24,0
0.566,62.9,3105,76.3,299,108,42.39,34.09,0
5.272,78.5,2822,88.7,443,340,27.15,41.5,1
7.421,86.4,2800,81.7,315,103,28.75,36.14,1
8.183,75.0,2582,91.5,230,595,26.33,38.99,1
7.019,82.9,3021,89.4,138,480,25.75,33.19,1
1.68,65.6,2918,68.6,458,109,46.22,36.24,0
2.215,67.1,2787,77.9,96,173,43.27,35.22,0
8.163,76.1,2638,87.7,111,213,18.38,41.76,1
7.525,94.6,2708,94.1,372,328,28.16,40.88,1
8.753,80.2,2764,100.0,402,415,19.0,38.03,1
9.163,71.6,2493,98.5,40,413,28.25,33.14,1
1.059,61.6,3252,58.6,231,154,49.22,39.75,0
2.39,60.7,2999,67.4,63,138,44.49,47.56,0
8.352,86.3,2904,89.8,240,125,32.31,37.04,1
8.528,95.9,2669,77.5,210,373,33.24,39.33,1
9.562,83.1,2596,92.0,556,167,19.95,49.71,1
8.85,84.0,2637,90.2,342,286,27.71,47.8,1
9.93,76.2,2708,88.2,348,617,38.05,34.58,1
0.862,60.4,2759,58.2,505,74,39.92,35.99,0
1.224,63.3,2783,65.8,516,108,48.51,35.91,0
1.682,57.1,3002,83.7,289,42,46.38,34.6,0
6.784,69.8,3004,95.2,178,773,26.08,40.66,1
2.304,61.5,3051,89.3,430,51,47.22,35.37,0
1.226,60.3,3281,77.4,418,141,40.31,36.93,0
8.188,80.3,2555,91.8,370,244,30.92,46.68,1
1.509,61.6,3089,70.5,288,33,43.16,32.58,0
5.677,75.4,3066,88.8,239,359,27.53,45.31,1
2.783,65.9,3115,63.3,517,25,51.6,37.22,0
0.903,59.6,2921,100.0,210,90,43.66,37.21,0
8.74,90.8,2713,100.0,172,451,20.93,39.98,1
2.663,70.8,2983,78.6,229,98,46.19,42.44,0
2.873,56.7,3154,63.8,155,64,46.94,32.92,0
7.201,77.0,2850,99.7,419,86,25.71,52.58,1
9.954,77.6,2634,89.2,288,225,23.2,40.13,1
0.853,60.0,2967,88.8,66,101,47.76,30.57,0
7.531,86.9,2672,80.7,342,373,31.74,36.85,1
2.395,60.2,3022,55.2,234,181,42.46,38.11,0
3.037,64.2,3184,58.9,268,60,45.24,30.69,0
9.879,77.2,2671,82.6,309,321,26.86,39.37,1
10.001,73.9,2686,86.8,194,376,36.01,45.51,1
7.494,70.6,2918,90.1,171,322,29.74,43.95,1
10.589,67.2,2628,80.1,371,122,25.56,32.95,1
8.125,80.9,2723,84.7,121,153,28.46,49.85,1
1.421,44.9,2941,89.0,144,120,45.86,35.64,0
1.844,65.3,3004,69.9,164,163,49.27,36.08,0
8.299,94.9,2921,98.2,454,59,30.15,35.81,1
1.369,62.9,2847,84.9,528,171,36.54,36.77,0
1.994,53.5,3093,65.5,163,62,43.05,41.12,0
1.828,58.1,3245,49.9,146,96,42.01,31.77,0
1.703,59.2,2974,67.8,286,80,45.5,31.97,0
6.006,80.2,2794,100.0,234,267,19.61,42.65,1
10.049,79.7,2864,93.7,423,139,34.07,43.16,1
10.19,79.4,2823,90.3,354,421,31.04,53.22,1
2.112,55.1,3050,70.6,658,55,49.56,37.25,0
2.797,66.4,3067,75.2,150,52,49.81,42.67,0
0.888,71.2,3251,57.9,420,138,48.72,34.63,0
2.126,73.4,2970,74.1,210,169,44.66,29.07,0
8.038,87.9,2736,99.7,140,104,29.01,44.24,1
9.669,77.7,3078,86.3,208,173,20.65,39.48,1
10.465,95.2,2863,89.0,222,420,10.73,42.31,1
2.954,59.9,2771,57.8,502,29,49.82,37.65,0
7.657,72.1,3179,69.5,92,355,23.07,40.08,1
8.186,88.0,2527,88.2,167,98,27.5,32.57,1
5.975,78.5,2578,90.4,279,161,23.95,46.37,1
7.291,87.6,3142,83.9,134,163,23.6,43.57,1
2.241,54.1,3012,62.8,622,120,37.76,35.32,0
2.14,60.6,2949,64.4,676,96,40.51,33.37,0
0.525,69.7,2950,62.9,265,123,43.2,38.45,0
7.611,73.0,2889,100.0,372,104,30.87,44.21,1
1.949,62.8,3006,65.1,566,62,49.15,35.03,0
2.429,64.9,3114,74.6,244,179,49.02,41.3,0
0.243,69.0,2981,89.8,359,120,48.41,37.7,0
1.87,52.1,2947,69.3,123,142,45.86,38.92,0
7.789,66.9,2851,83.3,68,142,33.19,34.4,1
8.478,82.2,2576,84.3,448,108,22.99,52.09,1
2.554,63.0,2946,80.3,253,366,46.89,35.67,0
2.466,68.4,3304,69.8,665,46,48.27,36.63,0
1.36,54.8,2863,76.4,184,175,44.4,30.69,0
0.474,55.9,2958,57.1,116,70,45.77,34.49,0
1.686,50.4,2941,62.2,423,124,37.67,23.4,0
2.801,58.7,2962,64.0,635,95,44.45,33.66,0
3.115,70.0,2950,92.4,124,91,53.04,33.25,0
10.898,93.7,2745,77.7,149,615,31.24,49.56,1
9.341,85.3,3122,88.2,554,176,23.17,48.53,1
2.304,59.1,3155,59.6,781,55,49.99,33.93,0
1.555,53.1,3094,75.6,361,67,47.43,34.68,0
7.999,64.8,2873,86.2,173,127,22.39,40.84,1
3.335,64.3,2659,80.9,527,235,46.09,37.88,0
9.054,93.5,2791,81.6,224,328,32.55,34.95,1
8.339,77.9,2994,76.1,177,159,20.53,60.01,1
1.742,61.6,3387,61.9,194,136,42.65,34.95,0
3.06,62.5,3081,83.7,392,52,49.71,40.21,0
6.81,61.8,3264,84.6,274,438,23.28,48.94,1
2.469,66.6,2896,81.9,349,87,42.7,25.26,0
8.714,77.8,3082,98.6,430,217,30.57,41.43,1
11.099,89.0,2843,81.1,231,246,24.5,39.49,1
11.847,84.3,2993,99.3,461,247,28.63,37.57,1
2.808,60.7,2979,60.3,268,152,43.91,37.34,0
9.251,88.2,2959,72.4,196,204,25.35,41.32,1
0.801,60.0,2834,72.0,99,75,51.35,37.66,0
7.686,77.9,2857,84.8,226,235,22.25,39.75,1
7.318,91.4,3063,64.7,586,111,31.8,44.88,1
2.439,59.3,3126,69.8,417,105,44.47,32.54,0
8.248,90.2,2762,94.2,348,366,25.12,40.77,1
7.792,76.2,2819,100.0,131,425,21.91,46.49,1
3.484,69.9,3107,71.3,192,26,44.54,31.86,0
2.179,69.0,3046,64.5,385,308,48.48,37.06,0
1.723,54.5,3020,83.8,440,123,43.85,33.15,0
0.711,69.7,2908,81.9,423,146,52.63,32.05,0
1.79,60.1,2925,81.8,310,237,48.5,36.8,0
7.121,78.1,2695,83.3,161,264,26.83,38.22,1
2.768,56.6,3365,60.4,441,97,45.34,34.14,0
2.37,62.9,3045,70.8,191,49,50.76,34.4,0
10.151,94.4,2937,98.6,444,236,31.22,38.77,1
2.138,53.1,2875,63.9,226,179,41.35,38.88,0
6.656,77.3,2658,89.5,647,403,26.59,44.97,1
3.222,70.1,3326,69.6,211,36,48.54,30.23,0
2.71,61.0,2940,66.0,209,128,49.75,34.11,0
8.341,66.5,2655,85.6,255,389,28.37,34.97,1
12.467,98.4,2811,89.7,163,168,27.15,45.35,1
6.246,88.5,2824,84.8,144,154,25.17,42.8,1
8.881,94.8,2862,79.7,159,126,35.95,42.3,1
9.202,72.4,2971,81.7,543,172,28.18,35.58,1
1.72,71.0,2903,62.7,151,123,40.94,31.04,0
1.382,60.3,3248,57.8,210,139,46.44,35.63,0
8.962,74.4,2686,92.9,821,557,30.3,44.41,1
7.913,91.2,3160,80.8,452,164,25.11,39.85,1
8.904,85.0,3204,64.4,447,448,25.17,39.4,1
0.088,64.7,3068,85.7,752,203,49.46,34.95,0
1.67,64.5,3302,75.5,250,68,45.75,34.47,0
7.946,91.7,2443,90.8,72,215,30.99,40.71,1
2.43,68.7,3086,81.6,424,69,38.63,31.55,0
8.456,94.3,2677,93.6,234,418,21.32,38.32,1
10.189,71.7,2760,100.0,825,210,23.97,33.75,1
0.977,62.1,2819,88.6,65,156,44.4,31.76,0
5.84,86.1,2973,83.0,144,301,18.21,40.14,1
10.393,85.2,2845,90.8,186,351,29.46,43.46,1
3.747,60.4,2939,61.4,253,222,41.49,29.3,0
7.519,91.5,2607,100.0,109,301,32.25,38.41,1
1.535,70.1,2875,75.2,329,95,45.79,33.04,0
10.562,91.9,2939,90.0,180,125,24.68,42.24,1
1.926,61.8,3207,64.9,469,34,47.34,30.12,0
13.207,89.8,2593,94.6,564,421,25.39,48.6,1
2.893,62.5,2875,79.1,218,81,52.38,30.13,0
2.149,59.7,3159,63.3,361,284,48.77,37.9,0
8.418,78.5,2585,82.7,267,348,28.79,40.76,1
3.512,71.8,3005,75.8,255,286,43.58,42.23,0
2.039,57.3,2819,54.3,103,76,55.62,34.71,0
9.468,74.0,2753,88.6,247,185,29.72,36.11,1
9.333,95.9,3117,89.4,442,183,19.69,42.08,1
8.634,86.0,2900,86.6,334,232,26.87,44.85,1
8.204,91.8,2702,96.0,147,373,28.78,32.27,1
0.488,59.7,3231,81.1,104,172,42.73,29.3,0
3.612,59.6,3057,64.9,241,109,54.78,32.2,0
3.033,68.8,2593,80.0,165,136,49.9,36.98,0
9.39,92.8,2617,86.0,178,271,22.66,49.69,1
4.089,85.0,2940,93.9,167,100,21.11,38.83,1
9.484,90.5,2969,89.2,269,126,30.77,39.71,1
8.792,67.8,2920,82.9,375,116,27.42,46.83,1
2.285,62.5,2900,70.7,161,177,55.13,38.87,0
2.153,63.9,2793,70.6,157,129,48.64,29.95,0
2.405,56.1,3030,77.9,116,77,48.46,38.09,0
9.921,90.0,2619,90.7,296,176,31.17,47.78,1
2.454,62.5,3053,52.9,436,49,46.2,33.18,0
9.111,88.9,2448,89.9,249,124,25.32,34.14,1
3.09,56.4,2800,50.0,376,131,51.76,36.32,0
3.312,59.0,2957,65.8,505,111,39.56,31.51,0
4.522,61.6,2621,82.1,307,200,51.46,39.83,0
9.794,88.1,2848,87.4,149,184,29.9,43.35,1
9.93,97.7,2561,91.4,139,282,28.85,35.97,1
0.334,57.0,3108,78.8,155,66,44.82,36.12,0
2.443,63.3,3011,61.5,691,204,43.92,33.38,0
9.274,85.3,2444,96.9,801,455,29.69,44.38,1
3.539,63.9,3381,72.7,212,144,45.98,33.52,0
9.148,81.8,2645,77.4,491,369,22.48,38.8,1
9.701,89.3,3086,77.7,541,344,32.17,41.16,1
1.623,61.9,2782,76.4,105,56,43.22,39.93,0
0.42,71.8,2939,74.6,669,58,43.85,35.08,0
9.562,89.2,2500,76.8,229,99,28.66,44.03,1
0.348,57.8,3067,67.1,222,83,44.2,33.37,0
2.023,75.3,2822,74.7,119,68,47.98,41.22,0
8.46,94.2,2400,91.3,693,406,30.9,44.17,1
7.177,75.3,2658,84.9,278,163,38.12,25.16,1
8.255,88.7,2899,89.5,654,139,22.23,45.34,1
7.383,75.6,2928,88.9,522,387,32.31,35.91,1
1.309,61.8,3176,78.8,215,145,42.67,36.58,0
1.975,59.0,2718,70.4,284,484,50.52,41.24,0
7.311,77.5,2680,100.0,176,128,34.82,34.32,1
8.038,80.6,2822,94.5,189,405,30.01,47.45,1
0.907,69.7,3002,73.4,345,118,47.6,29.82,0
8.82,91.7,2645,84.0,410,44,27.41,49.27,1
0.0,62.6,3091,65.2,70,95,45.25,29.67,0
1.496,71.0,2994,78.0,72,309,47.73,33.76,0
1.609,60.1,2944,66.7,193,84,45.16,34.75,0
2.507,68.2,2938,71.1,316,118,50.88,25.56,0
2.018,60.3,2908,85.2,546,118,40.79,40.55,0
0.876,64.6,3118,77.6,276,89,50.86,30.05,0
1.212,61.3,2903,57.6,228,87,38.51,34.26,0
7.09,93.8,2706,79.6,372,260,31.62,40.44,1
9.744,88.8,2964,85.3,148,273,18.14,44.58,1
8.209,78.1,2808,87.5,280,259,28.58,44.33,1
8.103,102.4,2585,95.4,246,209,27.05,49.86,1
2.557,57.6,2890,61.8,293,278,41.61,39.31,0
1.586,74.7,3095,77.0,508,159,46.18,30.0,0
6.641,92.7,3158,86.9,81,534,30.42,47.98,1
3.736,47.7,2910,70.2,254,71,41.84,36.69,0
8.916,88.2,2920,80.7,409,95,28.01,43.41,1
0.519,51.1,3081,78.2,358,66,41.07,28.54,0
6.537,82.8,2812,96.2,86,214,27.68,48.32,1
1.457,43.2,3144,61.8,71,133,42.44,24.66,0
8.776,85.9,3095,100.0,392,97,20.32,47.88,1
11.201,93.6,2849,85.3,83,161,27.66,44.76,1
10.358,72.9,2748,81.8,283,390,17.94,38.72,1
3.279,52.2,2789,86.7,489,36,40.51,36.21,0
7.763,80.3,2783,99.9,99,395,28.32,45.08,1
9.711,71.9,2964,96.9,656,192,31.84,38.46,1
7.04,81.6,2989,92.0,385,123,23.0,46.43,1
9.215,89.0,2900,96.7,1054,167,29.87,42.79,1
9.258,77.9,2691,74.3,197,315,35.34,43.91,1
1.352,60.0,3195,64.4,561,55,42.36,31.13,0
12.639,85.6,2700,80.7,211,568,20.26,43.78,1
9.089,91.9,2739,97.8,273,199,29.45,42.36,1
7.737,71.4,2737,84.9,173,401,22.04,41.59,1
1.982,61.5,3260,63.0,265,104,50.29,34.0,0
1.449,75.5,2839,69.1,452,37,42.63,32.44,0
7.458,92.6,2824,81.1,669,108,37.38,48.82,1
7.886,94.7,2756,83.3,151,200,23.0,38.94,1
0.707,53.3,2985,61.1,298,44,52.38,36.56,0
8.729,82.2,2824,81.8,188,485,25.8,48.43,1
2.746,67.7,3250,70.4,307,57,40.37,31.75,0
1.668,66.7,3037,76.6,490,107,43.54,35.2,0
2.561,58.2,3098,60.9,198,119,49.92,33.71,0
4.252,57.8,3049,56.8,349,97,52.32,33.64,0
8.008,74.2,2891,81.7,145,162,36.08,42.99,1
2.315,62.5,2930,54.8,513,51,43.68,31.34,0
9.738,96.0,2445,90.3,418,73,32.93,41.69,1
7.199,93.2,2927,81.2,162,127,23.47,34.59,1
7.513,82.1,2665,81.5,159,467,25.35,42.55,1
8.044,91.8,2580,80.5,579,282,22.8,38.22,1
1.184,58.8,2974,73.8,777,207,41.22,27.28,0
7.271,97.0,2886,95.5,167,79,34.13,41.6,1
7.786,85.6,2755,100.0,454,279,25.0,44.59,1
2.359,60.3,3239,77.4,216,137,43.37,37.83,0
8.894,106.1,2895,100.0,579,127,26.4,50.78,1
8.79,89.8,2512,80.0,223,356,20.26,45.25,1
9.776,85.4,2827,96.7,399,175,24.63,46.67,1
8.294,90.8,2847,82.2,292,263,31.87,35.58,1
9.086,82.1,2977,81.0,55,560,23.62,50.11,1
2.255,68.0,3032,49.8,152,143,45.83,37.0,0
8.898,86.4,2527,87.6,395,97,21.46,40.16,1
7.626,82.8,2789,92.6,367,346,27.28,45.41,1
2.151,69.0,3052,79.2,316,110,46.02,37.49,0
2.238,67.6,2949,64.5,683,84,51.24,34.88,0
1.049,62.2,3074,52.3,436,164,43.53,34.14,0
9.889,81.0,2729,80.7,405,263,32.23,38.27,1
9.948,89.6,2711,87.1,54,103,23.15,39.55,1
1.436,66.0,3121,56.1,449,194,50.67,38.63,0
8.633,86.5,2997,80.4,90,446,28.22,32.4,1
1.884,57.2,2774,76.0,265,80,46.52,31.73,0
7.574,98.7,2983,100.0,91,150,21.01,46.47,1
8.026,78.8,2737,84.0,354,48,34.43,43.37,1
9.424,74.8,2668,84.5,502,90,22.67,42.09,1
0.394,68.8,3065,65.8,252,45,41.03,43.29,0
1.689,64.2,3251,69.3,257,199,42.44,40.24,0
1.756,70.0,3108,64.9,143,261,49.99,40.14,0
2.507,57.8,3188,67.9,497,179,43.61,31.6,0
9.402,87.6,2538,100.0,97,447,27.15,39.07,1
6.334,94.8,2854,90.8,292,473,37.28,46.5,1
5.056,86.1,3113,83.0,250,120,21.73,37.23,1
7.674,84.2,2919,83.3,333,416,30.97,39.4,1
6.669,82.3,2835,83.9,423,244,30.77,45.52,1
7.738,82.5,2606,99.0,241,115,44.77,40.12,1
8.278,72.6,2523,77.8,450,261,22.61,40.36,1
7.82,87.1,2954,82.7,260,239,24.87,38.78,1
1.69,58.9,2696,51.9,327,167,43.76,34.55,0
1.121,55.7,3088,71.4,126,168,52.4,35.81,0
3.136,67.1,2803,77.9,204,202,45.72,29.15,0
9.433,83.7,2308,76.1,83,188,32.79,43.14,1
6.792,78.0,2603,84.8,277,184,26.67,38.92,1
2.988,62.3,3099,77.3,410,250,40.08,38.45,0
8.386,90.9,3119,83.0,234,175,31.63,49.98,1
9.506,75.9,2934,93.5,251,57,29.88,34.89,1
1.528,69.0,2909,94.8,337,72,42.65,32.19,0
1.894,64.6,3106,57.6,359,231,49.46,33.62,0
9.727,79.3,2683,89.8,80,169,23.43,41.1,1
9.065,80.3,3081,70.7,181,186,31.63,46.77,1
7.147,86.8,2840,84.6,90,123,26.2,31.66,1
7.196,75.9,2379,96.0,208,124,24.15,48.9,1
10.188,87.8,2665,84.6,613,318,21.57,51.29,1
6.716,77.8,2628,82.1,413,258,29.96,47.44,1
10.964,93.5,2690,100.0,265,136,25.46,31.49,1
7.149,103.7,2912,100.0,710,182,17.94,45.82,1
3.085,66.9,3302,77.8,318,23,42.26,32.81,0
1.84,68.6,3016,64.1,926,35,45.86,34.09,0
2.185,64.5,2950,70.2,289,163,45.27,32.91,0
7.684,93.3,2660,81.7,180,212,26.78,47.08,1
8.256,74.9,3172,84.2,119,184,26.09,50.98,1
8.561,88.8,2665,86.1,388,93,20.62,42.15,1
0.776,54.4,3075,68.9,206,76,45.81,33.35,0
3.304,56.7,2950,85.3,288,154,53.29,32.95,0
1.702,61.0,3107,85.3,353,95,50.66,33.32,0
1.806,55.9,3025,78.5,151,167,44.72,27.27,0
7.008,78.3,2886,100.0,315,444,30.45,36.05,1
1.636,60.6,2886,63.9,237,47,46.61,34.86,0
1.168,62.1,2876,61.9,94,117,53.38,36.52,0
12.119,84.1,3300,66.6,364,164,28.16,43.99,1
1.89,54.9,2988,57.9,392,120,42.77,31.88,0
2.766,64.5,3042,76.8,549,157,47.41,33.04,0
8.106,86.7,2478,83.1,122,242,29.84,46.54,1
2.246,60.0,3134,78.2,786,43,41.3,33.48,0
9.321,78.8,2774,85.9,162,209,27.03,41.1,1
6.729,94.4,2894,89.2,60,112,36.25,44.57,1
10.171,97.0,2255,77.1,272,73,29.06,38.14,1
1.412,60.9,3175,84.4,334,123,43.12,33.81,0
9.577,73.4,2570,72.2,243,607,22.57,33.08,1
1.806,60.4,3293,71.4,121,144,44.58,27.4,0
2.002,65.5,3046,58.4,197,141,42.07,29.03,0
2.856,63.7,2843,59.5,322,103,49.53,34.03,0
9.388,85.3,2745,79.8,852,220,14.71,39.57,1
1.911,52.8,2942,59.2,125,40,46.38,37.61,0
1.689,61.3,3065,70.7,179,24,50.5,41.35,0
8.653,93.7,2561,91.5,103,480,21.03,43.64,1
2.27,65.6,3011,68.2,208,133,45.67,35.94,0
2.713,52.3,2863,74.9,253,115,53.9,34.0,0
2.003,64.1,3148,67.0,468,77,52.33,34.19,0
2.495,58.2,2826,58.8,326,137,38.06,43.32,0
3.311,57.6,2833,69.5,597,56,41.88,36.05,0
2.305,53.3,3055,61.0,260,37,36.98,36.39,0
8.866,90.5,2634,87.6,22,261,32.82,40.14,1
0.785,68.5,2947,83.4,335,71,41.16,36.64,0
0.0,61.8,3105,67.3,75,112,42.74,37.63,0
6.099,85.5,2566,79.0,459,148,29.47,48.41,1
1.924,72.0,3122,84.3,260,73,38.98,37.52,0
8.345,73.2,2453,93.8,174,385,20.16,38.1,1
2.195,58.6,2836,58.9,114,107,46.49,34.32,0
1.952,64.8,2668,69.5,191,108,45.67,34.71,0
2.902,58.7,2960,81.5,253,36,46.52,35.43,0
2.069,59.0,3176,65.1,724,102,37.07,40.07,0
1.402,52.9,2831,79.1,240,64,42.76,39.29,0
2.792,67.6,3105,82.1,304,335,52.17,38.01,0
1.826,59.7,2857,62.3,249,60,41.21,43.12,0
2.421,63.1,3015,63.2,304,229,52.67,24.38,0
1.618,55.8,3106,77.1,293,116,40.37,33.16,0
1.48,64.6,2901,71.5,263,47,39.89,34.95,0
2.067,57.4,3025,63.1,170,171,42.19,32.31,0
2.01,61.1,2937,66.5,396,221,50.52,31.28,0
8.87,92.0,2766,85.5,125,289,25.29,40.43,1
1.785,66.7,3035,54.4,355,125,47.38,33.75,0
10.21,72.7,2779,100.0,401,130,30.21,39.58,1
10.871,97.6,2304,79.7,63,107,29.02,44.28,1
2.635,80.0,3099,42.2,117,129,51.1,31.99,0
7.284,94.1,3103,91.5,70,188,25.47,37.24,1
6.614,83.8,2823,92.2,535,229,30.63,40.45,1
2.789,57.5,2988,86.9,186,107,44.9,28.92,0
1.43,61.3,3012,64.1,519,168,52.97,34.36,0
9.981,77.9,3153,77.6,213,180,26.77,49.85,1
8.386,86.1,2981,99.7,133,548,27.51,39.07,1
1.613,63.6,2694,63.4,165,137,40.25,38.4,0
1.227,57.3,2918,62.2,290,83,49.56,29.01,0
1.86,59.2,2710,75.1,398,65,48.81,30.98,0
2.393,68.7,2950,59.6,269,51,42.31,37.73,0
6.089,83.7,2784,99.9,450,133,24.9,38.04,1
2.246,71.2,2869,87.3,237,61,52.4,38.25,0
3.451,66.5,2771,75.8,253,129,51.83,36.8,0
8.51,92.0,3023,84.1,158,240,26.08,41.88,1
2.223,42.6,3000,70.0,146,48,48.22,33.12,0
1.593,63.8,3045,75.1,414,101,45.29,37.04,0
8.229,71.2,2947,86.5,126,248,23.93,41.1,1
10.559,100.6,2923,83.1,213,203,26.78,50.04,1
1.617,62.3,3077,73.7,426,30,42.5,35.15,0
10.8,79.0,3382,91.8,81,578,33.28,38.1,1
3.879,65.3,3061,68.1,543,208,51.1,35.87,0
1.427,65.8,2936,71.6,134,189,39.56,30.42,0
7.856,84.8,2846,72.4,544,179,32.2,42.01,1
1.95,67.7,2863,77.4,125,53,49.32,41.97,0
2.317,65.6,3067,74.9,413,100,44.6,29.97,0
2.211,59.5,3160,54.9,183,116,38.3,34.91,0
3.027,61.6,3039,56.4,740,87,45.75,28.53,0
0.059,62.5,3119,66.3,227,146,45.18,31.67,0
0.09,62.6,3106,88.3,114,182,44.28,37.81,0
1.603,68.0,3075,61.5,355,97,48.74,33.28,0
2.878,65.9,2901,67.9,196,46,40.67,37.97,0
8.529,81.2,3006,84.5,376,117,31.06,47.44,1
7.538,82.6,3058,88.8,540,290,23.81,50.98,1
9.232,82.1,2861,86.5,420,247,28.71,44.2,1
11.207,80.6,2858,76.8,78,331,36.72,41.15,1
1.128,69.4,3251,74.6,124,214,43.91,36.22,0
1.212,58.8,2803,62.0,309,110,46.08,28.89,0
6.56,99.9,2811,89.3,328,348,31.4,47.67,1
7.065,75.7,2799,99.0,34,190,20.55,36.22,1
9.209,97.7,3039,85.8,106,353,30.79,46.55,1
2.395,65.7,3124,84.1,132,184,47.84,33.75,0
0.0,52.6,3088,65.3,563,215,51.09,30.78,0
1.315,55.5,3194,86.6,169,91,44.78,31.67,0
1.099,64.1,2836,61.3,397,218,52.22,40.56,0
6.624,92.9,2737,86.8,496,62,28.35,43.55,1
9.407,86.0,2880,100.0,165,149,29.21,43.41,1
2.638,57.3,2675,82.9,248,178,53.7,38.17,0
7.822,74.6,2777,86.8,397,163,20.36,44.34,1
7.795,77.9,2417,93.7,77,194,34.45,41.43,1
2.447,63.4,2934,82.8,219,195,47.21,36.2,0
3.485,70.9,2944,55.9,525,380,43.75,39.39,0
1.615,49.7,2989,59.5,323,395,42.93,38.08,0
2.26,60.7,3007,62.0,326,137,44.58,30.15,0
0.557,54.0,3019,75.0,451,206,43.71,34.24,0
0.086,52.1,3083,70.3,181,384,51.09,32.79,0
2.676,67.8,2974,68.3,129,85,45.88,39.61,0
1.996,65.3,3141,71.5,313,162,39.54,32.68,0
8.228,100.0,2886,92.4,190,150,20.53,30.64,1
0.901,67.5,2908,76.7,182,370,46.5,39.11,0
10.482,82.4,2984,100.0,126,251,28.91,51.88,1
3.495,59.4,2796,88.2,353,114,47.07,43.45,0
7.599,88.2,2817,86.1,231,82,23.74,38.33,1
2.221,60.5,3145,64.8,128,69,48.54,32.92,0
2.007,66.4,2891,76.1,467,51,48.3,39.49,0
7.473,87.3,2991,92.4,210,604,27.97,38.67,1
9.686,82.1,2560,86.4,358,230,30.46,42.85,1
5.545,83.5,2621,78.0,640,94,31.28,38.01,1
2.404,58.5,2989,68.8,463,67,39.78,37.44,0
0.75,68.3,2976,57.9,601,86,45.49,27.63,0
9.596,92.8,2829,93.8,457,423,35.97,43.8,1
8.521,79.9,3032,90.8,220,214,27.84,43.42,1
7.069,85.4,2763,85.8,151,278,32.71,50.32,1
7.889,79.0,2498,96.0,213,602,18.04,47.83,1
1.937,56.2,2941,71.1,223,84,52.07,31.68,0
8.659,83.3,3137,84.3,538,95,20.39,35.68,1
2.714,61.9,3015,69.0,193,164,44.69,32.6,0
1.528,61.0,3097,68.6,107,43,49.22,37.8,0
2.559,70.0,3138,44.3,302,155,52.26,32.16,0
2.02,57.8,3234,65.5,272,90,50.41,31.85,0
0.766,53.9,3441,78.5,157,197,45.46,34.89,0
2.131,62.1,3037,85.6,204,197,39.64,30.13,0
6.505,90.1,2926,85.9,611,92,26.97,41.82,1
2.394,82.3,3067,74.6,352,40,48.67,38.51,0
9.882,93.1,2801,94.3,215,309,34.51,42.92,1
2.86,59.5,3138,70.1,156,178,46.09,37.57,0
2.169,55.7,2805,47.2,794,56,45.67,27.3,0
6.323,106.1,2905,79.6,683,676,28.48,38.29,1
1.127,55.8,3128,77.6,440,105,53.42,34.09,0
2.187,62.7,2747,60.5,229,22,50.7,40.82,0
2.828,70.6,2893,67.5,151,79,45.66,32.67,0
1.331,68.7,3122,58.4,155,84,50.59,25.79,0
7.869,74.2,2747,97.8,227,171,23.83,42.31,1
1.927,60.1,2809,80.3,193,216,45.7,32.36,0
8.798,82.3,2793,89.0,261,261,35.61,47.56,1
2.798,58.9,2707,86.0,253,245,43.05,38.87,0
9.106,91.2,2978,87.3,136,127,21.84,40.2,1
10.354,83.7,2918,91.7,139,350,30.01,46.81,1
6.893,87.5,2768,95.3,216,48,29.41,49.98,1
1.952,48.7,2773,75.7,249,42,48.24,41.03,0
2.395,60.8,3021,79.7,582,131,49.78,33.9,0
2.233,67.0,2909,73.2,313,58,46.98,33.08,0
8.979,92.8,2775,94.9,306,175,38.24,47.74,1
7.744,92.7,2770,91.0,320,219,30.03,40.59,1
8.378,89.0,2901,81.3,505,295,26.55,49.81,1
1.894,53.1,2696,69.4,1567,186,45.08,33.07,0
7.769,90.9,2721,95.6,183,435,32.15,40.45,1
7.486,84.3,3193,76.9,760,270,25.73,41.33,1
1.136,59.7,2821,56.6,96,142,50.73,30.64,0
0.383,55.3,3029,74.5,217,26,39.01,34.24,0
6.871,85.7,2914,92.1,126,431,27.25,44.55,1
9.519,92.3,2823,92.9,390,185,28.67,46.94,1
6.777,83.5,2878,79.4,455,253,23.91,45.04,1
1.946,56.8,3040,85.2,107,363,44.37,38.26,0
9.194,85.5,3037,90.2,488,111,28.53,44.4,1
3.675,60.1,3308,57.6,325,116,42.86,26.96,0
0.79,70.2,2929,64.7,424,50,37.59,38.37,0
2.928,66.8,3098,78.5,530,57,47.42,38.06,0
7.028,93.2,2846,84.8,396,150,21.3,43.84,1
7.803,80.2,2824,85.0,93,316,23.17,49.34,1
9.193,80.1,2862,71.9,204,173,33.28,41.25,1
1.634,62.9,3036,63.2,102,55,46.57,31.98,0
8.123,90.6,2801,90.1,58,503,25.79,42.34,1
3.207,58.2,2950,72.8,120,220,46.11,36.01,0
10.634,82.5,2649,98.2,214,810,24.9,39.99,1
2.407,61.5,2930,63.1,727,38,40.4,35.5,0
1.656,75.3,2804,59.7,258,262,39.92,36.66,0
0.813,66.8,3168,68.9,326,51,41.72,34.69,0
1.833,75.1,3240,80.3,187,57,48.99,30.21,0
7.254,75.5,2820,88.5,231,274,34.24,36.27,1
0.778,68.2,3190,84.5,274,119,49.32,35.13,0
1.156,73.8,2948,68.3,223,99,47.57,29.35,0
10.602,75.9,3114,81.0,367,302,29.72,45.08,1
1.212,60.9,2883,54.0,174,89,40.08,35.6,0
6.245,80.3,2889,100.0,97,142,33.58,42.8,1
10.078,83.2,3181,89.1,82,503,24.29,49.79,1
7.003,73.5,2604,81.9,435,269,22.73,41.34,1
1.221,57.7,3194,61.0,36,91,41.87,36.9,0
8.875,94.0,2606,76.4,228,232,26.49,42.29,1
11.494,69.4,2847,85.3,124,495,32.57,41.45,1
0.722,66.8,2897,69.0,375,130,45.97,34.16,0
1.496,53.5,3102,63.3,263,208,43.05,29.66,0
8.225,91.9,2877,85.8,267,489,38.76,38.34,1
9.302,84.5,2769,81.1,281,511,31.25,36.34,1
9.831,85.2,2942,88.1,275,407,31.89,42.37,1
8.019,83.5,2819,88.2,96,97,34.43,42.96,1
11.193,94.7,2695,83.0,194,667,19.8,32.88,1
2.396,63.5,2874,50.0,147,288,44.19,37.2,0
2.307,56.9,2803,71.0,165,130,48.34,39.99,0
1.673,67.2,2941,71.7,278,78,54.63,34.03,0
9.132,90.7,2983,86.8,437,290,26.62,32.98,1
1.098,60.9,3273,74.0,428,114,49.66,31.75,0
7.574,80.8,2466,92.7,307,552,21.61,40.31,1
7.663,92.7,3026,92.6,201,223,26.2,37.68,1
6.85,84.2,3212,99.1,267,250,32.57,40.59,1
1.984,49.9,3093,79.3,397,59,44.19,32.52,0
9.668,84.9,2919,84.2,164,393,33.57,46.45,1
2.976,72.8,2703,70.4,260,98,49.51,34.69,0
11.012,95.4,2744,85.9,186,172,30.03,34.81,1
1.39,62.4,3142,66.5,163,74,48.61,37.36,0
2.829,72.0,3041,77.7,251,270,45.53,32.17,0
6.862,80.9,2827,89.1,202,306,24.86,46.94,1
2.72,60.5,2635,68.1,311,44,48.35,39.74,0
3.36,62.3,2945,67.2,204,92,52.98,39.17,0
9.774,85.9,3013,82.3,237,426,26.37,46.84,1
8.059,95.5,2645,90.6,96,168,24.72,51.56,1
8.393,74.1,2693,86.2,408,242,30.07,47.95,1
6.223,81.5,3179,77.7,412,35,29.01,46.61,1
7.964,82.7,2769,79.4,147,387,29.55,37.97,1
2.378,68.2,2646,77.0,156,149,48.66,36.9,0
1.484,64.3,2802,42.5,287,71,43.96,33.72,0
0.671,56.2,2954,72.5,191,29,40.53,37.06,0
8.575,81.4,3124,83.8,305,210,33.04,48.31,1
8.511,86.1,2694,80.5,553,198,30.58,43.79,1
1.746,61.0,3070,60.9,152,144,48.77,34.7,0
2.753,62.5,2942,68.5,426,34,48.77,33.56,0
9.131,84.1,2399,97.5,135,85,30.88,40.52,1
3.559,77.5,2890,65.5,164,214,45.55,35.53,0
7.711,83.7,2606,90.3,288,373,28.49,43.39,1
1.477,50.1,2861,61.9,365,61,43.54,31.64,0
10.146,85.6,2665,86.0,544,491,25.48,46.8,1
1.962,59.7,3031,70.0,650,98,45.84,28.42,0
7.206,95.2,3079,73.4,216,119,23.18,41.69,1
9.54,75.6,2956,96.5,258,66,36.07,37.76,1
7.912,79.2,2756,82.4,315,16,27.24,43.92,1
10.09,107.2,2828,97.6,252,476,42.31,53.23,1
9.426,76.7,2495,95.1,215,149,24.53,43.61,1
9.525,74.2,2773,92.5,183,189,29.25,40.52,1
0.662,66.6,2970,49.6,368,58,44.8,40.01,0
10.318,68.4,2938,83.1,546,415,24.03,44.98,1
8.892,83.1,3314,100.0,88,321,33.32,44.92,1
2.182,61.7,2925,61.7,226,151,53.78,35.7,0
8.715,72.6,2401,90.4,90,91,24.62,43.93,1
5.836,69.1,2727,82.8,355,564,30.93,48.63,1
9.113,73.0,2824,80.6,162,326,31.72,43.15,1
2.246,65.9,3231,60.4,504,86,39.17,38.59,0
1.34,63.5,3145,64.2,236,108,51.17,34.62,0
6.216,80.9,2849,81.7,358,114,28.64,46.61,1
10.169,90.5,2551,76.5,149,250,23.41,45.95,1
1.523,67.3,3112,71.4,281,211,40.58,41.76,0
10.801,99.3,2929,97.6,279,127,17.83,47.38,1
7.696,83.0,2596,83.1,326,101,36.59,37.75,1
2.026,64.3,3087,61.3,175,256,45.7,31.92,0
6.825,78.4,2526,99.6,480,195,21.55,40.68,1
2.179,63.4,3100,70.2,315,130,46.92,34.91,0
0.606,59.7,3044,78.3,532,107,48.5,34.93,0
1.563,56.5,2970,71.5,98,322,46.96,28.73,0
8.74,94.0,2866,100.0,283,313,25.52,38.2,1
2.108,47.4,2857,81.4,231,170,45.56,29.57,0
2.796,60.9,2873,62.6,658,103,44.26,28.39,0
2.517,60.8,3009,67.8,372,136,47.88,29.97,0
7.96,87.9,2992,83.4,254,265,35.0,40.02,1
6.511,85.5,2958,100.0,359,496,32.49,49.56,1
2.236,66.9,3068,57.3,198,74,47.59,31.63,0
1.379,63.4,3115,63.3,334,248,41.87,39.08,0
7.054,101.5,3269,87.2,865,161,19.86,47.94,1
2.141,63.8,3356,73.6,182,76,45.0,40.7,0
1.467,62.6,2897,61.0,280,120,46.5,33.06,0
2.158,69.5,2945,72.7,158,116,45.82,36.76,0
1.514,62.7,2940,62.6,141,69,48.61,36.88,0
1.677,53.3,2988,48.8,428,119,47.36,31.41,0
1.451,71.8,2950,73.1,119,102,45.8,33.69,0
0.854,64.2,2788,71.5,331,120,51.8,32.99,0
9.835,91.7,3162,88.8,413,353,40.13,33.02,1
2.468,54.5,2985,63.3,203,206,50.97,34.48,0
5.731,69.5,2301,79.1,521,55,35.89,42.24,1
7.106,85.0,3043,97.6,496,309,29.7,54.96,1
2.259,71.4,3200,85.2,202,160,49.72,36.36,0
7.525,79.7,2728,89.1,107,372,22.83,39.86,1
2.672,57.0,2895,74.2,346,77,48.25,35.27,0
6.326,91.5,2628,83.3,249,157,27.63,38.8,1
1.279,67.6,3267,54.6,290,143,48.73,36.71,0
1.229,63.0,2975,79.7,344,125,50.03,31.2,0
2.864,66.1,2800,79.1,94,64,43.71,28.1,0
8.604,73.5,2426,90.0,195,169,27.56,48.71,1
2.39,63.4,3113,68.2,620,145,44.59,39.29,0
8.765,78.5,2784,77.6,295,322,33.0,36.96,1
1.297,65.8,2969,78.9,357,145,44.75,27.48,0
8.093,89.0,2802,93.9,280,212,20.54,42.61,1
1.9,70.1,2659,79.9,351,50,45.84,26.26,0
10.511,95.7,3009,93.7,490,58,35.2,45.86,1
1.908,74.3,3129,56.9,61,130,45.45,36.6,0
1.692,51.8,2875,71.6,398,168,47.45,28.1,0
2.433,58.2,2874,72.6,252,88,49.48,39.0,0
2.701,61.8,2720,77.1,437,68,47.0,41.98,0
9.728,88.5,2800,90.5,207,98,25.25,46.77,1
1.951,68.0,2891,69.0,202,10,51.41,35.56,0
6.816,70.6,2585,81.1,116,106,27.94,38.22,1
0.002,63.6,3090,52.4,256,163,46.45,30.49,0
10.026,87.9,2800,84.4,111,220,30.73,40.4,1
2.487,63.8,2976,62.0,242,342,43.87,31.64,0
2.21,61.6,2919,50.9,290,111,45.19,35.15,0
9.011,96.8,2843,97.1,166,357,28.04,35.04,1
1.719,58.7,3192,55.4,86,64,44.78,32.79,0
0.225,58.9,2974,68.4,71,270,42.57,33.8,0
10.071,75.9,3011,89.1,136,22,32.7,46.77,1
10.254,78.4,2879,80.8,67,206,35.98,49.45,1
3.004,58.4,2816,54.9,285,115,41.79,31.93,0
2.757,56.8,3129,79.1,878,45,47.17,31.96,0
6.203,80.6,2609,84.6,115,187,28.51,36.37,1
1.094,61.8,2908,80.3,997,77,43.13,34.11,0
2.28,67.0,2892,65.7,279,137,50.78,27.18,0
1.325,56.6,3012,56.7,313,34,46.54,38.0,0
10.187,95.8,3021,81.9,90,122,24.29,36.17,1
7.999,81.3,2549,96.4,293,72,33.58,32.94,1
0.575,57.4,3202,74.8,188,255,47.78,33.51,0
0.216,61.5,3230,84.8,598,31,45.71,34.02,0
2.181,58.2,2758,64.4,71,75,45.68,40.05,0
8.238,74.3,2790,90.0,190,417,22.44,36.85,1
1.558,60.3,2883,54.8,152,87,40.33,28.51,0
2.557,62.9,2962,71.8,321,114,40.99,35.48,0
8.303,74.2,2496,90.0,43,126,33.86,41.91,1
1.782,63.2,2968,55.5,588,22,55.66,36.44,0
7.845,89.0,3123,85.7,314,115,36.4,49.49,1
2.4,65.1,3100,77.2,301,50,53.46,30.57,0
0.914,57.2,3044,40.7,119,81,44.26,37.41,0
2.179,70.4,2902,83.4,411,65,43.45,30.91,0
6.562,73.9,2782,97.0,387,109,32.24,42.95,1
9.535,92.2,2683,97.7,515,314,26.32,47.64,1
7.746,91.3,2897,84.7,217,590,33.01,42.66,1
1.391,56.9,3294,52.8,85,283,45.15,34.92,0
8.941,78.9,2954,87.6,171,250,24.59,38.03,1
2.08,75.3,2820,69.2,447,116,43.28,29.57,0
2.385,57.3,3047,70.3,191,71,43.75,38.0,0
7.464,87.7,2754,97.1,737,59,24.95,38.31,1
1.604,51.5,2970,77.6,416,127,47.88,39.05,0
1.602,64.7,3211,89.2,681,58,49.19,32.83,0
2.92,56.7,3082,71.5,197,128,47.35,40.21,0
2.237,58.3,2920,63.1,338,92,42.51,31.21,0
3.014,55.4,2936,68.1,137,261,47.69,40.89,0
10.731,77.0,2701,70.4,429,412,22.66,48.98,1
1.074,68.0,3131,80.2,353,223,44.75,36.6,0
8.859,93.0,3326,95.9,403,376,20.07,41.96,1
9.25,79.4,2714,91.6,209,272,32.0,38.28,1
2.53,71.5,2992,86.1,286,164,46.36,38.06,0
2.951,57.5,2769,67.6,277,12,44.17,33.7,0
3.479,49.0,3327,79.3,209,80,42.47,26.46,0
9.223,83.7,2662,89.1,296,262,33.67,43.89,1
2.93,55.4,2975,79.6,327,70,45.52,30.55,0
9.804,75.3,2746,100.0,363,145,28.57,41.27,1
1.075,59.7,2956,61.9,206,324,41.67,33.14,0
7.355,78.2,2636,100.0,416,344,25.58,46.91,1
2.334,70.4,3063,54.7,400,182,45.11,32.73,0
2.086,54.7,3228,67.3,367,113,40.49,40.88,0
8.186,79.7,2989,86.6,435,253,25.14,35.05,1
10.109,85.3,2904,95.7,237,424,21.42,43.01,1
3.027,71.2,2843,74.0,124,97,52.23,32.52,0
7.321,86.0,2700,76.2,401,115,33.65,40.61,1
2.435,58.4,3023,81.6,184,121,43.09,31.1,0
8.956,70.4,2872,81.1,89,707,28.46,40.32,1
9.582,89.9,2565,91.9,187,222,28.72,53.53,1
1.631,62.9,2966,94.3,292,251,40.8,37.98,0
2.605,52.7,2939,69.2,562,110,44.37,32.06,0
0.884,75.3,3080,81.2,329,43,52.7,38.79,0
9.539,87.4,2878,94.1,433,808,29.46,41.94,1
7.591,90.5,3021,81.1,396,143,28.68,37.47,1
2.229,61.8,2979,73.1,319,116,49.78,40.25,0
1.324,73.5,2861,71.5,226,102,49.63,38.01,0
7.35,82.3,2922,90.8,137,408,12.2,37.23,1
7.676,90.6,2913,90.5,788,132,34.17,38.96,1
9.789,105.0,2814,82.5,191,56,27.27,41.49,1
2.337,64.5,3043,65.2,223,79,42.31,37.39,0
1.538,56.1,3203,69.0,248,145,45.87,35.71,0
2.705,65.4,2998,81.8,188,114,45.47,35.66,0
5.62,95.6,2645,72.4,356,272,24.14,41.05,1
2.316,69.6,3105,84.0,190,150,43.38,35.53,0
7.465,77.7,2816,87.1,220,456,29.66,38.28,1
1.529,61.3,2836,60.0,181,131,46.98,34.06,0
10.665,90.3,2663,93.2,217,207,21.19,39.33,1
6.615,76.8,2658,94.7,121,183,21.51,50.04,1
9.72,88.1,2747,70.3,102,257,21.5,40.88,1
1.356,65.2,3137,75.8,630,128,45.49,32.38,0
2.861,69.3,3111,77.2,434,30,50.17,30.79,0
0.264,51.3,2972,75.4,575,113,41.26,36.08,0
9.01,82.1,2827,93.4,604,249,18.12,46.6,1
9.356,94.8,3108,97.4,149,105,28.64,50.88,1
9.952,75.3,3066,88.1,560,219,28.23,45.31,1
8.003,88.5,2955,94.4,478,201,29.58,41.67,1
7.582,74.0,2814,93.7,216,458,31.71,39.35,1
1.829,53.8,2979,75.3,327,107,55.89,39.64,0
7.262,82.9,2952,85.4,426,221,22.42,49.42,1
2.552,68.3,2999,74.9,375,47,43.69,33.82,0
2.212,57.0,2933,70.2,249,144,46.82,37.24,0
2.526,58.4,2771,73.1,295,288,42.98,32.33,0
1.944,65.6,3082,71.4,349,66,40.23,33.8,0
1.05,62.0,2882,58.7,212,164,41.61,32.03,0
9.321,92.1,2800,85.7,371,181,37.98,51.03,1
1.529,63.4,2946,69.2,171,71,44.78,38.12,0
8.118,82.6,2517,84.0,571,183,33.78,44.06,1
1.858,59.4,2976,70.1,465,43,44.24,41.93,0
1.27,63.4,2991,76.8,431,194,48.84,36.65,0
1.666,56.4,3072,67.8,336,30,48.04,36.42,0
2.275,69.7,3316,75.6,307,22,44.18,36.0,0
8.155,63.4,2487,98.7,475,334,19.85,43.11,1
1.282,68.8,2986,88.2,129,146,39.07,31.42,0
8.763,82.2,2717,92.0,158,244,32.49,44.48,1
2.859,63.2,2921,93.4,377,197,50.79,34.81,0
9.051,82.1,2421,90.6,263,146,29.2,43.15,1
8.03,91.5,2787,97.5,188,221,31.71,36.77,1
9.883,94.0,2845,97.8,496,186,33.22,45.97,1
2.915,55.7,3098,55.6,290,155,48.21,35.35,0
0.89,60.1,2839,60.1,326,140,44.69,35.51,0
2.611,63.3,3199,61.2,503,144,51.29,35.07,0
11.585,85.2,3026,98.7,247,340,25.11,38.19,1
1.559,59.3,3003,64.7,744,110,41.05,25.96,0
2.134,56.7,3000,71.9,137,197,44.12,31.23,0
7.11,88.7,2694,88.1,494,406,24.59,41.88,1
2.401,64.9,3040,69.1,195,204,48.1,30.29,0
7.122,95.0,2963,95.3,450,98,31.27,46.7,1
2.594,69.6,2894,58.2,173,106,47.76,39.36,0
1.49,66.3,2769,68.5,101,132,42.84,37.9,0
9.964,77.4,3019,90.0,454,729,31.9,37.54,1
1.757,72.2,3048,79.4,217,386,42.86,38.94,0
6.631,80.9,2436,76.1,104,386,31.2,37.47,1
2.613,65.9,2889,55.6,466,103,51.1,33.17,0
1.168,60.1,2871,68.9,306,50,43.14,37.46,0
6.612,63.6,2836,98.9,216,212,24.97,37.79,1
8.174,71.0,2813,88.3,336,364,22.45,42.56,1
8.037,83.6,2237,89.7,245,574,33.64,46.4,1
2.296,62.4,2902,58.0,228,113,52.56,35.38,0
9.149,82.0,2889,75.6,423,235,36.35,46.19,1
1.92,62.5,2965,63.8,308,119,43.6,27.71,0
1.954,69.1,3025,60.6,166,141,54.23,32.48,0
10.032,88.1,2722,92.5,267,178,26.69,49.83,1
1.815,60.1,3173,80.1,420,61,45.38,35.37,0
6.121,84.9,2662,81.5,133,100,24.18,48.74,1
2.671,57.5,2761,60.5,521,73,46.72,34.08,0
2.698,65.2,3078,54.7,302,163,45.05,44.89,0
9.084,79.0,2507,94.9,288,255,22.29,44.06,1
7.198,82.8,3001,83.9,297,682,28.82,42.95,1
9.302,73.8,2497,77.3,647,192,31.53,53.14,1
4.546,84.1,2854,74.5,268,101,28.89,40.5,1
8.505,93.9,2746,98.5,218,591,33.54,33.8,1
8.992,90.5,2779,80.4,248,130,26.55,43.78,1
9.886,96.2,3072,85.4,454,182,16.73,41.15,1
1.144,59.6,2986,78.6,386,65,42.83,36.63,0
3.375,66.3,2965,65.3,271,113,47.28,35.28,0
1.283,67.6,2937,61.9,827,364,46.81,28.28,0
8.883,96.8,2769,86.0,368,113,33.53,44.18,1
7.157,84.8,3259,78.8,152,424,18.24,42.72,1
1.543,62.1,2934,70.4,63,266,43.68,38.5,0
7.006,96.8,3057,82.2,388,329,23.39,40.15,1
9.477,83.5,2931,91.5,228,228,21.96,38.56,1
3.162,64.7,2749,76.4,99,200,45.0,28.96,0
8.148,95.3,3125,72.7,254,225,31.51,37.35,1
8.557,83.9,2430,86.2,403,184,29.5,43.96,1
1.761,64.5,3040,75.2,243,6,44.78,28.69,0
8.05,102.1,2558,89.6,263,62,27.27,41.49,1
1.532,69.3,2751,63.7,59,148,49.11,32.96,0
12.431,86.3,2577,84.1,389,272,31.42,48.17,1
6.832,94.2,2886,89.5,84,200,25.24,47.11,1
10.696,80.1,2762,86.3,187,326,24.91,44.65,1
3.456,56.1,2992,94.5,317,59,51.2,40.59,0
8.921,87.0,2877,93.4,164,29,25.85,43.31,1
11.138,70.7,2746,78.7,185,306,19.32,44.92,1
2.168,63.0,3052,70.6,309,114,45.68,40.31,0
9.084,87.0,3360,61.4,323,240,23.72,42.47,1
1.995,52.3,2985,65.4,276,65,47.5,37.29,0
10.335,72.7,2356,85.6,54,413,37.09,43.37,1
1.849,60.4,2895,57.8,70,220,43.8,38.72,0
2.954,65.3,3008,44.6,453,101,41.94,35.36,0
2.817,73.2,3212,62.1,214,99,47.47,38.84,0
8.196,82.9,2864,84.2,906,121,25.48,48.79,1
1.632,57.8,2759,84.8,310,130,46.12,37.19,0
8.405,87.2,2725,89.3,736,407,29.76,36.66,1
1.509,70.7,2825,56.0,240,107,50.97,34.69,0
2.157,52.2,3211,82.9,198,192,49.15,23.17,0
8.436,96.8,2783,97.8,392,292,31.48,52.39,1
8.587,80.0,2967,88.5,505,176,27.26,43.48,1
1.994,61.4,3220,66.1,241,138,52.83,38.88,0
5.13,95.6,2900,73.6,384,547,24.16,42.96,1
7.59,81.0,2899,89.3,84,305,25.19,49.95,1
8.817,80.1,2976,94.9,152,104,26.97,54.12,1
2.337,55.6,3117,69.0,343,97,52.56,37.76,0
3.048,64.1,3066,63.1,215,57,45.24,43.83,0
5.685,74.7,3037,98.6,317,247,28.38,41.63,1
2.75,57.4,2981,67.8,346,168,42.5,32.32,0
7.547,92.3,2628,90.6,381,127,23.5,51.4,1
6.716,88.4,2562,92.1,448,283,26.08,37.37,1
7.563,84.5,2836,70.9,454,222,16.39,30.33,1
8.223,71.4,2429,100.0,131,37,24.21,43.59,1
7.593,78.5,2892,83.4,244,352,22.5,48.01,1
2.391,72.5,3119,75.8,239,226,49.67,40.18,0
9.846,78.7,3026,86.0,260,729,16.6,44.51,1
1.329,57.4,3046,55.8,227,268,40.52,32.57,0
2.054,59.2,3032,92.3,270,33,50.67,37.15,0
6.793,92.7,3024,89.0,182,250,27.41,44.78,1
8.198,75.2,3076,96.0,432,240,30.49,44.7,1
8.49,102.6,2663,88.3,346,184,25.44,32.21,1
9.398,91.1,2836,79.7,180,71,20.23,42.57,1
1.752,56.1,3073,53.2,273,148,43.89,31.37,0
2.917,53.0,3251,72.8,695,141,42.29,44.92,0
8.623,103.9,2747,100.0,136,426,21.38,39.52,1
1.987,66.2,3060,71.3,155,162,45.14,37.19,0
1.915,71.5,3036,57.6,443,110,44.13,34.13,0
1.637,57.3,2927,63.8,613,97,46.87,38.38,0
3.381,66.2,2995,72.1,324,118,41.19,29.81,0
1.29,60.3,2892,83.3,283,211,39.11,28.02,0
2.617,69.1,2993,66.6,120,184,54.55,34.88,0
2.285,68.1,2649,78.3,204,204,46.42,43.22,0
3.009,63.3,3064,55.6,197,142,46.7,39.83,0
10.605,88.0,3059,84.5,205,436,26.6,39.82,1
1.414,67.8,2949,65.2,167,77,49.59,37.06,0
2.877,65.9,3032,84.4,114,183,43.87,32.46,0
7.781,88.5,3162,100.0,394,257,24.01,47.38,1
0.764,54.0,3289,72.9,336,200,43.73,37.02,0
9.195,88.7,2821,78.5,115,379,33.19,42.47,1
8.796,81.9,2733,86.3,275,227,24.93,50.3,1
2.67,68.9,2855,63.9,222,120,45.2,29.94,0
1.457,55.3,3003,76.9,654,39,43.42,34.7,0
10.107,81.9,2576,87.6,532,313,28.61,45.48,1
8.786,88.1,2641,93.0,652,78,32.27,42.61,1
1.024,55.2,3128,62.0,202,92,39.42,36.09,0
6.951,81.8,2707,82.7,76,473,29.16,35.66,1
0.0,58.3,2946,75.5,128,122,46.39,44.03,0
11.214,76.2,2854,100.0,204,202,31.1,44.93,1
2.103,57.4,2969,73.3,232,53,49.52,33.92,0
7.229,78.2,3013,72.1,660,367,21.54,45.07,1
7.522,79.6,2758,83.8,430,249,21.64,40.34,1
6.866,77.2,2642,88.8,336,417,17.45,46.34,1
3.293,50.2,3241,78.9,536,58,42.44,36.37,0
0.886,48.8,3179,83.6,370,160,47.69,33.6,0
1.972,60.7,2931,64.7,416,138,51.77,36.1,0
0.707,63.5,2730,74.2,222,200,46.22,36.71,0
1.816,55.2,3207,72.0,99,145,41.15,40.74,0
7.138,87.1,2756,98.0,85,510,27.4,47.25,1
2.501,65.4,2795,81.6,86,91,42.61,30.75,0
2.036,65.4,3226,71.9,391,86,44.38,29.81,0
10.046,87.7,2466,76.7,160,257,32.58,34.93,1
7.513,80.6,2629,62.0,223,211,40.55,28.95,1
9.782,99.5,3090,100.0,108,390,33.58,43.83,1
6.862,74.8,3086,89.7,497,163,27.87,41.11,1
1.247,71.9,3097,74.1,267,48,42.81,36.47,0
2.197,62.4,3070,54.9,308,35,39.16,33.79,0
9.33,87.4,2564,89.5,326,432,21.04,44.21,1
6.737,91.7,3080,93.0,350,256,34.12,40.16,1
1.773,53.6,2991,67.8,512,164,38.66,35.8,0
9.396,91.9,2989,85.7,399,289,33.94,40.01,1
1.623,72.0,2950,80.4,141,158,46.07,35.69,0
2.575,60.1,2945,71.1,155,148,41.5,42.42,0
6.449,77.6,2798,94.4,1029,148,38.16,38.88,1
9.772,75.0,2970,88.8,461,448,29.7,38.23,1
6.651,83.3,2982,100.0,838,628,25.83,36.91,1
1.315,64.3,3075,70.9,233,59,43.87,32.02,0
9.438,90.6,2679,80.8,612,405,32.86,38.8,1
2.522,68.7,2982,53.1,356,216,42.73,32.88,0
0.695,71.4,3019,62.3,320,129,47.13,39.35,0
8.891,88.0,2625,92.0,273,513,28.44,48.16,1
7.692,86.0,2615,81.3,426,97,24.7,42.0,1
6.987,92.5,2504,84.8,366,222,23.89,42.33,1
5.556,91.2,2697,100.0,241,301,20.99,38.54,1
9.024,85.2,3020,84.8,186,120,35.59,47.34,1
6.153,77.8,2835,81.6,245,496,26.88,50.69,1
2.689,64.5,3155,66.9,269,52,50.18,37.48,0
2.201,52.4,3030,70.1,210,61,43.18,33.77,0
1.815,55.3,3071,73.9,151,36,40.06,35.54,0
1.539,62.6,3023,68.2,280,77,50.52,26.84,0
8.006,90.7,2764,95.5,341,322,23.84,39.5,1
1.44,67.0,2763,56.0,316,103,45.72,37.72,0
1.17,67.2,2865,96.0,127,212,45.61,32.0,0
2.532,64.0,3238,58.7,650,21,50.11,29.79,0
9.204,80.9,2472,84.3,740,362,27.26,54.71,1
1.24,70.3,2978,75.2,387,158,48.58,37.06,0
9.635,71.0,3042,97.6,432,93,33.61,37.74,1
1.614,62.9,2986,75.2,309,58,38.33,35.55,0
1.934,65.1,2939,65.6,331,80,48.49,30.78,0
8.134,79.4,2974,89.2,81,580,24.92,39.19,1
8.441,83.1,3013,79.4,254,221,29.61,36.67,1
2.422,61.3,3004,66.9,257,165,49.55,31.77,0
9.001,89.2,2936,92.5,727,227,38.15,40.76,1
10.647,76.4,2584,72.1,225,542,28.56,45.33,1
2.408,76.1,3213,69.8,644,156,53.01,36.05,0
6.532,94.0,3229,81.8,273,286,22.39,37.71,1
9.433,76.0,2904,96.8,205,436,32.64,53.74,1
10.493,78.4,2383,76.4,85,310,24.76,27.23,1
9.08,94.5,2688,85.1,327,353,29.9,51.1,1
10.136,83.8,2922,90.9,165,246,22.24,46.67,1
11.518,67.2,2715,88.4,93,297,28.35,38.27,1
10.036,73.8,3054,94.1,386,103,24.82,51.36,1
8.874,83.0,2917,75.9,335,492,26.42,35.14,1
10.068,75.7,2658,100.0,352,501,24.02,47.04,1
8.717,81.7,2806,92.2,272,197,33.13,31.59,1
8.536,85.3,2621,98.9,175,232,25.54,36.27,1
2.764,70.5,3492,74.4,138,208,52.08,37.0,0
10.845,82.7,2689,87.9,599,201,27.52,38.25,1
7.272,93.6,3034,77.7,404,375,36.06,42.06,1
2.474,59.3,3130,68.6,464,115,49.42,35.73,0
9.25,96.5,2513,100.0,247,82,31.95,31.82,1
2.286,60.0,3130,62.0,161,217,51.82,28.86,0
2.065,68.6,3023,61.2,150,120,40.77,29.39,0
5.35,88.7,2496,65.5,283,485,33.94,44.04,1
3.911,65.9,2982,78.0,166,359,42.72,40.87,0
9.828,84.4,2949,85.7,75,106,28.42,46.77,1
7.611,99.0,3098,86.0,374,394,22.67,41.62,1
2.089,57.2,2858,76.5,464,150,41.54,35.21,0
2.806,60.1,2795,61.6,192,28,48.01,35.62,0
2.414,63.2,2968,53.9,90,43,43.65,37.87,0
6.912,87.7,2805,91.6,299,443,32.92,48.88,1
10.722,65.1,2814,73.6,245,255,31.92,48.78,1
11.444,81.0,2927,85.3,214,326,27.3,44.87,1
0.0,59.7,3149,70.0,348,80,43.15,26.97,0
10.017,78.5,2712,91.0,290,272,25.99,37.15,1
10.512,83.2,2504,90.9,340,114,27.04,48.64,1
7.386,76.6,2341,90.9,282,112,36.88,48.36,1
2.015,60.6,3061,59.3,166,82,41.65,36.33,0
10.346,98.5,2485,68.9,158,182,25.23,53.71,1
11.028,77.9,2867,86.1,272,164,23.44,44.29,1
9.344,86.2,2696,87.7,446,307,33.28,36.46,1
2.379,50.7,3306,61.6,286,238,42.99,43.89,0
11.481,89.9,2603,88.4,179,210,29.54,42.03,1
7.704,89.1,2153,74.8,298,606,29.96,42.43,1
1.367,63.2,2884,66.9,305,30,45.77,30.88,0
9.014,87.7,2599,81.6,167,551,30.19,37.22,1
10.831,108.5,2717,78.3,734,1000,31.87,35.34,1
2.561,53.1,3141,61.6,433,102,46.74,34.16,0
2.415,57.5,2767,72.5,248,43,46.41,40.22,0
9.195,81.9,2828,98.1,703,342,31.88,54.12,1
2.001,62.8,3178,70.4,328,63,48.78,30.04,0
9.337,73.1,2721,93.1,313,259,28.01,39.37,1
3.283,74.3,3046,56.3,566,202,45.13,36.36,0
8.055,77.6,2785,88.8,435,494,30.08,45.65,1
2.111,61.4,3295,81.9,356,106,44.93,28.83,0
6.773,89.1,2611,68.6,210,284,28.8,41.39,1
9.079,81.0,2421,88.9,270,369,24.4,44.1,1
8.193,83.6,2767,79.6,245,324,19.13,31.49,1
11.133,92.2,2865,97.3,181,244,32.92,48.59,1
1.795,65.2,3328,81.3,867,165,45.53,33.33,0
7.801,82.9,2350,88.2,437,80,27.2,39.79,1
1.674,59.7,3033,63.8,240,96,44.99,42.51,0
1.572,58.1,2738,79.6,335,125,40.93,34.18,0
2.236,69.6,2940,59.9,247,80,49.01,40.77,0
0.802,59.0,3063,80.9,163,98,45.86,38.15,0
7.363,88.9,2775,81.5,74,164,31.74,28.13,1
6.804,101.5,2881,81.8,352,226,38.78,43.04,1
2.578,70.8,2959,67.4,275,125,47.83,31.12,0
0.984,67.8,3174,63.7,505,223,45.06,37.47,0
7.294,83.4,2886,91.5,193,293,31.48,46.8,1
2.538,54.9,2911,67.5,505,89,42.63,32.54,0
2.307,65.5,3011,65.9,538,91,42.57,34.28,0
1.204,61.6,3027,69.2,97,211,48.99,34.34,0
9.731,88.3,2986,91.5,467,209,28.79,35.62,1
8.45,102.1,2196,89.3,423,350,28.54,37.97,1
1.798,63.1,3028,64.4,259,33,45.0,38.2,0
2.824,62.3,2963,63.8,500,127,50.14,36.76,0
8.205,80.0,3201,81.5,455,244,29.57,45.94,1
8.191,84.7,3047,84.8,292,85,31.88,41.78,1
1.22,71.4,3096,52.4,94,62,43.9,24.33,0
8.235,67.3,2975,95.0,233,169,15.55,45.39,1
2.016,65.9,3108,55.3,470,140,44.7,36.85,0
0.144,70.6,2976,83.6,325,205,49.11,34.96,0
8.073,91.6,2843,84.8,206,617,26.12,44.45,1
1.981,59.9,2837,75.0,281,49,44.28,30.52,0
8.138,87.6,2738,79.7,292,460,31.39,45.53,1
1.124,68.9,2582,70.6,159,252,41.77,29.63,0
0.0,61.0,2986,69.3,202,67,45.45,37.32,0
9.812,94.6,2550,96.4,831,381,36.62,33.02,1
2.233,67.7,2795,71.5,36,72,51.89,35.68,0
6.695,85.5,2651,87.7,279,105,31.53,37.28,1
1.217,55.0,2897,76.2,470,110,48.46,35.13,0
4.204,54.8,2944,63.8,276,104,42.88,39.09,0
1.756,63.4,3141,65.0,188,84,46.17,34.19,0
7.345,92.8,3011,89.7,222,307,27.68,33.0,1
1.479,60.2,2694,82.2,715,101,45.44,25.09,0
7.816,76.2,2451,85.2,396,818,29.13,42.26,1
1.864,57.7,3146,62.0,383,98,46.5,29.84,0
9.393,84.3,2748,90.0,258,252,32.06,44.29,1
1.68,59.5,3262,69.0,315,158,50.68,32.18,0
7.881,92.1,2810,88.2,143,161,26.75,44.7,1
7.11,80.1,2888,75.9,739,132,29.65,41.63,1
8.453,83.4,2970,93.3,411,188,23.36,42.97,1
7.227,96.2,2744,89.4,277,228,18.17,49.62,1
9.36,97.3,2419,96.0,302,126,26.08,35.52,1
5.821,97.6,2703,88.0,364,418,20.84,46.53,1
0.36,69.5,2661,77.1,142,78,46.72,41.82,0
2.591,69.1,3241,58.3,229,167,44.76,44.6,0
8.776,77.4,2686,86.4,145,186,35.43,47.12,1
12.54,77.7,2902,93.9,410,264,27.97,37.58,1
9.025,66.2,2858,71.4,114,369,28.3,43.89,1
1.434,65.8,3014,63.3,151,63,45.54,42.64,0
1.79,64.4,2855,75.0,439,111,41.53,35.86,0
0.723,49.9,2736,58.4,316,89,45.52,33.84,0
8.379,77.7,2684,88.6,671,381,21.5,42.63,1
2.522,61.8,2951,83.2,228,23,46.55,32.45,0
3.142,64.9,2941,79.8,252,187,43.16,25.65,0
1.664,66.6,3033,56.1,592,186,45.14,37.29,0
2.605,62.9,3214,72.1,508,137,46.04,40.37,0
7.547,73.5,2845,93.5,445,145,25.64,48.94,1
2.528,62.5,3025,75.9,172,56,47.1,34.97,0
8.018,68.1,2842,80.8,181,254,27.57,46.95,1
2.246,63.9,3083,63.5,264,118,42.85,35.69,0
1.802,62.4,2907,65.5,260,96,46.33,35.57,0
3.056,60.4,3014,64.0,174,117,45.28,34.76,0
1.3,62.5,3082,85.3,222,10,50.1,35.1,0
2.502,64.9,2830,50.8,269,155,50.6,41.22,0
1.776,63.6,3189,76.6,493,55,40.51,36.89,0
8.082,100.9,2601,76.1,569,220,34.07,40.05,1
1.853,70.1,2891,60.4,402,267,49.27,37.64,0
8.427,78.1,2485,94.6,102,244,25.67,41.06,1
6.392,89.5,2874,91.9,529,586,29.48,40.9,1
8.421,91.0,2576,98.9,403,392,28.38,43.42,1
2.193,53.8,3072,72.6,454,85,42.2,33.08,0
2.068,55.5,3024,58.0,181,216,45.05,31.75,0
2.638,64.0,2779,80.2,605,162,46.75,38.07,0
2.739,65.1,3068,82.3,246,38,48.28,37.87,0
7.95,81.5,2680,81.3,172,112,30.66,48.25,1
2.695,59.7,3140,90.3,422,85,50.63,36.56,0
1.051,58.4,2899,78.2,266,87,37.88,40.49,0
10.844,75.8,2687,92.0,396,125,28.62,44.69,1
8.089,85.9,2749,91.8,221,139,29.13,39.03,1
8.135,88.1,3129,76.9,135,61,36.23,41.92,1
2.074,61.9,2838,72.2,217,92,49.46,29.72,0
1.625,58.7,2847,75.2,116,98,41.81,35.61,0
1.393,53.9,2910,63.2,403,163,46.46,40.09,0
3.081,70.5,3059,71.3,44,133,46.95,32.63,0
1.477,65.6,3053,61.8,511,164,46.94,38.33,0
1.355,57.8,2873,48.5,122,56,42.64,35.11,0
2.061,66.3,2824,80.0,475,105,44.02,32.3,0
2.548,61.6,3042,55.0,376,103,46.51,34.61,0
1.887,60.3,2972,71.1,64,93,43.09,32.9,0
8.825,104.5,2723,89.6,309,151,28.1,37.92,1
6.854,88.5,2758,80.3,111,238,25.76,40.64,1
7.617,85.7,3054,93.4,310,95,31.45,42.43,1
1.576,62.7,2824,72.7,183,195,52.25,34.34,0
1.551,59.0,2764,74.7,65,289,44.81,33.94,0
2.383,66.0,2831,77.3,365,48,49.68,35.9,0
7.678,76.0,2627,73.5,260,135,34.63,42.64,1
9.75,79.0,2938,74.4,276,540,33.01,48.35,1
2.425,52.0,2882,70.6,74,193,44.3,33.99,0
8.831,71.2,2722,83.4,68,146,27.27,36.56,1
2.945,61.1,2824,74.4,231,50,38.85,34.35,0
7.73,98.5,2646,88.9,468,225,32.3,43.24,1
7.423,86.2,2864,86.7,408,148,26.74,36.39,1
8.154,82.7,2536,87.2,358,304,28.06,35.74,1
10.27,80.1,2998,81.1,551,302,23.07,36.04,1
8.791,92.2,2693,87.9,189,246,31.03,44.58,1
1.619,63.8,3245,79.1,371,57,44.58,32.3,0
9.226,99.8,2532,85.0,89,234,27.52,47.91,1
1.45,59.4,3080,71.2,860,82,54.68,33.95,0
9.522,87.1,2734,86.2,168,96,25.82,29.71,1
9.113,84.9,2789,95.4,354,254,19.21,41.35,1
8.038,93.2,3094,87.0,663,396,19.18,50.24,1
2.153,63.7,3049,94.5,216,55,43.65,36.68,0
7.17,78.6,2641,100.0,350,198,30.7,35.14,1
9.302,80.8,2657,94.8,305,386,29.44,33.88,1
10.343,74.4,2919,92.3,210,271,27.92,47.99,1
4.461,68.3,3029,60.3,182,253,52.2,34.28,0
3.088,62.5,3017,63.2,120,27,49.75,34.53,0
1.004,51.4,3034,49.2,27,108,48.65,37.01,0
2.186,60.2,3010,83.5,248,187,44.82,44.78,0
8.453,74.2,3083,92.9,171,136,26.78,47.84,1
1.188,60.0,2802,67.4,164,128,34.33,35.17,0
7.095,89.4,2933,95.2,385,92,33.07,34.76,1
2.346,54.7,3122,61.2,293,51,46.64,34.92,0
1.455,65.4,3124,83.8,486,158,38.46,32.3,0
8.219,72.0,2622,84.2,208,325,25.26,47.69,1
5.143,86.5,2629,89.3,127,279,30.43,40.02,1
3.099,59.8,2680,64.1,389,131,38.59,33.04,0
7.59,79.2,2703,95.1,401,302,34.91,34.22,1
9.187,83.5,2848,90.8,323,210,26.98,36.66,1
2.506,72.4,3020,71.7,161,25,45.25,38.36,0
7.75,78.5,3016,98.2,279,221,22.61,43.33,1
7.711,73.2,2632,86.8,123,186,25.92,51.69,1
10.583,99.4,2631,79.1,170,100,27.58,45.98,1
2.182,61.6,3018,66.8,522,85,50.07,36.44,0
9.074,84.2,2929,83.8,197,289,17.01,38.53,1
1.342,60.2,3147,73.5,454,48,45.08,38.45,0
1.025,65.2,2935,75.9,335,72,33.68,39.2,0
1.544,56.4,2800,73.5,655,192,39.02,28.04,0
1.901,55.5,2884,60.7,327,56,43.82,33.78,0
9.262,79.3,2732,82.0,315,333,20.3,49.69,1
14.389,80.7,2853,92.7,89,99,16.35,52.52,1
5.374,79.2,2497,93.8,173,244,26.69,40.25,1
1.104,63.8,2972,82.6,230,73,46.53,42.24,0
2.537,55.7,2812,74.2,800,246,46.7,39.77,0
2.483,65.7,3117,84.8,181,226,47.33,37.65,0
8.432,92.6,2614,83.6,129,454,23.6,40.21,1
1.186,63.3,2984,67.8,102,101,43.1,36.13,0
7.645,88.4,2497,84.0,87,100,27.83,34.26,1
8.994,81.3,2909,86.0,815,75,34.43,39.33,1
2.516,59.5,2755,64.8,301,61,41.67,32.16,0
9.626,87.3,2458,97.1,141,92,23.83,46.35,1
1.603,66.4,2990,73.0,560,119,48.9,33.43,0
6.805,82.1,2867,94.3,704,348,26.87,35.55,1
7.825,78.1,2691,98.3,145,146,22.63,38.74,1
1.341,66.1,3006,99.8,203,79,54.04,32.16,0
1.585,56.7,3024,58.7,510,149,46.64,35.59,0
9.038,95.7,2868,72.8,404,214,31.26,33.16,1
7.404,79.5,2512,100.0,244,80,29.22,39.39,1
2.126,63.7,3426,67.7,518,173,44.75,37.74,0
9.528,93.6,2639,96.3,87,577,22.43,44.35,1
11.273,74.7,2796,78.1,125,364,27.74,40.51,1
8.237,76.3,2792,96.0,167,108,21.42,44.35,1
1.699,59.0,2961,71.4,154,132,46.03,29.32,0
8.647,99.0,2595,87.5,51,449,34.31,36.83,1
10.444,84.7,2742,79.9,211,180,18.75,33.57,1
3.331,72.1,2829,81.1,371,224,42.68,36.43,0
2.244,64.4,3060,76.8,436,145,43.38,29.84,0
8.208,88.5,3138,87.7,417,619,32.08,54.68,1
3.131,61.3,2613,80.9,491,61,40.29,36.06,0
8.638,68.7,2807,87.7,347,352,25.68,49.29,1
1.599,65.9,2994,68.4,189,54,43.1,30.65,0
1.641,53.9,3202,62.3,72,152,38.56,39.18,0
8.822,76.0,2699,92.8,70,276,28.19,42.56,1
0.968,56.0,2778,64.8,289,180,46.11,31.6,0
1.885,62.8,2665,77.3,147,89,51.58,30.86,0
2.877,59.8,2892,73.5,280,128,49.65,25.2,0
7.817,91.8,3170,77.3,116,85,28.31,41.26,1
3.228,62.1,3141,58.4,547,300,49.89,35.16,0
2.898,56.1,2998,84.3,216,106,44.57,42.53,0
9.814,92.0,2849,96.8,227,304,31.65,37.2,1
2.435,61.7,2801,59.0,241,195,46.08,36.13,0
7.594,96.6,2937,89.6,18,492,27.48,44.5,1
2.984,75.4,3108,94.8,512,189,49.17,41.56,0
6.041,81.6,2301,82.0,127,189,23.52,45.86,1
0.88,61.1,3198,66.7,244,21,42.48,35.01,0
9.995,81.6,2576,85.8,275,183,26.98,44.43,1
1.835,73.1,3058,68.5,157,105,46.54,30.82,0
2.066,61.1,2870,62.2,377,43,49.49,33.47,0
1.417,64.1,3191,71.4,480,86,41.02,35.2,0
3.399,56.1,2822,80.8,71,175,48.4,40.53,0
2.832,61.1,3124,73.1,400,140,40.73,33.28,0
1.408,60.8,3123,58.9,60,116,49.11,39.25,0
4.013,92.2,2958,85.3,157,545,33.66,33.98,1
1.691,64.0,3297,64.5,187,233,43.32,39.97,0
2.348,65.4,3034,70.5,190,118,50.88,37.71,0
10.309,74.3,2661,100.0,527,373,19.3,44.38,1
9.666,94.4,3005,88.0,198,439,23.65,41.27,1
2.632,56.4,3317,69.1,198,147,51.75,38.33,0
2.776,58.7,2816,87.8,105,61,47.38,39.26,0
2.261,60.3,3153,78.8,318,208,45.22,43.53,0
11.121,71.0,2769,90.2,233,372,17.85,33.67,1
9.898,85.8,2369,87.5,354,96,30.27,40.41,1
2.848,59.9,3118,74.9,104,216,56.5,33.23,0
10.203,106.3,2869,82.9,664,165,19.12,47.75,1
6.841,85.8,2826,90.3,416,277,29.86,45.07,1
7.263,93.9,2205,93.0,1393,181,34.72,46.81,1
7.587,86.9,2546,87.0,273,99,36.4,43.51,1
1.901,63.5,2859,52.9,464,108,54.05,39.49,0
2.247,60.6,3239,65.3,673,236,47.54,42.92,0
1.475,66.0,2781,66.4,322,50,47.15,29.2,0
1.811,52.7,2906,62.3,237,22,42.17,34.8,0
9.029,80.4,2927,88.1,195,180,34.43,38.53,1
7.644,84.4,2594,100.0,219,312,27.82,40.03,1
1.764,65.2,3039,62.9,296,93,51.83,34.57,0
3.162,71.0,3036,75.5,231,86,43.81,37.54,0
3.223,59.7,2971,60.3,395,81,54.83,38.02,0
8.397,84.6,2763,85.9,577,380,30.17,38.14,1
1.193,58.0,2965,73.2,119,83,46.92,28.34,0
0.331,70.0,3034,60.0,118,137,46.93,35.49,0
0.822,66.9,3171,56.9,200,163,45.59,29.03,0
0.901,56.5,3118,74.9,71,145,37.82,29.29,0
10.396,87.6,2950,80.3,637,118,17.75,37.42,1
7.231,93.0,2682,90.9,492,132,37.88,37.04,1
2.312,65.8,3078,65.4,236,176,45.62,37.18,0
8.8,69.4,2876,92.3,249,335,32.82,48.28,1
8.896,74.5,2331,78.4,327,212,33.81,38.87,1
10.409,95.5,2859,85.4,158,77,35.82,38.77,1
2.229,61.4,2864,44.7,214,43,42.15,29.52,0
1.882,67.0,3118,59.3,166,112,52.19,40.46,0
2.452,60.6,3122,61.5,276,150,40.58,43.79,0
7.06,80.6,2839,88.1,280,403,26.21,40.75,1
1.823,57.9,2875,71.9,245,76,42.6,37.93,0
2.055,58.3,2781,76.4,466,124,48.99,34.36,0
2.154,71.1,2930,72.6,247,160,51.27,28.52,0
12.118,84.5,2960,85.5,257,97,24.83,33.14,1
0.321,71.6,2963,84.5,91,93,46.92,33.14,0
9.403,92.7,2955,95.3,388,573,26.86,35.82,1
8.608,92.6,2681,89.7,292,333,31.36,39.5,1
2.453,51.1,2654,73.3,412,88,38.91,35.19,0
7.072,80.0,2537,85.6,149,387,25.98,45.38,1
1.961,62.6,2918,71.4,124,133,47.51,43.67,0
8.887,91.2,2865,97.9,229,615,28.7,50.9,1
4.49,71.5,2920,91.3,62,118,47.3,38.55,0
9.001,85.0,2958,80.9,658,219,32.04,47.95,1
8.267,88.2,2743,86.8,224,387,39.28,43.39,1
5.638,91.3,2564,86.9,37,407,28.62,52.66,1
7.209,70.8,2886,87.7,191,308,31.68,47.29,1
0.563,65.0,2758,83.6,239,199,46.11,30.47,0
11.332,83.1,2951,95.6,579,386,26.1,45.14,1
9.335,90.7,3016,82.0,274,165,26.65,40.7,1
6.497,91.2,2757,81.2,97,243,22.91,40.65,1
2.839,60.8,2877,75.1,329,55,46.05,30.91,0
6.179,95.8,2652,84.3,271,138,27.46,37.96,1
10.124,95.8,2788,77.9,233,48,25.48,52.3,1
7.793,96.5,2784,84.1,210,215,41.01,35.98,1
3.279,64.1,3161,65.8,448,284,47.67,31.31,0
10.489,85.3,2774,100.0,266,603,38.01,41.53,1
2.007,46.9,2812,69.8,256,50,48.45,39.07,0
6.404,90.9,2644,97.2,508,248,24.8,43.92,1
2.061,60.7,2901,72.4,419,28,44.45,44.41,0
10.058,88.2,2815,95.6,330,296,25.83,44.23,1
6.221,84.7,2765,82.5,169,196,27.19,47.71,1
3.634,57.6,3161,74.9,219,110,48.49,29.24,0
7.823,95.3,2533,80.1,251,126,25.79,40.66,1
2.319,66.0,2961,71.5,105,18,37.9,38.89,0
10.3,101.4,2910,93.5,193,287,29.67,36.27,1
7.805,72.0,2475,89.1,272,420,29.27,38.39,1
7.883,80.5,2952,98.5,371,340,27.7,36.13,1
10.231,85.3,2984,78.9,363,232,32.3,41.77,1
5.695,94.1,2824,92.0,78,138,26.71,37.7,1
1.012,66.2,3159,73.0,211,26,37.58,39.68,0
1.174,59.4,3120,67.5,156,130,52.0,38.53,0
9.174,76.0,2516,93.9,66,103,31.28,33.36,1
7.735,75.7,2873,86.3,244,160,30.44,48.64,1
8.552,87.6,2848,92.4,192,89,24.63,39.21,1
4.768,74.1,2679,80.3,267,285,26.22,46.93,1
3.003,60.6,2914,73.9,365,86,49.0,30.09,0
9.18,89.0,2466,92.5,328,203,32.58,36.03,1
2.431,54.9,3185,54.0,710,170,39.02,32.65,0
8.588,97.8,2624,80.0,292,167,31.14,42.44,1
3.915,64.4,3128,70.6,567,59,50.68,34.87,0
3.748,62.2,3279,72.4,128,152,42.87,30.53,0
1.451,70.1,2905,64.1,325,201,43.31,27.41,0
3.299,66.6,3105,58.0,167,134,40.95,35.3,0
8.19,78.7,2651,88.1,226,69,23.57,47.06,1
2.399,63.3,2865,67.3,425,38,44.6,39.86,0
0.646,63.8,2927,71.7,225,85,42.25,37.43,0
1.864,64.4,3260,67.2,471,56,41.79,42.86,0
1.35,51.0,2853,69.9,171,155,47.27,40.44,0
2.662,60.2,2798,65.5,125,39,42.77,37.95,0
2.857,53.1,3229,60.3,302,42,43.57,36.87,0
10.239,85.1,3091,84.0,311,157,31.51,49.59,1
7.996,84.3,2682,89.6,216,267,27.94,41.07,1
9.138,74.8,2762,96.3,380,156,30.89,49.83,1
1.851,67.4,2934,74.1,58,82,44.02,27.57,0
2.583,64.5,3042,64.1,139,87,42.4,37.65,0
7.436,88.2,2465,95.4,340,289,22.43,43.94,1
2.273,61.6,3035,94.3,231,57,45.93,47.08,0
1.783,60.0,3325,64.7,176,66,40.9,32.93,0
1.027,51.5,2865,76.2,289,149,35.8,35.43,0
1.103,57.9,2997,89.4,451,168,43.9,33.39,0
2.567,60.9,2944,77.9,326,115,39.75,33.04,0
2.016,61.3,2837,67.0,410,148,46.69,30.01,0
6.697,100.6,2685,100.0,336,73,18.62,34.3,1
7.906,90.5,2963,80.5,517,274,16.29,31.85,1
8.976,97.3,2563,100.0,193,179,36.59,40.68,1
8.001,89.8,2675,88.3,467,413,21.29,47.15,1
8.36,79.3,2442,92.5,82,223,22.57,42.26,1
7.706,85.9,3001,84.1,116,56,26.56,36.15,1
6.228,86.9,3054,89.7,375,254,19.73,42.4,1
1.836,59.8,3251,79.9,112,73,41.21,41.29,0
2.025,56.6,3359,71.2,217,333,42.75,40.11,0
3.286,65.4,3079,72.1,513,35,45.56,35.94,0
8.838,97.8,3094,85.1,127,438,29.4,41.59,1
9.539,68.4,2881,84.2,430,131,26.28,44.14,1
1.057,67.5,3042,79.6,210,106,46.73,31.83,0
11.054,77.5,2476,92.2,119,135,29.29,39.29,1
2.488,52.4,3104,79.1,265,132,47.79,34.83,0
10.948,94.4,2814,100.0,494,136,36.01,45.98,1
2.161,74.3,3001,67.6,109,32,44.78,36.11,0
2.081,71.3,2904,77.1,105,155,41.17,37.97,0
2.033,60.0,3060,77.3,369,135,40.26,31.28,0
2.83,55.1,3278,78.0,187,57,54.75,36.84,0
2.268,55.6,3152,67.0,715,192,40.59,26.08,0
3.182,51.9,3080,76.1,311,185,52.79,30.8,0
10.301,87.7,2977,86.2,450,157,35.22,41.29,1
8.711,94.9,3146,87.4,305,90,25.49,38.65,1
2.068,61.2,2923,64.9,111,166,47.86,38.48,0
6.824,79.8,2714,89.1,146,360,26.86,45.39,1
8.221,82.5,3064,68.7,160,286,18.1,52.85,1
3.86,59.6,2936,76.3,348,90,39.55,34.36,0
1.986,74.2,3181,69.4,259,74,43.29,36.62,0
2.404,74.0,2928,51.6,70,102,40.53,36.41,0
2.068,61.2,2879,81.3,386,259,46.76,32.96,0
8.715,91.9,3120,70.7,790,154,31.47,38.14,1
0.543,66.2,2932,50.2,126,66,38.08,37.4,0
9.64,98.4,2865,83.4,139,127,26.14,38.24,1
8.358,73.3,2787,97.5,172,154,28.38,39.33,1
3.363,69.7,2829,63.6,241,183,47.03,30.48,0
7.204,90.4,2680,90.8,132,327,26.65,43.09,1
1.723,62.9,3095,44.7,509,101,42.64,32.86,0
10.063,106.7,2538,87.2,617,291,22.24,45.95,1
1.103,54.6,2898,72.5,280,201,52.6,35.19,0
8.306,78.0,2912,93.5,251,471,12.53,44.79,1
9.37,73.7,2760,77.7,77,194,31.2,39.54,1
2.823,60.0,3039,74.9,118,66,38.83,35.02,0
9.783,84.0,2601,76.6,51,353,31.43,39.28,1
10.974,85.8,2606,95.3,177,153,30.99,33.91,1
10.106,82.6,2847,75.9,199,493,25.28,50.94,1
7.406,90.1,2935,92.8,366,344,33.0,42.71,1
9.042,81.9,2425,100.0,282,126,31.72,38.02,1
1.176,66.6,2722,66.5,153,42,43.76,32.55,0
2.037,64.7,3122,67.6,377,79,45.63,30.56,0
9.176,66.1,2761,92.9,862,320,33.49,49.17,1
2.065,64.5,2851,48.4,388,62,44.68,37.49,0
6.757,77.2,2629,100.0,188,170,33.22,42.54,1
8.075,86.3,2993,89.5,300,252,16.06,43.6,1
1.968,68.4,3130,67.1,130,15,44.7,40.92,0
0.877,60.1,2975,65.3,121,99,43.06,29.5,0
9.083,93.5,2776,80.5,644,104,27.87,33.51,1
2.415,67.5,2909,64.0,303,77,48.8,36.76,0
8.209,99.0,2888,85.2,458,211,36.7,47.31,1
1.528,66.4,2990,76.2,220,284,41.45,31.69,0
10.073,78.3,3018,82.7,120,318,25.37,43.74,1
2.653,70.3,3072,75.5,104,120,42.99,32.65,0
7.775,81.5,2882,79.8,144,220,23.13,33.88,1
1.651,53.5,2842,64.3,327,20,44.12,35.08,0
9.237,81.2,2931,92.7,89,128,27.65,47.79,1
1.944,62.1,2996,75.0,266,103,46.87,42.43,0
8.291,95.7,3012,87.5,352,285,31.1,46.62,1
9.609,69.5,2979,86.1,117,414,27.64,46.86,1
1.781,65.4,3157,73.1,859,175,46.05,34.21,0
1.989,57.1,2925,70.6,427,81,48.46,34.17,0
2.12,65.4,2800,68.5,240,70,41.87,43.87,0
7.883,95.5,2995,75.5,160,152,28.54,44.31,1
8.366,84.4,2484,84.3,310,456,32.98,48.61,1
8.444,83.5,2878,78.8,304,79,22.13,28.54,1
2.314,63.5,3065,70.1,270,99,42.59,34.91,0
2.363,63.6,2999,66.9,316,170,53.21,30.57,0
8.562,81.9,2836,90.9,135,306,24.16,33.46,1
2.04,58.8,3072,73.5,387,103,46.62,37.38,0
9.927,79.8,2608,83.7,99,538,29.6,38.03,1
2.583,68.3,2872,67.7,99,46,42.25,40.0,0
9.21,80.8,2692,90.4,55,276,31.45,41.53,1
1.473,66.8,2978,86.8,363,80,45.18,33.1,0
1.541,62.0,3005,80.1,322,328,47.62,25.33,0
5.309,88.2,3094,79.9,256,39,24.7,39.91,1
8.351,85.3,2534,74.2,172,228,25.24,43.35,1
7.596,71.6,3069,90.5,192,109,36.47,48.57,1
2.726,59.4,2910,62.1,132,76,38.48,31.44,0
2.099,51.8,3064,73.5,301,185,53.54,41.4,0
7.439,89.7,2661,77.9,47,63,28.75,39.52,1
7.432,63.8,2868,89.3,67,206,31.1,40.64,1
2.597,58.9,2913,70.9,136,167,51.0,37.28,0
2.26,64.5,2931,79.1,279,97,46.99,40.8,0
3.821,66.0,3118,62.9,243,256,42.81,34.13,0
7.946,90.9,2718,87.2,531,184,28.78,44.62,1
2.414,68.0,2864,56.2,217,118,43.29,34.57,0
1.577,65.5,3195,89.4,405,33,44.0,38.62,0
1.305,60.2,2745,80.0,271,50,40.97,39.52,0
1.991,59.2,3117,69.1,54,72,42.12,29.5,0
2.11,63.9,2810,66.0,120,82,49.58,35.46,0
4.335,65.4,3282,64.9,132,98,47.33,29.26,0
1.853,70.4,2768,68.6,154,99,43.99,38.54,0
8.97,81.8,3161,91.1,203,497,31.99,40.47,1
2.218,58.8,2987,82.6,465,104,44.38,31.32,0
9.184,84.5,2605,83.9,227,538,34.41,45.02,1
7.811,89.4,2411,58.9,167,333,25.52,42.09,1
7.458,74.3,3271,100.0,421,216,25.02,39.32,1
6.768,79.1,3253,92.4,419,252,25.0,38.72,1
2.779,61.6,2877,68.2,39,135,41.59,34.97,0
1.597,54.5,3097,59.7,242,145,49.62,33.47,0
8.737,84.1,2992,84.0,499,235,24.68,45.4,1
8.355,93.7,2778,93.7,219,373,25.88,38.77,1
7.876,85.3,2777,72.9,124,330,19.03,47.02,1
7.081,81.1,2978,86.9,403,338,23.79,46.91,1
9.412,83.0,2866,100.0,112,373,21.8,41.72,1
1.668,65.8,2912,58.2,273,137,43.57,40.7,0
1.204,55.1,3076,59.0,218,161,44.24,39.52,0
6.997,96.0,2932,100.0,77,287,30.77,34.69,1
7.371,87.9,2902,93.1,452,391,34.28,50.66,1
0.959,69.5,2969,67.5,315,81,36.28,35.43,0
7.748,77.3,2986,92.1,542,267,25.36,45.48,1
1.9,55.8,2911,82.1,243,139,46.27,33.1,0
9.273,79.2,2835,98.4,130,120,27.84,29.55,1
2.175,61.4,3036,51.5,82,202,47.44,43.33,0
1.643,59.7,2831,66.8,424,87,51.59,36.28,0
6.844,90.8,2952,84.9,122,167,27.16,42.31,1
2.294,64.0,3024,74.0,857,65,51.32,34.5,0
7.33,85.3,2706,85.8,659,425,30.56,42.46,1
10.496,90.5,2591,85.9,257,110,30.32,48.15,1
6.705,68.5,3000,97.6,208,282,19.15,42.57,1
2.171,64.4,3176,63.0,153,44,41.27,34.68,0
1.266,61.5,3128,54.6,166,149,44.22,35.48,0
3.385,71.7,2997,78.9,770,143,46.51,34.41,0
7.885,86.3,2767,79.5,188,429,33.33,39.03,1
9.568,85.3,2743,70.6,328,284,27.29,43.94,1
11.922,84.3,2743,88.9,343,131,34.23,40.61,1
7.574,92.9,2676,94.4,438,207,23.55,40.85,1
6.197,91.0,2730,87.1,312,176,23.27,38.48,1
5.68,87.4,2969,83.7,244,420,30.14,39.7,1
2.824,71.2,3201,81.6,143,256,46.05,33.04,0
5.675,84.2,3155,87.3,337,189,29.31,31.89,1
1.323,47.1,3117,78.0,297,37,39.4,32.01,0
9.156,73.2,2791,97.9,186,262,29.97,42.3,1
8.778,86.1,2981,95.7,321,137,29.06,28.15,1
9.138,85.5,2509,94.1,232,118,23.65,41.03,1
2.12,59.1,2908,59.7,297,9,46.39,33.46,0
2.617,60.3,3016,70.2,376,103,49.97,30.54,0
3.905,55.3,3112,56.7,272,209,49.54,31.86,0
2.662,51.8,2801,68.8,397,30,46.82,38.86,0
2.928,68.3,3464,86.4,269,39,46.27,43.33,0
9.745,96.9,2682,91.6,437,136,35.13,34.44,1
9.851,74.8,2897,100.0,202,139,35.01,40.58,1
2.05,67.3,3188,69.3,125,150,37.3,38.2,0
2.086,53.3,3137,61.7,288,25,50.54,31.22,0
1.137,56.5,3005,69.4,608,69,47.59,33.6,0
11.001,74.7,2935,94.3,413,294,24.85,49.02,1
2.319,65.2,2774,76.5,604,47,51.71,36.42,0
9.603,85.1,2901,90.9,185,323,23.74,47.61,1
2.403,69.2,3077,81.9,243,48,45.57,32.6,0
6.015,80.3,3020,80.9,129,332,37.56,27.56,1
7.713,97.4,2774,84.1,105,113,35.59,48.14,1
1.589,56.6,2981,68.0,557,110,51.34,40.02,0
9.582,71.1,2723,95.0,526,133,31.9,44.52,1
3.428,63.7,3158,83.1,356,101,52.76,35.86,0
9.636,66.8,2746,98.3,186,268,35.32,36.93,1
1.82,67.6,3134,67.6,382,28,51.27,31.66,0
9.543,109.9,2467,78.9,501,151,32.56,43.22,1
8.926,84.9,2972,90.5,647,343,30.48,41.41,1
7.018,76.0,2246,87.4,88,272,24.22,43.1,1
7.23,84.5,3342,92.3,204,102,26.96,49.54,1
2.333,58.2,2803,72.4,192,35,45.7,35.13,0
2.48,51.4,2912,68.3,224,168,46.17,35.75,0
2.766,62.1,3093,81.1,341,114,41.24,40.07,0
3.446,61.7,2759,80.3,57,119,41.54,37.81,0
5.461,98.5,2682,85.6,183,84,34.03,37.38,1
1.155,62.4,3057,58.8,195,135,43.33,40.95,0
11.367,90.8,2771,84.8,267,167,37.19,48.58,1
6.579,80.0,2781,94.9,288,357,27.94,46.36,1
8.784,95.3,2836,89.6,222,246,29.45,43.93,1
0.882,65.2,2675,54.8,723,80,47.77,32.8,0
6.618,87.2,2807,89.3,234,237,34.6,50.95,1
8.777,77.5,2832,83.6,339,603,29.0,47.14,1
2.67,54.7,3038,87.9,375,45,50.74,38.34,0
8.519,90.5,2756,91.3,139,439,34.1,39.42,1
12.803,81.5,3027,95.9,145,328,34.67,42.39,1
2.601,61.9,2824,66.3,379,116,45.4,31.19,0
2.524,55.4,2697,85.9,529,67,45.8,33.37,0
2.778,60.2,2999,73.6,644,45,49.85,39.78,0
1.989,57.4,2880,65.9,142,59,46.02,33.88,0
1.52,64.3,3393,62.1,451,73,45.49,36.02,0
0.753,56.1,2974,69.3,255,43,50.07,36.67,0
2.655,70.0,3194,60.2,525,77,48.4,30.91,0
2.339,51.9,2764,80.3,318,96,43.06,40.84,0
9.405,87.7,3056,90.9,358,232,34.75,41.71,1
8.947,79.1,2779,90.7,578,87,32.75,37.14,1
9.458,93.5,2628,91.8,611,162,26.15,41.76,1
0.814,54.1,2936,73.4,280,46,41.02,33.65,0
1.346,63.3,2967,62.8,80,144,46.36,30.56,0
1.093,59.1,2964,76.6,162,181,45.48,35.79,0
1.67,57.0,3278,61.1,782,77,35.83,44.02,0
1.409,55.4,3056,69.8,369,44,40.38,36.65,0
10.28,80.3,2708,78.8,143,340,28.34,40.75,1
3.618,60.5,3080,74.6,178,155,44.62,32.33,0
8.143,100.9,2689,82.2,480,343,28.95,43.37,1
8.569,85.1,2685,96.4,713,330,41.53,34.39,1
2.218,65.7,2951,70.9,264,106,40.71,34.75,0
2.334,57.4,3025,77.4,526,54,45.35,36.98,0
9.498,83.8,2863,90.5,447,240,24.66,34.81,1
1.345,66.0,3168,81.2,320,113,41.73,34.6,0
2.874,60.5,2963,81.2,396,101,48.17,30.21,0
7.933,85.6,2961,99.4,312,222,31.58,43.74,1
0.931,72.7,2970,77.9,536,241,40.05,32.1,0
9.47,78.3,3047,80.7,409,370,33.13,48.73,1
8.176,71.3,3174,86.5,88,550,31.97,43.92,1
4.07,69.7,2972,73.0,233,94,50.51,39.46,0
1.04,56.0,3201,72.6,141,106,44.19,32.29,0
2.559,68.2,3013,75.8,283,98,46.35,32.5,0
1.672,58.1,3020,68.7,225,55,44.05,41.12,0
2.627,50.8,2782,62.4,175,162,48.04,37.27,0
10.255,76.6,3177,77.5,113,110,25.67,40.6,1
0.99,64.4,2963,56.9,52,96,43.83,40.54,0
1.379,59.2,2875,84.6,531,92,47.82,41.59,0
9.331,91.2,2603,89.9,531,300,26.82,40.17,1
7.207,78.8,3227,90.3,109,180,21.87,37.44,1
8.545,95.9,2732,80.3,317,404,33.34,44.0,1
2.822,56.9,3018,75.9,72,88,44.75,34.8,0
9.815,84.7,2730,93.7,155,75,29.28,43.77,1
6.158,95.0,2671,78.0,215,180,14.72,32.43,1
2.333,46.9,3011,73.0,167,63,46.29,30.56,0
1.026,64.6,3177,63.6,368,44,47.52,32.49,0
8.182,93.4,2526,100.0,29,269,24.91,45.1,1
1.516,62.1,2900,66.7,151,104,42.89,33.22,0
2.728,67.4,3059,57.0,429,327,50.97,33.05,0
3.259,58.0,3256,87.2,67,40,48.53,33.84,0
2.365,64.0,3137,84.9,163,71,51.25,41.0,0
10.415,80.0,3035,84.4,463,106,22.89,41.03,1
9.007,77.2,3166,81.9,757,449,25.73,47.18,1
6.689,86.0,2445,70.8,531,57,28.37,31.9,1
1.865,56.0,3161,77.6,212,114,45.81,31.63,0
2.064,57.4,3085,87.6,754,29,43.72,38.07,0
2.607,57.7,3160,64.3,437,119,44.0,33.09,0
2.557,62.8,2837,58.8,111,157,45.96,32.16,0
2.223,55.6,2774,85.5,75,58,50.01,43.01,0
9.008,79.7,2843,68.6,416,51,38.66,43.27,1
1.75,67.1,3010,59.9,237,78,49.16,25.19,0
8.825,81.3,2655,92.2,108,75,27.53,43.47,1
2.443,51.4,3123,54.4,230,53,42.49,33.53,0
1.794,68.0,2720,81.1,483,107,42.48,32.42,0
2.866,67.6,2919,78.6,168,204,44.2,45.93,0
9.298,93.2,2750,88.6,165,446,27.12,45.93,1
9.042,96.5,2574,94.4,228,245,21.57,39.8,1
11.142,76.6,2701,63.2,248,247,10.34,44.99,1
1.217,68.2,2796,68.9,202,165,45.87,36.78,0
1.782,73.5,2911,65.5,371,62,42.93,28.07,0
9.174,79.0,2585,86.4,395,152,34.65,34.11,1
1.356,68.5,3096,77.2,243,234,42.28,34.85,0
6.978,69.4,2538,79.0,161,566,33.01,43.41,1
1.475,61.2,3102,83.6,184,94,50.92,34.43,0
1.792,52.8,3043,73.0,560,91,48.65,32.23,0
0.792,60.3,3349,64.9,747,130,45.48,38.68,0
1.824,56.0,3060,70.8,95,154,49.33,28.39,0
10.183,87.8,2786,84.5,115,348,28.06,41.03,1
2.432,55.4,2871,50.1,181,108,41.26,32.93,0
2.179,59.3,2888,67.1,568,127,36.41,39.05,0
1.041,59.6,2876,83.8,201,61,43.73,33.16,0
2.867,62.6,3205,64.9,370,137,50.34,36.75,0
8.887,87.0,3120,91.6,230,427,32.61,41.03,1
10.156,88.8,2891,84.3,184,322,20.54,37.42,1
9.213,90.7,2982,83.5,221,28,27.3,50.93,1
8.496,94.4,2826,84.9,109,241,25.84,40.77,1
2.174,68.4,3191,67.1,397,108,44.37,36.41,0
6.862,74.0,2640,88.3,159,214,31.38,38.81,1
0.602,65.6,3065,88.7,172,101,42.85,39.75,0
1.569,70.5,2875,71.3,146,256,44.55,34.28,0
6.181,90.8,2868,81.5,616,190,33.19,40.34,1
2.205,58.6,3073,71.2,192,31,46.29,39.8,0
9.361,96.2,3020,76.6,295,154,19.91,46.03,1
1.383,65.1,3150,57.6,48,67,47.53,38.58,0
6.487,87.4,2605,78.8,27,147,30.19,35.34,1
6.451,84.7,2845,75.7,111,388,21.62,34.37,1
8.277,71.1,2655,91.1,463,455,37.3,49.19,1
9.254,85.1,3475,85.1,284,399,23.31,46.66,1
11.195,94.7,2903,86.2,652,374,28.0,45.28,1
1.157,56.4,2692,64.4,504,137,39.07,31.91,0
2.342,62.5,2891,86.9,148,332,47.76,35.98,0
0.638,70.4,2915,63.1,230,209,42.98,39.02,0
10.345,77.7,2806,100.0,551,174,28.95,41.53,1
1.736,62.2,3019,66.9,216,106,46.08,35.95,0
10.943,76.9,2708,93.9,388,270,28.58,34.65,1
1.78,64.0,2997,63.8,96,96,43.7,41.15,0
0.239,66.5,2912,77.0,317,109,47.99,34.52,0
9.518,77.8,3076,75.4,254,514,35.81,35.97,1
2.027,60.0,2913,69.4,149,104,49.17,29.79,0
2.491,63.9,2854,56.4,236,112,43.07,32.24,0
2.3,64.9,3069,74.0,313,46,41.52,31.26,0
9.142,81.0,3110,83.9,453,350,27.02,43.68,1
8.616,94.4,3073,86.2,624,446,30.05,40.84,1
1.568,49.0,3113,88.7,418,150,48.67,37.11,0
2.716,64.9,2979,54.4,520,65,42.17,32.9,0
0.694,66.0,2921,47.8,135,234,54.53,34.87,0
5.307,83.2,2925,85.2,119,362,21.49,46.9,1
9.187,75.5,2663,81.8,360,275,29.56,39.88,1
1.78,63.9,3148,59.4,102,225,52.08,27.2,0
1.963,70.5,2973,60.2,222,56,46.44,37.04,0
2.091,70.5,2813,79.5,413,125,42.92,27.65,0
5.809,93.5,2627,83.5,570,100,24.72,38.95,1
6.467,80.6,2819,95.7,322,45,28.79,39.62,1
1.848,68.7,3006,77.8,126,55,50.32,28.46,0
0.802,53.0,3160,65.7,262,211,41.2,34.41,0
3.091,60.1,2947,66.2,281,107,38.64,37.51,0
8.767,81.2,3143,80.5,162,344,30.73,45.41,1
1.609,67.9,2971,56.6,79,88,48.33,35.28,0
8.697,81.0,3050,78.3,418,856,17.87,39.66,1
8.384,86.7,2647,77.2,226,493,23.96,34.26,1
1.1,61.7,2905,79.3,385,164,45.46,42.73,0
1.123,58.5,3032,72.6,303,119,50.65,28.56,0
1.946,64.0,3009,78.6,226,103,46.48,39.65,0
5.976,88.8,2578,74.4,206,105,31.28,44.43,1
6.964,100.8,2463,90.9,249,310,29.37,49.67,1
8.08,88.7,2798,97.3,358,224,33.8,42.68,1
7.053,89.9,2995,97.2,38,503,26.44,47.39,1
2.487,59.6,3207,78.6,353,71,40.99,31.76,0
7.408,88.2,2811,79.0,336,278,29.72,39.75,1
11.748,92.5,2895,90.5,416,105,29.23,42.94,1
1.504,55.6,3183,48.2,587,200,35.75,33.81,0
8.819,82.5,2514,73.6,165,245,32.02,52.34,1
10.04,78.6,2515,79.0,90,262,21.4,41.5,1
10.159,83.0,2759,95.1,293,378,27.43,42.13,1
7.654,87.5,2767,95.0,279,330,27.93,43.95,1
7.276,82.5,2970,75.6,209,155,38.76,36.57,1
8.617,87.5,2951,94.4,343,52,26.35,48.61,1
0.935,68.2,3139,87.2,173,102,46.82,29.76,0
0.258,66.9,2905,84.2,227,83,44.83,31.66,0
6.135,95.3,2523,82.9,352,265,30.48,41.17,1
2.129,71.1,3025,81.3,212,110,47.57,40.66,0
2.082,60.7,3068,73.9,279,61,49.09,31.19,0
2.119,61.8,2847,63.5,213,152,50.29,30.48,0
0.871,63.0,3054,67.9,128,197,48.67,32.6,0
6.421,70.3,2661,82.8,413,364,26.3,43.0,1
9.258,96.1,2823,100.0,392,259,25.39,44.77,1
2.586,59.1,2891,62.7,385,50,45.97,34.65,0
0.486,58.8,2912,59.7,239,75,43.4,29.22,0
2.249,65.8,3176,74.8,431,120,44.97,30.07,0
9.237,80.0,2768,89.0,442,346,23.18,39.59,1
9.355,89.6,2656,94.0,547,414,37.37,37.12,1
2.427,52.5,2992,83.7,241,216,42.35,42.26,0
8.352,83.5,2583,100.0,290,460,32.21,42.78,1
9.154,78.8,2876,90.5,128,558,28.06,46.52,1
4.702,98.3,2914,91.7,587,324,35.54,44.31,1
9.523,82.0,2645,87.2,216,203,22.48,33.36,1
2.92,59.4,2848,70.8,105,177,48.8,31.07,0
8.166,70.0,2737,86.8,556,362,25.78,45.86,1
2.895,70.1,3068,70.2,236,84,34.51,31.47,0
7.488,93.4,2671,87.9,716,318,31.63,37.25,1
7.895,85.8,2394,94.1,268,226,27.28,41.72,1
11.487,83.2,2880,84.5,161,257,25.83,44.84,1
7.252,88.2,2849,89.6,422,141,25.52,39.36,1
1.432,54.7,2980,64.5,227,175,49.14,43.93,0
8.279,70.9,2671,97.7,376,62,31.82,41.88,1
9.761,91.3,2793,81.3,167,220,22.97,37.77,1
8.812,77.7,2697,85.4,353,426,37.29,38.19,1
1.544,62.6,3024,51.0,204,87,47.7,38.91,0
1.057,60.5,3049,70.8,406,198,46.26,36.34,0
2.027,63.8,2863,73.2,249,65,45.25,33.48,0
8.384,84.9,2921,85.5,290,225,31.66,43.72,1
9.139,75.9,2753,99.2,224,190,32.94,41.85,1
1.927,62.7,2958,71.9,255,75,48.6,33.71,0
1.858,67.2,3153,77.6,402,194,46.27,38.48,0
10.096,89.3,2725,81.8,126,80,24.49,37.92,1
8.879,82.4,2135,91.4,311,306,30.88,38.79,1
10.577,75.6,2681,87.9,923,94,28.74,54.62,1
9.166,86.6,2783,86.8,512,169,29.47,40.49,1
0.581,74.2,2995,78.5,239,68,40.2,28.34,0
1.451,67.2,2901,75.4,280,271,50.94,42.22,0
10.519,73.6,2869,92.7,196,289,41.04,46.44,1
9.283,88.7,2364,81.8,369,461,28.52,45.62,1
8.353,77.6,2788,88.9,106,300,30.27,37.83,1
11.909,81.4,2464,78.4,204,308,28.28,47.96,1
9.834,87.4,2558,82.7,161,298,34.42,46.08,1
1.954,62.7,2576,100.0,200,53,38.55,32.33,0
2.947,61.3,3125,54.3,302,66,50.7,29.74,0
2.273,67.0,3140,65.3,42,185,44.45,35.02,0
1.952,61.4,2935,55.9,218,87,45.2,40.86,0
8.718,99.1,2796,89.8,190,252,41.47,43.1,1
7.579,107.3,2657,84.9,453,91,31.18,40.12,1
1.32,56.2,3009,68.9,142,114,46.73,33.59,0
1.567,62.5,3050,50.5,305,128,43.42,35.39,0
9.543,70.8,2522,82.9,239,66,32.03,38.0,1
1.822,51.6,3201,82.2,472,83,46.41,34.61,0
8.333,91.2,2722,85.7,436,194,31.99,49.21,1
7.293,81.1,2965,72.1,643,107,25.87,48.65,1
7.918,94.9,2992,95.5,482,137,29.53,38.23,1
0.874,66.4,2878,71.8,318,193,47.31,33.74,0
1.647,61.0,3123,69.6,419,65,43.9,43.43,0
6.617,88.8,2628,91.4,225,355,23.37,45.17,1
8.309,76.5,2437,86.0,284,188,30.06,44.16,1
1.114,63.4,3012,61.9,291,128,49.94,42.18,0
4.106,76.6,3288,94.8,147,275,30.77,39.97,1
3.12,57.6,3022,79.0,463,117,53.57,34.91,0
10.133,77.7,3183,87.6,564,318,35.5,35.97,1
1.778,62.3,3004,50.3,241,85,44.02,35.94,0
8.528,80.1,2651,82.3,253,153,31.15,43.53,1
1.837,60.8,2992,75.0,173,181,42.63,30.84,0
1.971,64.3,2941,62.8,117,147,45.15,36.19,0
2.528,61.8,3030,64.2,393,188,44.53,28.74,0
2.872,61.4,3104,62.4,123,85,54.22,35.55,0
10.035,75.8,2498,92.7,118,211,38.54,43.64,1
8.763,101.9,3457,89.1,379,438,28.52,39.59,1
1.983,54.5,3197,58.2,294,58,37.75,35.76,0
2.235,70.6,3086,67.3,394,44,47.32,33.59,0
8.698,82.1,2822,83.1,159,307,25.6,41.91,1
7.818,81.6,2751,83.3,689,55,21.49,37.19,1
8.172,90.0,2824,81.0,144,320,33.5,40.88,1
3.212,64.5,3113,64.8,190,145,40.39,32.77,0
2.305,71.5,2696,71.9,164,143,37.59,37.24,0
8.578,75.1,2567,96.7,678,466,23.5,39.56,1
1.6,59.0,3150,62.6,206,85,46.96,34.21,0
7.424,84.2,2707,81.0,136,425,25.51,31.61,1
3.309,62.2,3060,95.9,890,60,44.01,32.3,0
9.967,67.0,3034,88.1,617,87,21.68,47.23,1
1.984,71.5,2850,68.0,517,156,41.46,33.32,0
10.23,100.3,2544,100.0,597,76,29.19,31.48,1
2.879,68.3,3030,63.8,140,70,47.13,30.46,0
8.047,83.2,2803,85.5,643,475,27.25,36.4,1
2.36,59.4,2906,61.3,231,90,51.2,33.73,0
7.958,80.5,2725,76.8,325,159,20.22,43.97,1
8.404,82.5,2703,84.1,261,57,33.5,42.62,1
6.984,82.3,2681,91.4,561,73,32.46,39.15,1
7.727,80.0,2795,85.8,39,213,28.14,50.0,1
10.795,94.8,2323,75.6,126,489,21.35,45.77,1
9.497,88.7,2579,100.0,597,367,21.93,45.02,1
1.431,59.1,3039,59.7,175,163,41.64,34.58,0
6.104,91.5,3041,88.9,549,219,32.83,36.91,1
1.671,63.3,2876,51.8,169,108,49.82,33.54,0
2.817,61.7,3113,59.1,226,164,46.06,33.51,0
1.697,59.4,2966,73.8,720,61,51.09,44.86,0
3.666,64.4,2987,60.1,417,101,48.08,26.39,0
9.267,76.5,3052,79.4,297,105,25.39,32.61,1
11.403,81.0,2788,94.4,361,262,32.86,46.79,1
9.723,80.9,2704,100.0,483,217,31.83,32.88,1
1.479,66.4,3192,78.2,287,55,45.52,32.42,0
0.244,62.4,3018,72.2,378,23,58.04,35.96,0
3.28,72.0,2969,74.4,900,57,46.45,33.1,0
2.563,60.4,3064,82.4,132,117,38.11,37.41,0
2.427,69.9,3035,73.2,295,72,47.07,34.95,0
2.132,63.1,3115,85.4,195,101,42.07,36.01,0
0.894,55.9,3080,79.1,149,110,50.07,40.15,0
7.747,79.7,3172,79.5,293,357,21.57,37.42,1
6.441,67.1,2824,87.5,151,295,26.87,42.23,1
8.984,86.6,3019,90.2,136,135,35.26,40.37,1
8.408,78.8,2729,85.9,250,368,22.54,33.8,1
9.25,78.6,3037,91.1,371,419,21.35,41.0,1
1.887,67.0,3250,81.1,355,64,49.15,35.61,0
10.331,99.0,3001,96.0,253,194,41.31,46.49,1
7.185,104.2,2818,100.0,105,169,30.32,40.04,1
2.51,67.9,2739,80.9,101,125,44.22,38.49,0
2.207,60.5,3050,75.2,331,82,44.79,36.25,0
9.152,75.6,2791,90.9,178,353,29.14,41.35,1
0.785,53.9,2772,68.2,305,117,45.56,46.33,0
7.307,99.3,2738,84.2,281,184,25.41,31.55,1
9.137,83.0,2957,93.5,66,289,27.21,46.81,1
1.008,60.8,3403,76.4,603,84,53.89,35.27,0
0.798,59.6,2914,71.7,100,179,48.33,34.47,0
1.403,68.2,2934,71.2,230,86,44.06,37.53,0
1.471,73.9,2868,77.2,115,307,43.04,34.47,0
2.603,67.7,3191,61.4,176,356,50.16,34.8,0
10.944,88.6,2616,79.1,189,343,31.77,42.38,1
1.315,56.5,2891,49.5,201,249,46.04,32.95,0
1.511,57.1,3106,84.6,234,58,43.61,35.88,0
2.895,54.9,2792,69.5,676,108,45.75,35.32,0
11.602,81.8,2878,83.8,145,470,31.42,53.66,1
1.857,63.1,3267,73.6,379,147,51.45,32.55,0
1.912,61.1,3084,73.5,515,39,48.87,27.0,0
10.746,95.1,2556,98.9,356,241,24.99,40.3,1
11.287,89.9,2879,96.5,576,408,23.48,37.63,1
3.052,52.8,3256,66.7,358,21,46.37,38.86,0
6.641,81.5,2485,76.2,352,250,22.94,43.45,1
1.872,66.9,3065,59.2,523,212,42.17,37.17,0
4.001,59.2,3135,69.9,323,71,38.4,39.54,0
1.155,57.2,2867,78.4,516,113,42.81,38.01,0
1.717,68.1,3116,80.0,323,133,45.49,31.84,0
8.426,79.1,2925,87.6,511,80,31.82,39.7,1
2.762,60.2,2944,66.1,640,48,49.28,36.74,0
3.351,64.0,2537,79.0,212,92,45.08,41.5,0
10.677,84.7,3022,69.5,193,171,33.34,41.78,1
9.819,91.4,2855,88.8,575,417,23.37,31.27,1
1.842,58.6,3166,69.2,505,49,46.56,29.52,0
10.565,93.5,2837,81.7,75,417,38.2,32.62,1
0.663,61.2,3168,58.1,307,50,47.76,32.14,0
9.531,85.1,2844,86.9,717,135,28.43,36.93,1
10.7,77.2,2503,87.9,126,442,32.2,41.51,1
6.833,90.9,3090,80.9,114,261,27.72,33.89,1
3.062,49.7,3114,59.6,172,89,48.0,30.96,0
1.222,64.2,3118,70.4,203,97,41.96,38.76,0
2.325,62.4,3025,59.4,85,102,44.76,31.56,0
