timestamp,asset_id,equipment_class,cycle,temperature_bearing_c,temperature_motor_c,vibration_mm_s,pressure_bar,rpm,current_a,fault_type,fault_label,rul_cycles,severity,sequence_id
2024-06-01 08:00:00,EAF-04,blast_furnace_blower_bearing,0,57.851,79.528,2.081,146.926,274.002,133.871,outer_race,0,224,healthy,demo-001
2024-06-01 08:00:01,EAF-04,blast_furnace_blower_bearing,1,60.05,80.028,2.652,154.032,280.868,139.257,outer_race,0,223,healthy,demo-001
2024-06-01 08:00:02,EAF-04,blast_furnace_blower_bearing,2,61.975,80.708,2.387,150.643,279.942,144.831,outer_race,0,222,healthy,demo-001
2024-06-01 08:00:03,EAF-04,blast_furnace_blower_bearing,3,60.194,82.016,2.14,150.606,277.057,143.407,outer_race,0,221,healthy,demo-001
2024-06-01 08:00:04,EAF-04,blast_furnace_blower_bearing,4,63.921,77.734,3.194,156.457,283.515,141.607,outer_race,0,220,healthy,demo-001
2024-06-01 08:00:05,EAF-04,blast_furnace_blower_bearing,5,60.961,79.773,2.665,153.37,284.786,142.386,outer_race,0,219,healthy,demo-001
2024-06-01 08:00:06,EAF-04,blast_furnace_blower_bearing,6,62.016,80.12,2.511,148.028,285.309,145.562,outer_race,0,218,healthy,demo-001
2024-06-01 08:00:07,EAF-04,blast_furnace_blower_bearing,7,62.823,75.034,3.01,140.518,284.644,135.62,outer_race,0,217,healthy,demo-001
2024-06-01 08:00:08,EAF-04,blast_furnace_blower_bearing,8,63.223,77.797,3.408,153.628,284.924,139.319,outer_race,0,216,healthy,demo-001
2024-06-01 08:00:09,EAF-04,blast_furnace_blower_bearing,9,63.899,79.465,2.761,146.688,279.975,143.987,outer_race,0,215,healthy,demo-001
2024-06-01 08:00:10,EAF-04,blast_furnace_blower_bearing,10,61.722,78.989,2.756,160.365,273.383,137.489,outer_race,0,214,healthy,demo-001
2024-06-01 08:00:11,EAF-04,blast_furnace_blower_bearing,11,62.739,77.379,3.091,150.468,280.25,137.236,outer_race,0,213,healthy,demo-001
2024-06-01 08:00:12,EAF-04,blast_furnace_blower_bearing,12,61.455,78.824,3.024,150.786,286.968,140.454,outer_race,0,212,healthy,demo-001
2024-06-01 08:00:13,EAF-04,blast_furnace_blower_bearing,13,60.893,82.306,3.017,155.891,284.587,143.717,outer_race,0,211,healthy,demo-001
2024-06-01 08:00:14,EAF-04,blast_furnace_blower_bearing,14,62.113,81.784,3.185,150.499,283.412,143.109,outer_race,0,210,healthy,demo-001
2024-06-01 08:00:15,EAF-04,blast_furnace_blower_bearing,15,60.201,80.838,1.872,155.784,275.18,143.16,outer_race,0,209,healthy,demo-001
2024-06-01 08:00:16,EAF-04,blast_furnace_blower_bearing,16,60.726,78.513,2.588,139.971,280.903,137.282,outer_race,0,208,healthy,demo-001
2024-06-01 08:00:17,EAF-04,blast_furnace_blower_bearing,17,61.191,77.382,2.811,151.443,285.26,138.534,outer_race,0,207,healthy,demo-001
2024-06-01 08:00:18,EAF-04,blast_furnace_blower_bearing,18,64.065,79.923,3.114,143.521,280.59,142.612,outer_race,0,206,healthy,demo-001
2024-06-01 08:00:19,EAF-04,blast_furnace_blower_bearing,19,59.924,81.411,2.091,152.027,285.46,146.516,outer_race,0,205,healthy,demo-001
2024-06-01 08:00:20,EAF-04,blast_furnace_blower_bearing,20,60.611,81.274,2.966,154.974,287.38,143.278,outer_race,0,204,healthy,demo-001
2024-06-01 08:00:21,EAF-04,blast_furnace_blower_bearing,21,60.36,80.037,2.871,146.601,278.973,136.698,outer_race,0,203,healthy,demo-001
2024-06-01 08:00:22,EAF-04,blast_furnace_blower_bearing,22,57.687,79.149,2.351,152.968,275.71,132.754,outer_race,0,202,healthy,demo-001
2024-06-01 08:00:23,EAF-04,blast_furnace_blower_bearing,23,61.524,80.919,2.955,151.231,275.595,138.557,outer_race,0,201,healthy,demo-001
2024-06-01 08:00:24,EAF-04,blast_furnace_blower_bearing,24,59.848,75.98,2.732,143.732,287.515,134.679,outer_race,0,200,healthy,demo-001
2024-06-01 08:00:25,EAF-04,blast_furnace_blower_bearing,25,61.764,80.785,2.874,149.9,285.419,143.91,outer_race,0,199,healthy,demo-001
2024-06-01 08:00:26,EAF-04,blast_furnace_blower_bearing,26,58.034,77.409,2.356,154.448,282.497,134.369,outer_race,0,198,healthy,demo-001
2024-06-01 08:00:27,EAF-04,blast_furnace_blower_bearing,27,59.646,80.697,2.208,145.697,284.544,143.066,outer_race,0,197,healthy,demo-001
2024-06-01 08:00:28,EAF-04,blast_furnace_blower_bearing,28,58.953,79.029,2.468,150.959,278.53,135.414,outer_race,0,196,healthy,demo-001
2024-06-01 08:00:29,EAF-04,blast_furnace_blower_bearing,29,63.096,77.69,2.986,148.547,281.596,139.452,outer_race,0,195,healthy,demo-001
2024-06-01 08:00:30,EAF-04,blast_furnace_blower_bearing,30,60.618,80.177,2.556,152.77,284.154,142.591,outer_race,0,194,healthy,demo-001
2024-06-01 08:00:31,EAF-04,blast_furnace_blower_bearing,31,59.096,77.679,2.441,167.926,280.72,136.919,outer_race,0,193,healthy,demo-001
2024-06-01 08:00:32,EAF-04,blast_furnace_blower_bearing,32,59.066,79.053,2.772,160.774,280.293,135.649,outer_race,0,192,healthy,demo-001
2024-06-01 08:00:33,EAF-04,blast_furnace_blower_bearing,33,61.656,81.616,2.87,154.16,285.625,145.461,outer_race,0,191,healthy,demo-001
2024-06-01 08:00:34,EAF-04,blast_furnace_blower_bearing,34,59.794,78.491,2.352,152.595,280.222,138.029,outer_race,0,190,healthy,demo-001
2024-06-01 08:00:35,EAF-04,blast_furnace_blower_bearing,35,61.986,78.246,2.362,146.275,279.054,140.611,outer_race,0,189,healthy,demo-001
2024-06-01 08:00:36,EAF-04,blast_furnace_blower_bearing,36,60.514,81.875,2.638,150.675,288.277,145.977,outer_race,0,188,healthy,demo-001
2024-06-01 08:00:37,EAF-04,blast_furnace_blower_bearing,37,60.485,77.818,2.507,155.472,275.478,135.476,outer_race,0,187,healthy,demo-001
2024-06-01 08:00:38,EAF-04,blast_furnace_blower_bearing,38,64.503,77.448,3.167,151.735,282.22,141.329,outer_race,0,186,healthy,demo-001
2024-06-01 08:00:39,EAF-04,blast_furnace_blower_bearing,39,60.171,79.883,2.548,157.264,290.194,144.751,outer_race,0,185,healthy,demo-001
2024-06-01 08:00:40,EAF-04,blast_furnace_blower_bearing,40,63.607,82.855,3.026,146.97,284.088,148.436,outer_race,0,184,healthy,demo-001
2024-06-01 08:00:41,EAF-04,blast_furnace_blower_bearing,41,60.949,77.871,2.791,153.435,274.203,133.783,outer_race,0,183,healthy,demo-001
2024-06-01 08:00:42,EAF-04,blast_furnace_blower_bearing,42,62.586,75.379,3.028,141.589,282.181,134.436,outer_race,0,182,healthy,demo-001
2024-06-01 08:00:43,EAF-04,blast_furnace_blower_bearing,43,61.479,79.247,2.977,156.806,281.443,139.388,outer_race,0,181,healthy,demo-001
2024-06-01 08:00:44,EAF-04,blast_furnace_blower_bearing,44,59.565,79.419,2.356,159.727,279.413,139.257,outer_race,0,180,healthy,demo-001
2024-06-01 08:00:45,EAF-04,blast_furnace_blower_bearing,45,60.594,76.819,2.687,155.274,280.322,135.42,outer_race,0,179,healthy,demo-001
2024-06-01 08:00:46,EAF-04,blast_furnace_blower_bearing,46,59.721,82.115,2.624,156.377,283.418,143.164,outer_race,0,178,healthy,demo-001
2024-06-01 08:00:47,EAF-04,blast_furnace_blower_bearing,47,61.485,82.114,2.474,159.162,282.638,147.491,outer_race,0,177,healthy,demo-001
2024-06-01 08:00:48,EAF-04,blast_furnace_blower_bearing,48,61.53,80.557,2.68,149.473,277.752,140.641,outer_race,0,176,healthy,demo-001
2024-06-01 08:00:49,EAF-04,blast_furnace_blower_bearing,49,60.63,77.742,2.819,153.551,275.475,133.417,outer_race,0,175,healthy,demo-001
2024-06-01 08:00:50,EAF-04,blast_furnace_blower_bearing,50,61.728,79.796,2.817,156.53,283.865,142.796,outer_race,0,174,healthy,demo-001
2024-06-01 08:00:51,EAF-04,blast_furnace_blower_bearing,51,62.466,80.986,2.934,150.885,283.828,144.497,outer_race,0,173,healthy,demo-001
2024-06-01 08:00:52,EAF-04,blast_furnace_blower_bearing,52,58.944,77.49,2.021,148.9,285.852,139.366,outer_race,0,172,healthy,demo-001
2024-06-01 08:00:53,EAF-04,blast_furnace_blower_bearing,53,59.969,79.435,2.477,150.482,279.428,138.249,outer_race,0,171,healthy,demo-001
2024-06-01 08:00:54,EAF-04,blast_furnace_blower_bearing,54,62.022,79.615,2.889,160.743,283.351,142.869,outer_race,0,170,healthy,demo-001
2024-06-01 08:00:55,EAF-04,blast_furnace_blower_bearing,55,60.245,82.813,2.526,154.228,272.606,140.361,outer_race,0,169,healthy,demo-001
2024-06-01 08:00:56,EAF-04,blast_furnace_blower_bearing,56,61.469,77.763,2.598,149.854,288.468,142.3,outer_race,0,168,healthy,demo-001
2024-06-01 08:00:57,EAF-04,blast_furnace_blower_bearing,57,59.749,80.299,2.258,158.035,276.89,140.069,outer_race,0,167,healthy,demo-001
2024-06-01 08:00:58,EAF-04,blast_furnace_blower_bearing,58,59.98,79.834,2.685,150.328,288.165,141.658,outer_race,0,166,healthy,demo-001
2024-06-01 08:00:59,EAF-04,blast_furnace_blower_bearing,59,61.08,80.109,2.463,161.912,287.171,146.432,outer_race,0,165,healthy,demo-001
2024-06-01 08:01:00,EAF-04,blast_furnace_blower_bearing,60,63.424,80.173,2.883,158.463,274.003,141.676,outer_race,0,164,healthy,demo-001
2024-06-01 08:01:01,EAF-04,blast_furnace_blower_bearing,61,61.127,75.559,2.805,156.309,280.186,133.964,outer_race,0,163,healthy,demo-001
2024-06-01 08:01:02,EAF-04,blast_furnace_blower_bearing,62,60.103,79.552,2.399,156.371,280.398,140.296,outer_race,0,162,healthy,demo-001
2024-06-01 08:01:03,EAF-04,blast_furnace_blower_bearing,63,57.236,77.01,2.085,167.855,273.238,131.032,outer_race,0,161,healthy,demo-001
2024-06-01 08:01:04,EAF-04,blast_furnace_blower_bearing,64,61.886,82.219,2.622,155.134,281.864,146.629,outer_race,0,160,healthy,demo-001
2024-06-01 08:01:05,EAF-04,blast_furnace_blower_bearing,65,60.573,79.556,2.683,154.917,278.056,138.1,outer_race,0,159,healthy,demo-001
2024-06-01 08:01:06,EAF-04,blast_furnace_blower_bearing,66,61.03,76.019,2.954,154.557,283.213,134.708,outer_race,0,158,healthy,demo-001
2024-06-01 08:01:07,EAF-04,blast_furnace_blower_bearing,67,60.936,77.898,2.64,150.447,285.561,139.844,outer_race,0,157,healthy,demo-001
2024-06-01 08:01:08,EAF-04,blast_furnace_blower_bearing,68,62.76,76.497,2.99,152.504,284.955,139.115,outer_race,0,156,healthy,demo-001
2024-06-01 08:01:09,EAF-04,blast_furnace_blower_bearing,69,61.106,80.922,2.7,163.01,277.996,141.813,outer_race,0,155,healthy,demo-001
2024-06-01 08:01:10,EAF-04,blast_furnace_blower_bearing,70,62.181,81.355,2.538,145.355,288.6,148.656,outer_race,0,154,healthy,demo-001
2024-06-01 08:01:11,EAF-04,blast_furnace_blower_bearing,71,60.298,79.264,2.349,147.725,285.925,142.265,outer_race,0,153,healthy,demo-001
2024-06-01 08:01:12,EAF-04,blast_furnace_blower_bearing,72,61.271,76.846,2.572,155.01,276.425,135.589,outer_race,0,152,healthy,demo-001
2024-06-01 08:01:13,EAF-04,blast_furnace_blower_bearing,73,60.919,80.802,2.625,149.135,286.945,144.492,outer_race,0,151,healthy,demo-001
2024-06-01 08:01:14,EAF-04,blast_furnace_blower_bearing,74,58.77,79.532,2.253,154.984,280.733,138.61,outer_race,0,150,healthy,demo-001
2024-06-01 08:01:15,EAF-04,blast_furnace_blower_bearing,75,58.877,78.722,2.405,149.266,286.27,138.715,outer_race,0,149,healthy,demo-001
2024-06-01 08:01:16,EAF-04,blast_furnace_blower_bearing,76,61.595,78.819,2.585,154.423,280.758,140.905,outer_race,0,148,healthy,demo-001
2024-06-01 08:01:17,EAF-04,blast_furnace_blower_bearing,77,63.195,82.63,2.727,151.77,278.469,147.053,outer_race,0,147,healthy,demo-001
2024-06-01 08:01:18,EAF-04,blast_furnace_blower_bearing,78,62.065,79.595,2.909,148.428,286.144,142.733,outer_race,0,146,healthy,demo-001
2024-06-01 08:01:19,EAF-04,blast_furnace_blower_bearing,79,59.702,78.422,2.854,154.872,285.417,137.222,outer_race,0,145,healthy,demo-001
2024-06-01 08:01:20,EAF-04,blast_furnace_blower_bearing,80,59.314,81.939,2.52,155.389,282.193,142.06,outer_race,0,144,healthy,demo-001
2024-06-01 08:01:21,EAF-04,blast_furnace_blower_bearing,81,61.982,76.085,3.141,157.404,278.354,133.424,outer_race,0,143,healthy,demo-001
2024-06-01 08:01:22,EAF-04,blast_furnace_blower_bearing,82,58.871,79.602,2.426,158.268,280.867,138.213,outer_race,0,142,healthy,demo-001
2024-06-01 08:01:23,EAF-04,blast_furnace_blower_bearing,83,60.756,79.618,2.529,155.649,282.597,141.775,outer_race,0,141,healthy,demo-001
2024-06-01 08:01:24,EAF-04,blast_furnace_blower_bearing,84,61.446,83.384,2.442,157.803,276.026,146.05,outer_race,0,140,healthy,demo-001
2024-06-01 08:01:25,EAF-04,blast_furnace_blower_bearing,85,60.619,79.551,2.632,155.549,277.499,138.294,outer_race,0,139,healthy,demo-001
2024-06-01 08:01:26,EAF-04,blast_furnace_blower_bearing,86,61.041,80.551,3.061,148.968,287.95,142.022,outer_race,0,138,healthy,demo-001
2024-06-01 08:01:27,EAF-04,blast_furnace_blower_bearing,87,62.159,78.677,3.281,159.557,278.859,136.98,outer_race,0,137,healthy,demo-001
2024-06-01 08:01:28,EAF-04,blast_furnace_blower_bearing,88,62.715,80.971,2.732,151.899,287.292,148.0,outer_race,0,136,healthy,demo-001
2024-06-01 08:01:29,EAF-04,blast_furnace_blower_bearing,89,58.0,84.869,2.307,151.737,282.195,144.593,outer_race,0,135,healthy,demo-001
2024-06-01 08:01:30,EAF-04,blast_furnace_blower_bearing,90,60.118,79.641,2.723,157.74,278.746,137.717,outer_race,0,134,healthy,demo-001
2024-06-01 08:01:31,EAF-04,blast_furnace_blower_bearing,91,62.586,79.411,3.302,159.13,277.973,138.27,outer_race,0,133,healthy,demo-001
2024-06-01 08:01:32,EAF-04,blast_furnace_blower_bearing,92,60.082,80.21,2.577,153.618,282.487,140.733,outer_race,0,132,healthy,demo-001
2024-06-01 08:01:33,EAF-04,blast_furnace_blower_bearing,93,59.642,83.976,2.337,154.953,276.957,144.201,outer_race,0,131,healthy,demo-001
2024-06-01 08:01:34,EAF-04,blast_furnace_blower_bearing,94,60.755,79.782,2.811,152.332,286.77,141.952,outer_race,0,130,healthy,demo-001
2024-06-01 08:01:35,EAF-04,blast_furnace_blower_bearing,95,62.591,80.669,3.194,151.215,286.256,143.896,outer_race,0,129,healthy,demo-001
2024-06-01 08:01:36,EAF-04,blast_furnace_blower_bearing,96,63.578,81.648,2.812,154.472,284.72,149.343,outer_race,0,128,healthy,demo-001
2024-06-01 08:01:37,EAF-04,blast_furnace_blower_bearing,97,60.891,79.482,2.835,151.843,282.99,139.772,outer_race,0,127,healthy,demo-001
2024-06-01 08:01:38,EAF-04,blast_furnace_blower_bearing,98,60.34,78.961,2.089,148.538,274.96,138.539,outer_race,0,126,healthy,demo-001
2024-06-01 08:01:39,EAF-04,blast_furnace_blower_bearing,99,63.241,78.285,2.901,141.746,286.368,143.017,outer_race,0,125,healthy,demo-001
2024-06-01 08:01:40,EAF-04,blast_furnace_blower_bearing,100,60.484,79.774,2.495,154.678,282.026,141.614,outer_race,0,124,healthy,demo-001
2024-06-01 08:01:41,EAF-04,blast_furnace_blower_bearing,101,62.712,79.657,2.646,158.545,283.356,146.026,outer_race,0,123,healthy,demo-001
2024-06-01 08:01:42,EAF-04,blast_furnace_blower_bearing,102,59.947,78.08,2.579,155.666,275.698,134.767,outer_race,0,122,healthy,demo-001
2024-06-01 08:01:43,EAF-04,blast_furnace_blower_bearing,103,60.493,80.645,2.679,160.717,277.465,140.131,outer_race,0,121,healthy,demo-001
2024-06-01 08:01:44,EAF-04,blast_furnace_blower_bearing,104,60.684,76.659,3.102,157.435,280.535,133.941,outer_race,0,120,healthy,demo-001
2024-06-01 08:01:45,EAF-04,blast_furnace_blower_bearing,105,63.542,82.044,2.922,156.08,281.867,148.418,outer_race,0,119,healthy,demo-001
2024-06-01 08:01:46,EAF-04,blast_furnace_blower_bearing,106,61.551,79.881,3.107,155.078,275.955,137.635,outer_race,0,118,healthy,demo-001
2024-06-01 08:01:47,EAF-04,blast_furnace_blower_bearing,107,61.865,76.946,3.131,148.732,279.661,134.791,outer_race,0,117,healthy,demo-001
2024-06-01 08:01:48,EAF-04,blast_furnace_blower_bearing,108,60.071,77.864,3.059,154.656,284.165,135.749,outer_race,0,116,healthy,demo-001
2024-06-01 08:01:49,EAF-04,blast_furnace_blower_bearing,109,60.622,77.113,2.81,156.25,286.19,139.655,outer_race,0,115,healthy,demo-001
2024-06-01 08:01:50,EAF-04,blast_furnace_blower_bearing,110,58.329,81.416,2.354,154.601,284.009,142.424,outer_race,0,114,healthy,demo-001
2024-06-01 08:01:51,EAF-04,blast_furnace_blower_bearing,111,61.398,79.976,2.776,148.065,282.063,142.395,outer_race,0,113,healthy,demo-001
2024-06-01 08:01:52,EAF-04,blast_furnace_blower_bearing,112,58.973,78.896,2.81,154.956,287.444,138.848,outer_race,0,112,healthy,demo-001
2024-06-01 08:01:53,EAF-04,blast_furnace_blower_bearing,113,62.112,81.627,3.216,148.691,282.967,143.088,outer_race,0,111,healthy,demo-001
2024-06-01 08:01:54,EAF-04,blast_furnace_blower_bearing,114,60.829,79.283,2.984,147.946,283.205,140.627,outer_race,0,110,healthy,demo-001
2024-06-01 08:01:55,EAF-04,blast_furnace_blower_bearing,115,63.206,80.465,3.352,153.526,278.957,142.272,outer_race,0,109,healthy,demo-001
2024-06-01 08:01:56,EAF-04,blast_furnace_blower_bearing,116,65.175,77.805,3.685,159.7,286.045,144.909,outer_race,0,108,healthy,demo-001
2024-06-01 08:01:57,EAF-04,blast_furnace_blower_bearing,117,65.175,79.353,3.4,157.912,282.589,146.342,outer_race,0,107,healthy,demo-001
2024-06-01 08:01:58,EAF-04,blast_furnace_blower_bearing,118,60.23,80.887,3.083,144.3,286.465,140.874,outer_race,0,106,healthy,demo-001
2024-06-01 08:01:59,EAF-04,blast_furnace_blower_bearing,119,63.502,81.404,3.481,158.203,278.076,145.576,outer_race,0,105,healthy,demo-001
2024-06-01 08:02:00,EAF-04,blast_furnace_blower_bearing,120,62.151,80.964,3.289,146.242,280.389,142.05,outer_race,0,104,healthy,demo-001
2024-06-01 08:02:01,EAF-04,blast_furnace_blower_bearing,121,60.621,76.631,3.119,151.292,289.904,140.04,outer_race,0,103,healthy,demo-001
2024-06-01 08:02:02,EAF-04,blast_furnace_blower_bearing,122,61.202,80.81,3.335,148.211,283.836,141.327,outer_race,0,102,healthy,demo-001
2024-06-01 08:02:03,EAF-04,blast_furnace_blower_bearing,123,61.694,78.409,3.287,148.554,278.189,135.997,outer_race,0,101,healthy,demo-001
2024-06-01 08:02:04,EAF-04,blast_furnace_blower_bearing,124,62.052,80.711,3.811,153.854,289.089,146.021,outer_race,0,100,healthy,demo-001
2024-06-01 08:02:05,EAF-04,blast_furnace_blower_bearing,125,62.554,80.153,3.84,146.363,284.619,141.213,outer_race,0,99,healthy,demo-001
2024-06-01 08:02:06,EAF-04,blast_furnace_blower_bearing,126,63.072,77.434,3.464,146.595,283.043,141.189,outer_race,0,98,healthy,demo-001
2024-06-01 08:02:07,EAF-04,blast_furnace_blower_bearing,127,61.931,78.273,3.336,154.711,275.629,136.847,outer_race,0,97,healthy,demo-001
2024-06-01 08:02:08,EAF-04,blast_furnace_blower_bearing,128,62.087,80.166,3.533,147.913,278.777,138.507,outer_race,0,96,healthy,demo-001
2024-06-01 08:02:09,EAF-04,blast_furnace_blower_bearing,129,63.278,79.391,4.365,155.14,280.251,140.749,outer_race,0,95,healthy,demo-001
2024-06-01 08:02:10,EAF-04,blast_furnace_blower_bearing,130,62.219,80.486,3.677,155.914,280.194,142.237,outer_race,0,94,healthy,demo-001
2024-06-01 08:02:11,EAF-04,blast_furnace_blower_bearing,131,61.603,77.82,3.911,151.782,282.797,137.976,outer_race,0,93,healthy,demo-001
2024-06-01 08:02:12,EAF-04,blast_furnace_blower_bearing,132,64.32,77.254,4.026,159.079,284.558,141.417,outer_race,0,92,healthy,demo-001
2024-06-01 08:02:13,EAF-04,blast_furnace_blower_bearing,133,65.804,81.881,4.04,154.022,280.209,147.008,outer_race,0,91,healthy,demo-001
2024-06-01 08:02:14,EAF-04,blast_furnace_blower_bearing,134,63.74,77.669,4.919,155.204,279.591,137.496,outer_race,0,90,healthy,demo-001
2024-06-01 08:02:15,EAF-04,blast_furnace_blower_bearing,135,64.849,84.205,3.901,155.675,280.968,152.85,outer_race,0,89,healthy,demo-001
2024-06-01 08:02:16,EAF-04,blast_furnace_blower_bearing,136,63.453,79.233,4.774,154.341,283.705,140.442,outer_race,0,88,healthy,demo-001
2024-06-01 08:02:17,EAF-04,blast_furnace_blower_bearing,137,65.575,77.019,4.698,144.276,285.525,139.163,outer_race,1,87,warning,demo-001
2024-06-01 08:02:18,EAF-04,blast_furnace_blower_bearing,138,64.829,82.622,4.038,145.879,280.621,146.309,outer_race,1,86,warning,demo-001
2024-06-01 08:02:19,EAF-04,blast_furnace_blower_bearing,139,63.566,78.042,5.181,152.199,277.797,137.2,outer_race,1,85,warning,demo-001
2024-06-01 08:02:20,EAF-04,blast_furnace_blower_bearing,140,65.751,80.385,4.742,153.832,281.814,145.579,outer_race,1,84,warning,demo-001
2024-06-01 08:02:21,EAF-04,blast_furnace_blower_bearing,141,63.0,79.432,4.887,146.62,284.408,140.517,outer_race,1,83,warning,demo-001
2024-06-01 08:02:22,EAF-04,blast_furnace_blower_bearing,142,64.601,79.915,4.789,154.802,275.789,138.546,outer_race,1,82,warning,demo-001
2024-06-01 08:02:23,EAF-04,blast_furnace_blower_bearing,143,64.426,81.518,4.477,143.331,290.854,146.724,outer_race,1,81,warning,demo-001
2024-06-01 08:02:24,EAF-04,blast_furnace_blower_bearing,144,63.682,84.853,5.764,159.011,277.11,146.309,outer_race,1,80,warning,demo-001
2024-06-01 08:02:25,EAF-04,blast_furnace_blower_bearing,145,65.561,77.347,5.041,153.445,278.236,138.965,outer_race,1,79,warning,demo-001
2024-06-01 08:02:26,EAF-04,blast_furnace_blower_bearing,146,63.981,81.798,5.622,143.966,281.654,141.5,outer_race,1,78,warning,demo-001
2024-06-01 08:02:27,EAF-04,blast_furnace_blower_bearing,147,65.237,77.907,5.106,150.894,278.918,137.388,outer_race,1,77,warning,demo-001
2024-06-01 08:02:28,EAF-04,blast_furnace_blower_bearing,148,65.642,75.717,4.538,143.631,281.7,137.24,outer_race,1,76,warning,demo-001
2024-06-01 08:02:29,EAF-04,blast_furnace_blower_bearing,149,67.846,80.039,6.431,155.805,277.681,146.141,outer_race,1,75,warning,demo-001
2024-06-01 08:02:30,EAF-04,blast_furnace_blower_bearing,150,67.729,78.624,5.56,152.119,282.061,145.153,outer_race,1,74,warning,demo-001
2024-06-01 08:02:31,EAF-04,blast_furnace_blower_bearing,151,63.309,79.016,6.041,147.397,279.884,135.399,outer_race,1,73,warning,demo-001
2024-06-01 08:02:32,EAF-04,blast_furnace_blower_bearing,152,67.122,78.28,5.321,155.743,272.586,139.206,outer_race,1,72,warning,demo-001
2024-06-01 08:02:33,EAF-04,blast_furnace_blower_bearing,153,66.725,83.289,4.953,146.379,280.68,148.217,outer_race,1,71,warning,demo-001
2024-06-01 08:02:34,EAF-04,blast_furnace_blower_bearing,154,67.648,79.127,7.267,144.759,275.769,140.002,outer_race,1,70,warning,demo-001
2024-06-01 08:02:35,EAF-04,blast_furnace_blower_bearing,155,65.353,81.38,5.956,156.252,281.433,143.972,outer_race,1,69,warning,demo-001
2024-06-01 08:02:36,EAF-04,blast_furnace_blower_bearing,156,64.755,78.591,6.015,144.922,278.649,139.312,outer_race,1,68,warning,demo-001
2024-06-01 08:02:37,EAF-04,blast_furnace_blower_bearing,157,63.908,81.0,5.342,154.47,272.633,138.107,outer_race,1,67,warning,demo-001
2024-06-01 08:02:38,EAF-04,blast_furnace_blower_bearing,158,65.054,81.207,4.631,157.892,277.16,144.891,outer_race,1,66,warning,demo-001
2024-06-01 08:02:39,EAF-04,blast_furnace_blower_bearing,159,67.789,83.07,8.15,151.812,280.123,146.211,outer_race,1,65,warning,demo-001
2024-06-01 08:02:40,EAF-04,blast_furnace_blower_bearing,160,68.379,78.07,6.468,150.986,278.655,142.03,outer_race,1,64,warning,demo-001
2024-06-01 08:02:41,EAF-04,blast_furnace_blower_bearing,161,66.834,81.935,6.908,155.027,277.149,145.223,outer_race,1,63,warning,demo-001
2024-06-01 08:02:42,EAF-04,blast_furnace_blower_bearing,162,69.051,80.064,6.648,151.244,277.367,141.949,outer_race,1,62,warning,demo-001
2024-06-01 08:02:43,EAF-04,blast_furnace_blower_bearing,163,68.803,82.111,6.438,156.916,279.581,144.072,outer_race,1,61,warning,demo-001
2024-06-01 08:02:44,EAF-04,blast_furnace_blower_bearing,164,66.414,80.295,8.065,145.315,279.208,142.355,outer_race,1,60,warning,demo-001
2024-06-01 08:02:45,EAF-04,blast_furnace_blower_bearing,165,68.603,80.442,7.048,156.123,282.855,146.762,outer_race,1,59,warning,demo-001
2024-06-01 08:02:46,EAF-04,blast_furnace_blower_bearing,166,67.987,78.956,7.336,150.037,278.135,143.031,outer_race,1,58,warning,demo-001
2024-06-01 08:02:47,EAF-04,blast_furnace_blower_bearing,167,68.026,81.862,6.704,147.352,279.937,144.619,outer_race,1,57,warning,demo-001
2024-06-01 08:02:48,EAF-04,blast_furnace_blower_bearing,168,67.941,81.277,6.158,147.765,274.962,141.036,outer_race,1,56,warning,demo-001
2024-06-01 08:02:49,EAF-04,blast_furnace_blower_bearing,169,68.009,80.797,9.585,147.583,277.988,139.45,outer_race,1,55,warning,demo-001
2024-06-01 08:02:50,EAF-04,blast_furnace_blower_bearing,170,70.168,81.89,7.857,154.388,278.358,146.431,outer_race,1,54,warning,demo-001
2024-06-01 08:02:51,EAF-04,blast_furnace_blower_bearing,171,70.881,77.741,8.526,148.523,277.861,141.619,outer_race,1,53,warning,demo-001
2024-06-01 08:02:52,EAF-04,blast_furnace_blower_bearing,172,68.321,82.692,6.723,130.434,284.105,148.062,outer_race,1,52,warning,demo-001
2024-06-01 08:02:53,EAF-04,blast_furnace_blower_bearing,173,67.74,77.654,6.252,145.114,284.349,140.413,outer_race,1,51,warning,demo-001
2024-06-01 08:02:54,EAF-04,blast_furnace_blower_bearing,174,68.846,80.8,9.953,148.823,280.483,143.475,outer_race,1,50,warning,demo-001
2024-06-01 08:02:55,EAF-04,blast_furnace_blower_bearing,175,70.556,82.871,8.344,144.163,280.676,147.564,outer_race,1,49,warning,demo-001
2024-06-01 08:02:56,EAF-04,blast_furnace_blower_bearing,176,72.801,78.128,9.731,153.143,277.419,141.082,outer_race,1,48,warning,demo-001
2024-06-01 08:02:57,EAF-04,blast_furnace_blower_bearing,177,72.401,81.844,8.531,152.923,271.095,141.179,outer_race,1,47,warning,demo-001
2024-06-01 08:02:58,EAF-04,blast_furnace_blower_bearing,178,70.781,80.996,7.203,146.986,276.879,142.776,outer_race,1,46,warning,demo-001
2024-06-01 08:02:59,EAF-04,blast_furnace_blower_bearing,179,71.276,82.286,10.853,154.839,278.968,147.86,outer_race,1,45,warning,demo-001
2024-06-01 08:03:00,EAF-04,blast_furnace_blower_bearing,180,75.622,76.535,9.111,135.756,282.721,145.775,outer_race,1,44,warning,demo-001
2024-06-01 08:03:01,EAF-04,blast_furnace_blower_bearing,181,70.362,84.72,9.879,145.516,277.382,146.383,outer_race,1,43,warning,demo-001
2024-06-01 08:03:02,EAF-04,blast_furnace_blower_bearing,182,72.341,82.069,8.548,154.273,274.505,144.766,outer_race,1,42,warning,demo-001
2024-06-01 08:03:03,EAF-04,blast_furnace_blower_bearing,183,72.355,81.046,7.904,148.462,280.899,144.721,outer_race,1,41,warning,demo-001
2024-06-01 08:03:04,EAF-04,blast_furnace_blower_bearing,184,72.12,80.561,11.392,147.365,276.907,145.151,outer_race,2,40,alarm,demo-001
2024-06-01 08:03:05,EAF-04,blast_furnace_blower_bearing,185,71.864,83.683,9.434,142.059,280.841,148.345,outer_race,2,39,alarm,demo-001
2024-06-01 08:03:06,EAF-04,blast_furnace_blower_bearing,186,72.053,81.86,10.301,153.185,275.985,145.698,outer_race,2,38,alarm,demo-001
2024-06-01 08:03:07,EAF-04,blast_furnace_blower_bearing,187,72.508,84.538,8.463,149.973,283.201,154.457,outer_race,2,37,alarm,demo-001
2024-06-01 08:03:08,EAF-04,blast_furnace_blower_bearing,188,70.954,82.658,7.627,141.634,275.351,143.827,outer_race,2,36,alarm,demo-001
2024-06-01 08:03:09,EAF-04,blast_furnace_blower_bearing,189,71.811,82.124,12.056,140.46,277.171,145.1,outer_race,2,35,alarm,demo-001
2024-06-01 08:03:10,EAF-04,blast_furnace_blower_bearing,190,72.021,79.182,9.86,143.74,280.78,141.806,outer_race,2,34,alarm,demo-001
2024-06-01 08:03:11,EAF-04,blast_furnace_blower_bearing,191,71.184,83.9,10.815,155.541,275.478,146.068,outer_race,2,33,alarm,demo-001
2024-06-01 08:03:12,EAF-04,blast_furnace_blower_bearing,192,73.841,82.382,9.248,150.346,274.315,146.374,outer_race,2,32,alarm,demo-001
2024-06-01 08:03:13,EAF-04,blast_furnace_blower_bearing,193,75.705,80.911,8.294,141.315,282.853,151.042,outer_race,2,31,alarm,demo-001
2024-06-01 08:03:14,EAF-04,blast_furnace_blower_bearing,194,74.856,81.765,13.45,144.076,280.064,146.489,outer_race,2,30,alarm,demo-001
2024-06-01 08:03:15,EAF-04,blast_furnace_blower_bearing,195,73.39,83.742,10.24,156.33,270.623,146.934,outer_race,2,29,alarm,demo-001
2024-06-01 08:03:16,EAF-04,blast_furnace_blower_bearing,196,72.268,84.744,11.783,144.2,277.708,145.309,outer_race,2,28,alarm,demo-001
2024-06-01 08:03:17,EAF-04,blast_furnace_blower_bearing,197,71.016,79.137,9.451,142.673,280.092,138.477,outer_race,2,27,alarm,demo-001
2024-06-01 08:03:18,EAF-04,blast_furnace_blower_bearing,198,72.589,81.914,8.391,145.178,276.561,144.299,outer_race,2,26,alarm,demo-001
2024-06-01 08:03:19,EAF-04,blast_furnace_blower_bearing,199,74.371,83.375,13.52,142.056,276.63,148.484,outer_race,2,25,alarm,demo-001
2024-06-01 08:03:20,EAF-04,blast_furnace_blower_bearing,200,73.406,81.316,10.749,149.76,278.169,145.039,outer_race,2,24,alarm,demo-001
2024-06-01 08:03:21,EAF-04,blast_furnace_blower_bearing,201,73.101,82.643,12.158,147.721,274.354,142.611,outer_race,2,23,alarm,demo-001
2024-06-01 08:03:22,EAF-04,blast_furnace_blower_bearing,202,73.095,83.918,9.291,152.492,277.946,151.785,outer_race,2,22,alarm,demo-001
2024-06-01 08:03:23,EAF-04,blast_furnace_blower_bearing,203,73.214,81.738,8.791,140.987,283.551,146.618,outer_race,2,21,alarm,demo-001
2024-06-01 08:03:24,EAF-04,blast_furnace_blower_bearing,204,76.293,85.375,14.206,144.819,277.234,154.032,outer_race,2,20,alarm,demo-001
2024-06-01 08:03:25,EAF-04,blast_furnace_blower_bearing,205,72.906,80.966,10.989,141.166,278.068,142.784,outer_race,2,19,alarm,demo-001
2024-06-01 08:03:26,EAF-04,blast_furnace_blower_bearing,206,73.753,80.358,12.722,145.721,278.455,140.893,outer_race,2,18,alarm,demo-001
2024-06-01 08:03:27,EAF-04,blast_furnace_blower_bearing,207,74.638,79.994,10.029,149.271,284.436,148.642,outer_race,2,17,alarm,demo-001
2024-06-01 08:03:28,EAF-04,blast_furnace_blower_bearing,208,77.402,81.462,9.806,144.227,277.819,146.423,outer_race,2,16,alarm,demo-001
2024-06-01 08:03:29,EAF-04,blast_furnace_blower_bearing,209,73.985,84.208,14.797,145.403,275.797,146.106,outer_race,2,15,alarm,demo-001
2024-06-01 08:03:30,EAF-04,blast_furnace_blower_bearing,210,75.851,83.524,11.882,145.061,283.451,150.993,outer_race,2,14,alarm,demo-001
2024-06-01 08:03:31,EAF-04,blast_furnace_blower_bearing,211,73.734,79.331,12.745,146.918,276.153,140.258,outer_race,2,13,alarm,demo-001
2024-06-01 08:03:32,EAF-04,blast_furnace_blower_bearing,212,77.573,85.682,11.133,138.683,278.558,152.473,outer_race,2,12,alarm,demo-001
2024-06-01 08:03:33,EAF-04,blast_furnace_blower_bearing,213,75.652,83.187,9.504,143.749,272.148,145.515,outer_race,2,11,alarm,demo-001
2024-06-01 08:03:34,EAF-04,blast_furnace_blower_bearing,214,76.289,82.585,15.666,145.481,275.888,145.18,outer_race,2,10,alarm,demo-001
2024-06-01 08:03:35,EAF-04,blast_furnace_blower_bearing,215,73.475,83.848,11.452,154.736,273.223,147.279,outer_race,2,9,alarm,demo-001
2024-06-01 08:03:36,EAF-04,blast_furnace_blower_bearing,216,74.929,83.756,13.469,149.74,283.863,149.925,outer_race,2,8,alarm,demo-001
2024-06-01 08:03:37,EAF-04,blast_furnace_blower_bearing,217,77.291,85.335,11.108,148.453,280.456,154.757,outer_race,2,7,alarm,demo-001
2024-06-01 08:03:38,EAF-04,blast_furnace_blower_bearing,218,75.759,83.049,9.634,139.759,275.671,146.757,outer_race,2,6,alarm,demo-001
2024-06-01 08:03:39,EAF-04,blast_furnace_blower_bearing,219,76.324,83.888,15.762,145.229,278.028,149.65,outer_race,2,5,alarm,demo-001
2024-06-01 08:03:40,EAF-04,blast_furnace_blower_bearing,220,76.316,85.486,11.976,145.018,288.228,159.179,outer_race,2,4,alarm,demo-001
2024-06-01 08:03:41,EAF-04,blast_furnace_blower_bearing,221,74.057,81.411,13.341,146.952,279.497,144.98,outer_race,2,3,alarm,demo-001
2024-06-01 08:03:42,EAF-04,blast_furnace_blower_bearing,222,75.177,84.901,11.039,136.522,283.042,151.427,outer_race,2,2,alarm,demo-001
2024-06-01 08:03:43,EAF-04,blast_furnace_blower_bearing,223,77.279,83.686,9.997,141.675,275.309,149.044,outer_race,2,1,alarm,demo-001
2024-06-01 08:03:44,EAF-04,blast_furnace_blower_bearing,224,73.342,81.76,15.661,145.908,277.693,143.415,outer_race,3,0,failure,demo-001
2024-06-01 08:03:45,EAF-04,blast_furnace_blower_bearing,225,77.825,85.308,12.872,146.457,274.501,150.903,outer_race,3,0,failure,demo-001
2024-06-01 08:03:46,EAF-04,blast_furnace_blower_bearing,226,76.992,86.65,14.014,146.03,276.553,153.642,outer_race,3,0,failure,demo-001
2024-06-01 08:03:47,EAF-04,blast_furnace_blower_bearing,227,76.92,82.881,12.033,133.275,288.226,148.636,outer_race,3,0,failure,demo-001
2024-06-01 08:03:48,EAF-04,blast_furnace_blower_bearing,228,76.715,80.653,10.085,140.217,283.153,147.383,outer_race,3,0,failure,demo-001
2024-06-01 08:03:49,EAF-04,blast_furnace_blower_bearing,229,77.236,83.532,16.555,145.285,277.738,149.423,outer_race,3,0,failure,demo-001
2024-06-01 08:03:50,EAF-04,blast_furnace_blower_bearing,230,77.324,84.744,13.104,143.23,278.893,150.465,outer_race,3,0,failure,demo-001
2024-06-01 08:03:51,EAF-04,blast_furnace_blower_bearing,231,75.45,83.426,14.252,144.903,271.639,143.395,outer_race,3,0,failure,demo-001
2024-06-01 08:03:52,EAF-04,blast_furnace_blower_bearing,232,75.374,80.439,11.359,141.449,281.131,144.879,outer_race,3,0,failure,demo-001
2024-06-01 08:03:53,EAF-04,blast_furnace_blower_bearing,233,77.322,82.833,10.674,143.813,278.92,146.783,outer_race,3,0,failure,demo-001
2024-06-01 08:03:54,EAF-04,blast_furnace_blower_bearing,234,75.58,82.056,17.027,135.961,281.676,143.48,outer_race,3,0,failure,demo-001
2024-06-01 08:03:55,EAF-04,blast_furnace_blower_bearing,235,78.446,81.365,13.574,150.677,275.544,145.057,outer_race,3,0,failure,demo-001
2024-06-01 08:03:56,EAF-04,blast_furnace_blower_bearing,236,78.331,82.283,14.626,148.396,278.177,149.628,outer_race,3,0,failure,demo-001
2024-06-01 08:03:57,EAF-04,blast_furnace_blower_bearing,237,76.71,84.012,11.559,144.879,276.164,149.915,outer_race,3,0,failure,demo-001
2024-06-01 08:03:58,EAF-04,blast_furnace_blower_bearing,238,79.769,84.626,10.875,142.228,278.834,153.042,outer_race,3,0,failure,demo-001
2024-06-01 08:03:59,EAF-04,blast_furnace_blower_bearing,239,79.011,84.118,17.098,148.24,281.794,155.362,outer_race,3,0,failure,demo-001
2024-06-01 08:04:00,EAF-04,blast_furnace_blower_bearing,240,79.471,83.801,13.633,145.436,284.995,154.851,outer_race,3,0,failure,demo-001
2024-06-01 08:04:01,EAF-04,blast_furnace_blower_bearing,241,77.204,81.956,14.617,143.36,278.003,147.366,outer_race,3,0,failure,demo-001
2024-06-01 08:04:02,EAF-04,blast_furnace_blower_bearing,242,77.536,83.544,11.838,146.719,278.009,150.778,outer_race,3,0,failure,demo-001
2024-06-01 08:04:03,EAF-04,blast_furnace_blower_bearing,243,78.218,82.601,10.732,148.886,280.281,149.984,outer_race,3,0,failure,demo-001
2024-06-01 08:04:04,EAF-04,blast_furnace_blower_bearing,244,77.332,83.473,17.011,140.332,280.594,151.447,outer_race,3,0,failure,demo-001
2024-06-01 08:04:05,EAF-04,blast_furnace_blower_bearing,245,78.998,85.332,14.209,149.615,281.911,152.072,outer_race,3,0,failure,demo-001
2024-06-01 08:04:06,EAF-04,blast_furnace_blower_bearing,246,79.275,83.953,15.263,141.397,285.847,154.405,outer_race,3,0,failure,demo-001
2024-06-01 08:04:07,EAF-04,blast_furnace_blower_bearing,247,78.096,79.358,12.172,146.39,283.176,146.813,outer_race,3,0,failure,demo-001
2024-06-01 08:04:08,EAF-04,blast_furnace_blower_bearing,248,78.447,85.607,10.78,146.199,277.684,153.158,outer_race,3,0,failure,demo-001
2024-06-01 08:04:09,EAF-04,blast_furnace_blower_bearing,249,78.837,84.72,17.633,143.278,275.16,150.823,outer_race,3,0,failure,demo-001
2024-06-01 08:04:10,EAF-04,blast_furnace_blower_bearing,250,79.151,84.854,13.554,152.156,270.841,151.491,outer_race,3,0,failure,demo-001
2024-06-01 08:04:11,EAF-04,blast_furnace_blower_bearing,251,78.294,84.681,15.125,149.388,278.531,152.504,outer_race,3,0,failure,demo-001
2024-06-01 08:04:12,EAF-04,blast_furnace_blower_bearing,252,78.253,83.268,12.283,135.06,276.563,147.895,outer_race,3,0,failure,demo-001
2024-06-01 08:04:13,EAF-04,blast_furnace_blower_bearing,253,80.027,81.656,10.927,139.222,279.133,149.962,outer_race,3,0,failure,demo-001
2024-06-01 08:04:14,EAF-04,blast_furnace_blower_bearing,254,80.563,82.14,18.051,145.945,285.586,153.99,outer_race,3,0,failure,demo-001
2024-06-01 08:04:15,EAF-04,blast_furnace_blower_bearing,255,78.875,85.414,14.305,141.096,280.096,150.602,outer_race,3,0,failure,demo-001
2024-06-01 08:04:16,EAF-04,blast_furnace_blower_bearing,256,79.468,83.618,15.473,137.443,278.389,150.235,outer_race,3,0,failure,demo-001
2024-06-01 08:04:17,EAF-04,blast_furnace_blower_bearing,257,77.59,85.133,12.576,146.598,274.322,147.927,outer_race,3,0,failure,demo-001
2024-06-01 08:04:18,EAF-04,blast_furnace_blower_bearing,258,80.105,80.709,11.313,143.883,275.924,145.549,outer_race,3,0,failure,demo-001
2024-06-01 08:04:19,EAF-04,blast_furnace_blower_bearing,259,79.943,80.331,17.772,148.031,278.434,149.533,outer_race,3,0,failure,demo-001
2024-06-01 08:04:20,EAF-04,blast_furnace_blower_bearing,260,75.077,84.38,13.66,142.069,284.686,148.645,outer_race,3,0,failure,demo-001
2024-06-01 08:04:21,EAF-04,blast_furnace_blower_bearing,261,76.391,86.557,14.813,143.956,276.685,153.023,outer_race,3,0,failure,demo-001
2024-06-01 08:04:22,EAF-04,blast_furnace_blower_bearing,262,81.975,82.849,13.514,147.748,268.084,144.649,outer_race,3,0,failure,demo-001
2024-06-01 08:04:23,EAF-04,blast_furnace_blower_bearing,263,79.72,81.112,10.877,152.237,277.066,149.866,outer_race,3,0,failure,demo-001
2024-06-01 08:04:24,EAF-04,blast_furnace_blower_bearing,264,76.8,87.188,17.738,144.756,273.886,151.276,outer_race,3,0,failure,demo-001
2024-06-01 08:04:25,EAF-04,blast_furnace_blower_bearing,265,78.26,82.35,13.949,153.344,278.225,148.633,outer_race,3,0,failure,demo-001
2024-06-01 08:04:26,EAF-04,blast_furnace_blower_bearing,266,78.806,91.673,15.775,149.485,278.153,160.42,outer_race,3,0,failure,demo-001
2024-06-01 08:04:27,EAF-04,blast_furnace_blower_bearing,267,81.004,84.475,12.839,138.473,280.572,154.583,outer_race,3,0,failure,demo-001
2024-06-01 08:04:28,EAF-04,blast_furnace_blower_bearing,268,75.935,84.107,10.808,146.294,271.384,143.94,outer_race,3,0,failure,demo-001
2024-06-01 08:04:29,EAF-04,blast_furnace_blower_bearing,269,79.266,83.867,18.28,143.221,274.913,148.699,outer_race,3,0,failure,demo-001
2024-06-01 08:04:30,EAF-04,blast_furnace_blower_bearing,270,81.215,88.805,14.837,144.097,278.67,157.166,outer_race,3,0,failure,demo-001
2024-06-01 08:04:31,EAF-04,blast_furnace_blower_bearing,271,81.665,82.813,15.847,139.873,276.785,151.677,outer_race,3,0,failure,demo-001
2024-06-01 08:04:32,EAF-04,blast_furnace_blower_bearing,272,79.02,81.304,12.565,148.779,279.421,148.844,outer_race,3,0,failure,demo-001
2024-06-01 08:04:33,EAF-04,blast_furnace_blower_bearing,273,78.674,85.739,11.048,141.096,281.589,154.452,outer_race,3,0,failure,demo-001
2024-06-01 08:04:34,EAF-04,blast_furnace_blower_bearing,274,78.257,80.524,18.349,142.681,280.558,144.616,outer_race,3,0,failure,demo-001
2024-06-01 08:04:35,EAF-04,blast_furnace_blower_bearing,275,77.832,85.229,13.952,139.083,281.385,152.228,outer_race,3,0,failure,demo-001
2024-06-01 08:04:36,EAF-04,blast_furnace_blower_bearing,276,78.61,79.35,15.915,140.163,272.294,138.579,outer_race,3,0,failure,demo-001
2024-06-01 08:04:37,EAF-04,blast_furnace_blower_bearing,277,77.979,85.754,12.466,132.659,272.398,148.685,outer_race,3,0,failure,demo-001
2024-06-01 08:04:38,EAF-04,blast_furnace_blower_bearing,278,78.827,82.577,11.033,145.735,272.927,146.882,outer_race,3,0,failure,demo-001
2024-06-01 08:04:39,EAF-04,blast_furnace_blower_bearing,279,78.928,81.875,18.621,139.614,274.089,142.908,outer_race,3,0,failure,demo-001
2024-06-01 08:04:40,EAF-04,blast_furnace_blower_bearing,280,81.12,87.715,14.461,146.179,274.141,156.325,outer_race,3,0,failure,demo-001
2024-06-01 08:04:41,EAF-04,blast_furnace_blower_bearing,281,79.304,79.924,16.03,143.42,275.23,141.969,outer_race,3,0,failure,demo-001
2024-06-01 08:04:42,EAF-04,blast_furnace_blower_bearing,282,76.98,81.767,12.543,150.358,278.336,145.609,outer_race,3,0,failure,demo-001
2024-06-01 08:04:43,EAF-04,blast_furnace_blower_bearing,283,80.734,84.016,11.454,152.604,271.355,150.002,outer_race,3,0,failure,demo-001
2024-06-01 08:04:44,EAF-04,blast_furnace_blower_bearing,284,79.922,83.648,19.166,146.617,286.878,150.96,outer_race,3,0,failure,demo-001
2024-06-01 08:04:45,EAF-04,blast_furnace_blower_bearing,285,80.507,81.141,14.28,149.753,274.2,147.637,outer_race,3,0,failure,demo-001
2024-06-01 08:04:46,EAF-04,blast_furnace_blower_bearing,286,80.811,81.606,15.981,143.976,275.842,148.081,outer_race,3,0,failure,demo-001
2024-06-01 08:04:47,EAF-04,blast_furnace_blower_bearing,287,81.839,80.767,13.144,141.85,280.657,150.034,outer_race,3,0,failure,demo-001
2024-06-01 08:04:48,EAF-04,blast_furnace_blower_bearing,288,78.711,80.112,11.328,146.001,279.773,144.759,outer_race,3,0,failure,demo-001
2024-06-01 08:04:49,EAF-04,blast_furnace_blower_bearing,289,78.182,82.027,18.452,144.404,286.03,149.416,outer_race,3,0,failure,demo-001
2024-06-01 08:04:50,EAF-04,blast_furnace_blower_bearing,290,79.03,83.431,14.468,149.121,276.127,147.721,outer_race,3,0,failure,demo-001
2024-06-01 08:04:51,EAF-04,blast_furnace_blower_bearing,291,77.951,85.784,15.892,140.343,278.468,149.924,outer_race,3,0,failure,demo-001
2024-06-01 08:04:52,EAF-04,blast_furnace_blower_bearing,292,80.116,84.169,13.024,144.296,275.847,150.273,outer_race,3,0,failure,demo-001
2024-06-01 08:04:53,EAF-04,blast_furnace_blower_bearing,293,77.054,82.356,10.8,142.794,285.097,150.328,outer_race,3,0,failure,demo-001
2024-06-01 08:04:54,EAF-04,blast_furnace_blower_bearing,294,79.696,81.211,18.366,140.223,280.37,148.718,outer_race,3,0,failure,demo-001
2024-06-01 08:04:55,EAF-04,blast_furnace_blower_bearing,295,78.879,79.858,14.333,147.927,275.786,143.069,outer_race,3,0,failure,demo-001
2024-06-01 08:04:56,EAF-04,blast_furnace_blower_bearing,296,77.879,83.215,15.978,144.123,273.951,143.977,outer_race,3,0,failure,demo-001
2024-06-01 08:04:57,EAF-04,blast_furnace_blower_bearing,297,79.364,85.369,13.207,141.271,276.091,149.149,outer_race,3,0,failure,demo-001
2024-06-01 08:04:58,EAF-04,blast_furnace_blower_bearing,298,77.468,84.199,11.054,141.155,272.842,146.058,outer_race,3,0,failure,demo-001
2024-06-01 08:04:59,EAF-04,blast_furnace_blower_bearing,299,78.16,84.784,18.497,138.625,277.93,148.653,outer_race,3,0,failure,demo-001
