vibration_mm_s,temperature_c,rpm,load_pct,age_days,maintenance_gap_days,oil_viscosity_cst,motor_current_a,dead_sensor,failure
2.352,,3269.255397567994,79.4,128,92,,39.37,0,0
2.678,60.4,3040.336630680086,86.8,148,24,43.19,36.65,0,0
,60.1,3027.2923784524705,78.0,177,45,48.51,35.45,0,0
,59.7,3030.577129968569,65.9,242,97,,38.28,0,0
2.775,,3313.5224197744537,59.1,337,42,49.18,34.09,0,0
1.766,,3044.9250764154167,75.4,290,142,,40.8,0,0
2.121,56.9,2971.1200736932055,67.1,99,38,,47.0,0,0
2.066,59.5,3269.866730923802,76.6,220,60,44.77,32.48,0,0
2.458,62.1,2980.5517334474985,64.9,731,54,41.89,39.84,0,0
2.424,66.3,2746.262384439377,60.7,209,136,41.42,39.84,0,0
1.54,,2770.949031913888,67.6,92,199,,99999.0,0,0
2.1,68.5,2971.2435287057488,75.0,424,49,48.13,40.15,0,0
0.133,,3043.745806207465,71.2,47,211,,36.42,0,0
2.792,51.6,3123.2918315868596,61.9,373,218,45.1,37.6,0,1
3.355,,2862.254665354627,88.0,361,129,,35.33,0,0
2.153,,2966.2111976769606,68.6,337,76,48.91,35.56,0,1
0.715,,2878.552492470753,47.4,152,84,38.28,37.54,0,0
2.594,,3167.057108624794,79.3,270,56,39.11,99999.0,0,1
,,3192.362940402497,69.9,162,55,44.46,30.81,0,0
2.146,60.1,3293.7393178422794,68.3,155,66,41.54,37.04,0,1
2.548,59.6,3052.7302521408646,68.1,844,152,49.42,34.02,0,0
2.437,55.9,3279.7943988945603,68.2,429,82,,32.78,0,0
2.865,63.6,2896.064622285215,86.7,331,137,53.19,38.88,0,0
,,3032.3912737100604,74.6,252,52,,31.26,0,0
2.139,59.0,2840.877128319617,72.6,410,25,47.23,33.92,0,0
2.589,69.8,3086.000111211941,67.4,286,82,43.33,30.74,0,0
1.943,,3042.711540786825,87.3,420,27,,33.39,0,0
1.45,,2631.9229835953356,78.4,614,48,48.04,44.57,0,0
2.362,67.9,3166.4410585327173,79.9,355,234,,31.94,0,0
1.097,,3128.302503691137,72.8,155,103,45.46,34.39,0,0
1.935,69.6,2916.653750522262,80.0,519,97,,40.57,0,0
0.898,,3042.1826786724537,73.9,250,181,47.2,36.75,0,0
1.556,,2775.938738838541,66.3,317,81,,34.45,0,0
,70.1,2884.4669241535253,73.7,225,88,,32.23,0,0
1.213,,3250.361914533702,91.0,110,74,48.92,37.69,0,0
,,2826.8480272197526,72.0,455,133,51.06,33.7,0,0
2.814,68.4,3001.431947634758,82.7,559,91,,43.7,0,0
3.051,,2790.545849763615,81.9,313,93,49.0,33.87,0,1
1.85,,3050.691783018231,75.6,482,62,40.05,41.76,0,0
,,3084.4117657959387,86.6,183,159,,38.51,0,0
2.643,,3108.619532469072,48.3,296,124,,38.48,0,1
2.103,59.4,3070.197600543405,51.6,166,84,42.61,34.37,0,0
2.099,,3214.0253310345947,87.3,351,47,51.86,33.16,0,0
0.0,55.3,2916.895759431879,63.5,338,184,48.43,33.96,0,0
2.605,,2841.258825336216,71.1,288,185,,39.18,0,0
,,2911.92409182652,87.5,311,126,48.62,37.1,0,0
1.996,,2798.065377545642,72.0,50,98,40.72,27.54,0,0
2.653,55.7,3011.8169538291477,86.9,189,40,46.01,29.85,0,0
,,2979.0567529121254,66.1,152,59,,34.46,0,0
1.443,,3071.630601299482,76.2,366,107,,37.15,0,0
1.824,62.3,2757.563779115243,70.6,292,75,45.65,34.08,0,0
1.194,,2998.048143801164,84.9,54,35,44.62,99999.0,0,0
,,3182.17212979737,67.4,143,165,41.37,31.06,0,0
2.782,,3085.8344168166946,60.4,22,134,,38.65,0,0
1.349,,2715.6696186394815,65.3,691,96,,35.4,0,0
2.495,62.6,2998.243656527828,65.8,150,104,,41.72,0,0
2.223,,2890.0837559321476,63.5,383,76,44.18,29.8,0,0
1.451,,3001.9292828111415,63.1,237,78,,37.76,0,0
2.099,55.6,2942.902024164666,81.2,107,185,,37.19,0,1
2.687,,3260.894461363406,84.1,187,32,44.09,38.39,0,0
,,3012.856977408312,73.9,377,249,48.88,38.31,0,0
3.866,,3047.5138071740657,63.5,205,14,42.73,32.97,0,0
2.075,60.2,2993.390458654606,64.2,420,96,47.03,34.28,0,1
1.81,61.8,3071.1675923926286,49.3,136,98,,35.67,0,0
2.45,63.3,2967.4671996232632,73.8,268,104,47.77,-9999.0,0,0
1.854,50.0,3116.027671900389,63.2,348,119,,39.13,0,0
,,2941.2111775774647,84.7,170,68,,25.1,0,0
,,3206.4680059991238,56.2,259,147,,30.35,0,0
0.0,,3074.46706449708,64.1,170,156,45.49,28.29,0,0
2.588,65.0,2977.1164075534853,69.0,315,210,,39.4,0,0
0.69,64.4,3126.3137746632883,74.7,150,134,,35.86,0,0
1.296,70.4,3073.954507132356,88.0,222,77,,32.87,0,0
2.234,,3124.097272679224,56.3,13,45,41.49,35.39,0,0
,,3012.8615818119865,67.0,277,76,42.78,36.06,0,1
,59.7,2963.8218348382006,55.7,265,99,44.97,30.04,0,0
0.793,66.5,3020.291427370983,77.9,304,113,,35.58,0,0
3.791,,2924.943508717233,63.5,93,86,,40.56,0,0
3.104,45.7,3146.8992966793408,69.0,455,93,50.8,41.26,0,0
2.727,60.8,3220.378022165108,68.3,279,144,48.45,38.41,0,0
3.151,69.4,3086.8556277378957,71.2,245,161,45.66,36.03,0,0
2.324,,3212.7236415249695,68.4,98,260,41.12,38.7,0,0
0.637,,3169.0296819163896,60.3,391,100,45.15,37.82,0,0
2.412,,2959.7622380442235,70.8,457,90,44.91,30.5,0,0
0.815,,3125.368875055614,62.1,975,134,,31.35,0,0
1.577,,2807.555115832029,78.1,62,129,,37.54,0,0
,58.6,3027.9103169502228,70.6,611,83,,32.33,0,0
,59.5,2822.6468464531663,59.6,308,128,44.7,30.9,0,0
2.757,53.0,2983.5516143638547,94.1,549,297,,40.16,0,1
1.829,,2784.045780577175,86.6,347,82,45.95,35.25,0,0
2.327,,3164.1456079059076,94.4,372,39,,34.74,0,0
1.992,,2940.767380100431,66.6,590,89,48.87,30.19,0,0
2.101,,3135.948383004898,61.6,454,39,47.87,33.21,0,0
1.291,,2988.6719055952353,78.1,495,62,50.73,33.63,0,0
1.061,,2723.369287886473,81.1,246,106,46.4,31.38,0,0
1.877,,2927.375682367511,72.0,41,56,,30.14,0,0
1.227,,2920.3932513586947,49.0,283,208,40.66,41.99,0,0
3.115,58.2,2997.783375343894,60.2,172,76,,40.64,0,1
0.899,56.7,3226.2052843975916,74.2,426,187,,34.58,0,0
3.87,74.2,3251.0425134002185,63.4,298,41,,29.69,0,0
2.242,,2965.315176320837,56.3,262,44,,28.1,0,0
2.055,,2810.9581912123326,67.4,215,91,,33.19,0,0
1.568,58.3,2888.3836851470924,37.5,395,55,,25.99,0,0
2.526,58.4,3071.941375331708,64.0,253,50,36.84,33.19,0,0
1.837,67.0,2983.76363051434,65.7,284,117,,26.91,0,0
,,2763.701633003776,73.1,264,43,,34.62,0,0
9.661,,2749.5695331256848,85.1,247,298,,42.2,0,1
2.535,,3196.736088337467,73.8,62,131,35.2,34.25,0,0
2.992,58.8,3043.838393615229,79.0,249,133,46.28,43.69,0,0
2.43,,3007.093712784088,68.3,145,179,53.21,34.17,0,0
1.239,,2941.6809097295923,55.4,254,135,47.1,41.92,0,1
0.336,,2931.006353860016,70.4,295,78,,36.19,0,0
2.169,,3081.5940853317643,61.2,199,157,,43.05,0,0
2.18,,3021.309105896743,56.4,38,85,44.92,27.98,0,0
3.541,,3115.6524286360946,75.8,205,103,,30.67,0,0
1.907,,3081.997091826009,55.9,197,106,41.11,33.85,0,0
,,3002.9580182386867,76.8,225,40,,41.41,0,0
2.622,,3057.6314701318493,57.1,103,181,,34.04,0,0
,51.0,2911.1201279896554,67.1,296,178,48.91,32.28,0,0
2.675,73.6,2992.774705344196,64.4,313,69,51.6,37.43,0,0
1.345,62.6,3201.1425633615436,81.4,231,57,,38.62,0,0
1.219,58.8,3001.6065041518546,75.9,436,105,46.76,31.93,0,0
,55.3,2967.421417470156,61.8,262,188,41.97,32.25,0,0
,54.4,3031.5726644060383,68.4,230,46,,41.78,0,0
1.968,,2825.1644497080124,83.3,252,54,,40.0,0,1
1.472,,3033.127242720712,84.9,467,245,,41.07,0,0
2.258,65.7,3254.406602420718,56.3,360,18,47.14,38.76,0,0
1.788,63.6,2878.7078468670798,83.2,159,73,,31.59,0,0
1.188,,3040.0582725398904,82.4,135,155,46.51,34.87,0,0
3.049,,2996.4758638633302,71.8,231,206,47.39,30.75,0,0
2.066,,2992.636890789523,69.1,445,192,43.3,38.9,0,0
2.69,,2989.9308375999312,64.5,415,57,44.91,32.83,0,0
,,3107.1463325655977,57.5,302,124,,28.15,0,0
2.371,,2835.281798846908,73.4,180,154,37.38,35.45,0,0
0.911,65.4,3103.301063486159,68.3,369,129,54.03,39.5,0,0
3.022,71.6,3010.3701694375104,74.3,78,484,46.82,29.49,0,0
2.703,60.0,2735.591604021509,74.6,194,57,44.56,34.5,0,0
1.985,,3056.9757370945485,95.2,385,144,49.19,32.78,0,0
,,3017.087983509,82.0,85,11,42.52,38.96,0,0
2.802,,2869.236930336279,75.5,532,123,,26.81,0,0
1.702,55.3,3024.085741315218,48.6,519,21,50.43,39.54,0,0
0.734,66.2,2802.5602769847837,73.9,266,188,,32.18,0,1
1.717,73.0,2897.2944365706953,85.8,404,182,44.03,34.36,0,0
2.122,,3005.546350037342,65.7,199,82,,38.43,0,0
1.974,,2747.1573844023046,91.9,138,108,49.34,40.92,0,0
3.054,62.2,2827.2922382806823,75.4,578,216,46.82,35.21,0,0
1.232,66.1,2849.717766110674,72.9,486,114,,32.1,0,0
1.333,61.6,3011.8758724575464,60.1,405,105,,32.87,0,0
1.154,,3066.200862771625,85.0,69,18,44.95,39.66,0,0
2.343,63.6,2866.0796316395054,61.7,249,71,47.64,31.46,0,0
0.779,68.1,2857.6603525348337,64.4,657,28,47.69,36.32,0,0
,,3020.7168165061717,51.2,364,34,48.93,35.03,0,0
1.254,,3016.6724848777194,79.0,258,123,,38.04,0,0
,,2894.9641893144194,75.9,254,118,41.64,35.14,0,1
3.416,53.9,3274.308048391124,70.1,255,90,38.49,33.26,0,0
2.986,,3027.658676262362,77.4,35,130,41.8,32.98,0,0
2.095,49.9,2974.475238396896,76.5,327,102,47.89,32.91,0,0
0.951,59.3,2942.0864305706723,66.3,355,87,,29.48,0,0
3.612,60.3,3151.3247931021865,62.2,79,135,43.72,37.02,0,0
1.843,,3081.756659344916,52.8,291,281,,35.84,0,0
2.198,60.2,2739.353329492054,68.2,214,53,,29.14,0,0
2.73,62.0,2895.62832641389,56.9,113,236,,33.38,0,0
,69.6,2932.9820687266874,71.6,31,39,,33.9,0,0
1.488,,2998.207327333831,68.4,180,96,,32.66,0,0
1.946,64.1,3094.0702367033205,66.0,255,43,51.29,34.52,0,0
2.105,65.3,2839.47720195648,80.5,354,160,,34.57,0,0
,61.9,2988.0888779837483,60.1,415,20,46.12,38.58,0,0
2.261,59.0,3254.8899875787283,51.5,278,33,50.56,34.98,0,0
,,3004.3590603446914,67.7,126,132,46.39,37.37,0,0
,73.4,2895.8556854688395,62.6,560,143,,29.44,0,0
2.8,62.4,2799.868230687192,71.2,281,118,,30.75,0,0
1.785,,2926.9646811842204,60.9,195,143,47.04,29.5,0,0
1.843,74.7,2838.187754696069,74.2,266,21,40.84,33.42,0,0
2.812,63.3,2940.8099884397643,60.3,495,99,,35.22,0,0
2.227,77.3,3081.3275457416416,60.2,595,101,46.68,41.67,0,0
0.903,,3005.543853547303,76.2,215,110,42.41,31.68,0,0
3.675,,2927.9977125866667,69.5,757,162,47.91,38.4,0,0
1.208,53.8,2731.397561126793,58.1,476,130,,31.67,0,0
5.495,,2801.735208365114,81.3,168,338,22.95,45.1,0,1
2.342,,2947.1276930117324,66.3,338,129,46.47,34.39,0,0
1.492,59.3,3016.1980065958396,58.6,166,147,41.01,31.3,0,0
0.106,,2863.2396481783226,67.1,347,51,41.33,31.62,0,0
2.621,,2938.6565464170285,67.5,321,134,,41.39,0,0
0.76,,2913.0126915807436,60.8,215,76,48.85,32.87,0,0
2.286,,2799.912178459299,76.5,632,73,39.96,38.99,0,0
3.547,70.7,2863.805321696705,59.8,276,159,,37.71,0,0
1.09,55.3,2997.7938977593813,82.5,1082,33,44.01,32.56,0,0
2.59,63.3,3044.7858778023465,67.8,183,109,,34.99,0,0
,54.8,2897.4099515204557,63.4,351,86,43.86,35.48,0,0
2.907,57.0,2819.595118950818,75.4,418,175,44.86,36.95,0,0
2.053,57.6,2946.534292967167,70.3,145,161,52.07,33.38,0,0
1.985,61.2,3116.9443832450643,77.6,194,88,52.02,28.97,0,0
2.966,,2859.127114709651,50.0,223,50,,32.2,0,0
,,3001.932319029124,75.2,304,182,,39.66,0,0
1.356,,2900.9340877844966,64.8,230,99,57.8,34.87,0,0
,56.1,3169.276573634255,70.4,444,210,44.27,33.32,0,0
,55.8,2924.0091314061506,69.1,145,125,47.69,29.1,0,0
2.221,,3099.300914786134,83.5,240,99,,39.95,0,0
1.342,,3152.2602745004056,51.4,274,80,,34.17,0,0
,62.4,3231.2220962109996,86.1,125,127,,39.35,0,0
1.093,72.2,2797.0031790872054,77.1,359,36,47.34,37.73,0,0
1.961,,2790.283452084052,71.5,337,66,,38.18,0,0
2.28,64.6,3174.782919443114,55.7,329,190,,41.64,0,0
,61.9,3150.222595816002,53.3,374,41,41.84,35.48,0,0
3.181,,2907.460880637064,64.4,266,171,,34.47,0,0
2.222,64.2,2514.4509460354698,76.4,382,232,45.2,41.26,0,0
1.645,,3012.133067881468,69.9,321,71,48.7,38.34,0,0
2.831,,2772.375336370434,75.8,94,245,,32.18,0,0
,,2875.8450784055303,55.4,119,323,,39.17,0,0
0.724,60.0,3027.1788671559857,70.4,601,73,48.25,41.06,0,0
2.751,,3047.3464961598547,81.0,273,102,39.82,25.8,0,0
3.059,,3237.1972073915676,84.5,343,67,,30.02,0,0
1.343,52.3,2944.089516213786,57.5,330,120,44.01,31.76,0,0
3.569,,2853.5546110798887,66.5,296,128,47.78,37.89,0,0
2.466,66.6,3137.5937968608273,66.6,783,70,45.65,38.16,0,0
2.347,,3056.560584428613,63.7,372,61,46.21,37.08,0,0
1.587,,2945.5302099788164,79.1,214,140,44.9,38.51,0,0
,,3004.764074141012,98.7,597,86,45.89,30.57,0,0
,65.0,2943.294949355255,58.9,262,80,,30.18,0,0
1.728,64.8,3103.8054292025786,74.2,356,139,40.6,40.01,0,0
1.413,,3253.190923425496,73.0,312,79,,35.42,0,0
0.953,60.0,2891.176482680767,73.2,598,63,,39.83,0,0
2.69,,3063.1336997233707,83.3,283,65,42.71,32.21,0,0
2.273,,2770.536520804715,73.7,256,224,45.04,30.78,0,0
2.644,,2839.116025279228,48.6,395,123,50.76,29.92,0,0
1.777,,3084.3836328704388,55.6,468,107,44.92,38.2,0,0
2.788,,2989.439872190778,59.3,590,93,,39.53,0,0
2.062,,2833.6250314627737,62.5,362,94,42.45,37.17,0,0
1.622,,3001.3142303661407,68.6,474,27,,33.07,0,0
1.489,,3131.836952165894,67.9,496,40,46.91,37.55,0,0
0.414,57.8,2782.960977364823,51.8,265,232,,37.44,0,0
,55.3,3261.980474506713,53.9,256,36,45.34,26.9,0,0
,,3085.9542076676457,48.8,183,69,49.06,33.6,0,0
4.342,,3088.9445126872683,54.5,154,82,46.94,36.12,0,0
1.732,,2999.798211768997,79.9,148,70,33.21,39.43,0,0
1.467,,3262.0692348266825,67.3,146,51,,34.66,0,0
0.639,51.9,3144.3484363207117,60.5,337,166,47.29,35.6,0,0
2.768,65.2,2944.863599709862,50.8,57,36,42.13,34.73,0,0
,65.5,3113.6084515903904,59.9,501,321,,36.06,0,0
3.241,,2890.028920660097,76.1,228,40,44.45,29.52,0,0
1.267,,2957.9627517110025,74.8,242,206,52.38,32.58,0,0
2.573,66.8,3219.9950604155338,67.5,252,250,48.39,26.07,0,0
1.582,63.0,3058.137510525336,67.3,380,23,47.32,33.23,0,0
3.075,,3099.228544071837,52.3,423,112,41.34,36.98,0,1
,,3175.44376318571,62.2,90,135,43.26,31.83,0,0
0.755,,3082.2334856227985,75.6,399,123,49.4,33.99,0,0
1.895,63.2,2878.3232475596187,63.3,223,140,48.64,99999.0,0,0
,,3249.192193414726,86.2,177,61,,45.89,0,0
,,3077.422096441988,82.1,78,176,,34.67,0,0
1.118,,3088.019561554418,65.5,90,58,,37.88,0,0
1.487,58.7,3008.3813767328443,67.3,159,74,,34.25,0,0
1.79,,3166.6140718831252,92.2,236,50,56.93,36.42,0,0
,47.9,3287.2434461334615,78.5,131,165,,99999.0,0,0
2.092,,2943.698536165351,70.7,607,155,46.67,33.31,0,0
1.981,,3159.812253821192,71.9,87,54,43.76,34.19,0,0
2.266,60.9,3005.155905318348,71.5,197,83,46.7,39.99,0,0
1.0,,2700.283893791559,69.8,456,232,51.7,36.16,0,0
2.059,,2789.3917489440923,59.3,376,28,,30.21,0,0
3.148,64.9,3063.643710996409,66.0,112,305,44.82,33.3,0,1
1.867,57.2,3151.553223667221,55.6,497,59,,31.43,0,0
2.396,,3091.361318383292,77.2,425,83,40.95,38.71,0,0
,,3115.3647848206815,68.7,226,107,46.33,31.96,0,0
2.69,56.3,3388.440850814002,77.8,110,40,43.09,-9999.0,0,0
2.23,65.0,3079.257523355956,57.3,80,157,,38.91,0,0
,,2960.261662760839,84.2,190,63,42.45,35.58,0,0
2.406,57.2,2981.003316857464,83.0,158,65,40.28,37.18,0,0
2.526,,3245.2502600871967,54.3,563,370,37.17,32.99,0,0
2.354,,2809.6216482023065,64.9,243,91,,38.4,0,0
1.195,,3185.6939334962453,66.0,417,122,46.91,30.04,0,0
1.063,,3002.4251616730485,55.6,262,100,,33.15,0,0
1.717,70.4,2875.26308874114,67.4,164,183,40.66,33.77,0,0
3.241,,2782.477636110174,75.6,351,220,,38.95,0,0
1.863,56.7,3222.0890515038427,65.3,138,121,,41.82,0,0
,65.9,2871.3956832698773,52.9,620,302,,33.18,0,0
0.426,56.1,3009.354294640491,77.7,153,203,,34.61,0,0
2.155,,2853.78747452235,62.1,673,64,37.35,30.28,0,0
,,3294.8789839168107,63.1,613,416,45.52,34.67,0,0
0.0,44.0,3014.7259538446565,86.8,437,53,,39.41,0,0
,,2798.043132205508,74.0,367,184,48.18,27.82,0,1
0.679,,2935.6776670068316,61.9,421,113,51.55,35.07,0,0
1.42,67.5,3208.9702836714446,58.1,235,79,44.96,-9999.0,0,0
2.796,,2853.4752687498776,79.7,330,247,44.62,35.23,0,0
2.126,,2945.7853095700702,79.0,375,113,,34.24,0,0
1.641,60.0,3178.072847614724,64.9,237,134,46.09,38.51,0,0
1.573,,3051.343630947771,57.4,269,28,47.73,31.77,0,0
1.666,61.4,2817.081315428226,73.9,375,184,,31.88,0,0
2.129,,3033.502833637919,75.9,191,135,,27.62,0,0
1.039,,2977.0874876468006,66.3,421,86,,36.3,0,0
2.9,60.4,3007.8622324231246,59.0,238,136,45.12,35.88,0,0
1.082,,3141.983662411193,70.2,324,150,,32.71,0,0
0.618,71.5,3036.087789273972,74.6,214,116,41.38,31.43,0,0
2.793,66.4,2986.0826317740775,65.1,585,73,,34.81,0,0
,,2978.7135223594637,72.6,111,165,52.65,35.38,0,0
2.056,,3161.5206182342904,73.6,73,128,,30.21,0,1
2.524,65.4,2891.9481250944305,81.5,475,38,50.14,27.22,0,0
1.424,67.4,2674.8138866277336,65.8,501,273,45.13,28.1,0,0
2.11,69.4,2966.2057516217415,58.6,397,200,49.91,29.19,0,0
2.519,60.4,3056.7395910168984,69.3,249,206,,30.18,0,0
3.315,,2937.5457171722414,86.9,225,118,,34.66,0,1
1.591,,2921.1979197044466,52.4,238,148,,35.34,0,0
1.63,,2945.362849828714,46.9,451,97,48.15,34.33,0,0
9.503,,2569.8478265916165,89.8,407,153,26.86,41.08,0,1
2.167,,2805.255990468502,66.2,132,82,43.17,36.6,0,0
1.89,65.1,3099.207463166084,67.9,357,93,49.29,36.32,0,0
3.274,,2600.6496544826987,67.5,106,113,,35.36,0,0
0.654,77.7,3081.0010529232345,80.1,165,72,,30.77,0,0
7.437,91.7,2586.7528560765977,86.6,71,171,29.12,42.07,0,1
0.663,,3074.5538743652805,78.2,510,127,45.15,32.75,0,0
2.961,,2710.7359890319394,45.2,133,164,,39.54,0,1
2.412,,3043.924462737718,64.7,87,74,,44.38,0,0
0.903,61.7,2918.6248646756453,61.8,157,178,44.34,37.23,0,1
1.902,69.6,3240.32855666936,47.2,715,107,,36.43,0,0
1.978,54.4,3054.2581165950123,71.0,198,60,,39.27,0,0
0.233,60.6,2823.490697561473,69.0,184,142,,41.05,0,1
,66.1,2746.424009990752,65.3,450,239,,31.31,0,0
1.058,,2907.784332878285,68.7,270,92,52.71,46.61,0,0
2.565,,3121.7341987035256,71.0,400,114,46.01,41.35,0,0
5.969,90.2,2930.245710351486,92.5,153,63,26.03,36.98,0,1
2.175,,3027.2096605336646,76.4,176,113,44.8,31.01,0,0
3.036,,3012.0046633256848,73.3,527,124,,46.27,0,0
2.78,54.3,2950.193154558406,93.1,555,258,,39.15,0,0
,,2996.79670678442,62.9,505,126,,32.61,0,0
1.935,63.4,3182.35858789249,56.4,300,46,,35.32,0,0
0.8,,2948.0066367519803,81.7,281,112,,38.02,0,1
1.649,62.2,3098.820138768351,88.7,217,146,,38.55,0,0
1.819,69.2,2920.737246144313,63.6,294,83,,40.47,0,0
1.762,55.7,3151.9911501791544,83.8,329,245,49.31,35.97,0,0
0.773,50.4,3086.8084456865668,64.7,424,74,44.24,36.12,0,0
2.348,,3145.8179183424395,75.8,297,66,48.35,33.54,0,0
1.055,59.7,3282.317834508547,76.4,124,154,,31.28,0,0
3.237,55.9,2612.702079037447,63.7,225,70,45.54,31.1,0,1
2.118,65.3,3113.06557428897,88.5,57,158,,34.42,0,0
2.783,,3070.369042995529,89.6,577,96,43.65,36.38,0,0
2.767,,3067.1246734246693,59.8,43,88,,-9999.0,0,1
3.662,,3036.088620737101,72.0,529,55,34.79,43.19,0,0
8.019,87.4,2923.764858250151,93.5,303,219,28.42,39.46,0,1
1.688,,3050.454976953869,51.2,347,70,,31.57,0,0
1.703,,3135.8992264373906,70.3,347,61,39.46,34.89,0,0
3.197,57.3,3123.9443829350425,53.5,211,227,44.04,25.52,0,0
,,2996.2562121981146,76.7,91,144,,36.45,0,0
1.298,65.8,2971.878526776337,70.9,348,80,,31.04,0,0
2.19,76.3,3003.0230318371055,66.3,397,42,55.58,27.31,0,0
1.878,,2938.0686010469994,54.3,229,22,,35.57,0,0
2.774,,3267.035197583168,64.0,249,82,,35.57,0,0
0.929,,2809.3854250201944,75.2,189,206,46.04,42.78,0,0
1.946,,3112.468481759059,69.6,42,95,42.3,35.72,0,1
1.85,63.5,3111.5760583562233,81.9,212,72,,35.69,0,0
1.142,,2920.441261333796,81.3,750,43,40.96,35.17,0,0
2.703,72.4,3044.407607311878,80.9,640,86,50.69,24.69,0,0
1.927,,3189.443919349559,64.6,301,68,48.95,35.31,0,0
1.893,61.4,2950.496140090796,72.9,617,41,,34.81,0,0
1.34,,3196.7902274045637,60.3,231,78,43.34,34.42,0,0
1.704,,3167.735288186223,57.4,385,154,47.56,31.66,0,0
1.183,,2893.520984538511,81.8,98,27,,37.26,0,0
2.691,65.3,2833.790876032476,58.1,357,102,41.8,31.09,0,0
,,3024.814832680232,57.1,336,16,,37.82,0,0
3.344,64.7,2813.955254026849,71.1,83,58,48.29,-9999.0,0,0
2.347,63.5,2564.2947339245134,67.3,410,38,,40.61,0,0
1.729,65.8,2926.5881562132636,68.2,232,184,,33.14,0,1
1.625,,3326.1378418532436,93.1,102,235,47.0,40.35,0,0
2.393,69.7,2932.9265423761963,60.1,149,116,41.04,35.85,0,0
,59.1,3056.925475034185,75.0,193,66,41.74,34.7,0,0
1.861,62.3,3104.998484343045,70.9,147,96,,31.59,0,0
1.79,,2993.823621032938,80.1,468,22,52.44,36.58,0,0
2.937,60.3,2949.956529066878,62.1,241,187,,33.1,0,0
1.655,,3184.3074854297247,67.8,203,188,47.53,34.89,0,1
3.077,,3005.9874466802935,71.1,202,157,46.37,38.11,0,0
,67.4,2986.2921149239223,55.7,298,113,,34.88,0,0
1.706,,3119.623903032526,51.9,314,241,40.04,36.27,0,0
,58.4,2845.5656232140796,69.8,548,74,,-9999.0,0,0
1.876,,2810.5331501792302,83.4,530,24,,37.25,0,1
2.403,,2756.2641745239066,66.5,201,91,46.68,32.28,0,0
,62.4,3085.2018690108116,67.8,229,46,,33.38,0,0
2.68,,2975.450608069438,81.5,296,215,44.27,35.56,0,0
1.658,54.3,3123.9536754531714,68.5,247,67,47.99,43.49,0,0
1.9,49.8,3007.636627617596,77.8,312,134,50.6,29.66,0,0
,69.1,2794.35642276415,96.7,145,265,,35.76,0,0
2.448,61.2,2946.6580212211143,64.2,259,163,38.52,40.46,0,0
,,3134.519382052677,68.2,346,63,,37.46,0,0
3.263,56.8,2960.6744974533694,74.0,225,153,49.33,34.47,0,0
2.564,,3178.022189122928,84.9,336,109,,28.12,0,0
2.068,,2931.9645660653628,68.8,288,51,43.88,41.05,0,0
2.98,60.9,3107.9036735481964,77.3,242,41,,33.11,0,0
2.324,,2732.6115128989836,73.5,415,173,,31.19,0,0
2.807,,2966.0330466274845,69.3,267,194,38.1,36.0,0,0
1.31,64.2,2941.9397089996246,65.8,369,98,48.05,40.71,0,0
2.369,70.9,2790.3194976675036,63.9,128,52,47.12,36.62,0,0
2.402,63.9,3166.788101568957,100.0,614,80,47.07,33.54,0,0
0.764,,2903.9901124134913,54.6,163,55,41.35,35.99,0,0
3.205,60.1,2888.508249284273,55.5,325,130,39.18,35.47,0,1
1.072,68.5,3195.1949137171396,72.4,106,177,54.98,33.13,0,0
0.961,69.4,3024.217446554357,72.0,292,180,46.53,35.27,0,0
0.0,,3116.970230883215,74.3,141,177,53.74,31.7,0,0
,64.2,2744.5941531000785,61.3,347,101,49.61,31.04,0,0
0.686,,2880.218726812354,59.7,332,87,,37.21,0,0
,,3312.9583438927357,67.1,445,108,46.93,33.42,0,0
2.67,,3128.1071003975217,79.1,303,95,50.32,34.9,0,0
2.154,68.9,2838.999924509097,59.8,286,145,50.77,31.91,0,0
1.501,65.4,3033.7545811042537,71.5,129,176,47.9,32.73,0,0
0.727,,2850.652441872081,64.9,380,119,50.37,33.07,0,0
,,3209.075318257411,54.8,460,129,50.56,32.65,0,0
2.684,,2659.5378441867497,57.2,190,107,47.32,33.36,0,0
2.561,,3041.29460258902,79.1,179,69,,35.79,0,1
3.429,,3039.0422209635303,64.0,455,145,,40.56,0,0
1.477,57.1,2833.105569375216,82.4,173,13,,38.04,0,1
,67.2,2959.0272192509346,69.6,420,67,,33.66,0,0
2.248,,3056.331505899835,56.3,300,93,47.59,32.47,0,0
2.169,,2733.2811549296157,74.8,338,210,45.68,27.88,0,0
1.996,,2808.0664979983053,62.0,238,292,51.26,32.31,0,0
1.403,,2976.7339676059064,66.2,631,106,,30.61,0,0
,71.4,2875.040944423202,81.3,448,201,37.49,35.22,0,0
1.195,71.1,2930.5305203927246,57.1,126,209,,41.67,0,0
2.446,69.6,2996.9885702262386,65.5,338,18,46.19,33.42,0,0
,,2863.4310553822406,59.2,152,113,46.38,29.19,0,0
2.772,63.9,2996.0135040805676,58.1,163,94,,34.22,0,0
2.276,,3044.6997019871683,65.3,167,32,38.47,33.24,0,0
2.589,49.9,3116.8302278520055,61.4,322,83,42.72,40.04,0,0
2.612,67.9,2813.125832278826,67.3,700,204,48.28,27.46,0,1
,55.3,2905.7394196154637,76.4,413,157,45.2,31.03,0,0
2.022,,3088.2812960534116,62.5,166,41,44.67,38.04,0,0
0.0,66.2,2777.686573684383,55.3,43,21,,28.72,0,0
1.475,67.6,3015.928505769797,76.4,605,61,,37.3,0,0
1.509,,3004.2146760482146,62.4,461,118,45.76,32.34,0,0
,65.9,2611.974225854244,88.3,183,110,55.37,39.11,0,0
1.256,65.4,2925.8481425379546,65.9,254,25,47.47,34.8,0,0
2.75,60.1,3049.6172895913746,68.6,492,141,,34.36,0,0
1.295,,2968.222318784699,47.0,565,67,43.13,37.4,0,0
,74.5,2928.8575718842753,58.4,213,81,39.94,35.08,0,1
1.231,60.3,3023.4259549755197,47.2,79,162,45.25,30.06,0,0
1.517,60.5,3148.334297649496,72.9,427,48,48.24,32.92,0,0
,,3080.6383536742546,69.2,455,254,,28.49,0,0
1.603,60.9,2886.6220178762737,76.3,56,207,,31.54,0,0
2.943,,2781.151517954691,78.1,292,147,55.17,26.44,0,0
1.738,,3077.920058771313,79.6,759,82,47.57,44.35,0,0
1.759,60.5,2823.339222061891,67.7,387,245,44.76,34.89,0,0
,56.9,2920.7948625070235,70.9,213,82,45.07,37.13,0,0
1.792,,3030.1417316596717,75.8,306,157,42.78,31.66,0,0
2.173,62.7,3171.9789457172446,62.1,238,18,47.17,37.1,0,0
1.828,,3192.8720376110564,60.6,70,91,,38.1,0,0
,,3009.1028258518586,85.4,173,32,51.64,38.74,0,0
2.813,,2923.5762280839594,51.9,332,27,,34.67,0,0
2.219,,2819.903746402654,75.0,186,45,45.79,39.06,0,0
1.079,70.6,3293.794517946156,73.4,119,110,43.43,32.57,0,0
1.932,,2956.517113953791,58.8,348,354,49.87,36.5,0,0
1.569,,3101.674298286918,63.3,694,84,,35.19,0,0
,57.2,3029.5170275167293,66.4,196,141,,30.3,0,0
2.082,,2925.6596726426637,72.2,261,134,,27.68,0,0
2.904,,2919.3065976813873,73.5,148,89,41.28,33.8,0,0
1.408,62.7,2792.531250343022,69.7,260,13,43.64,33.82,0,0
1.846,,3168.3637970138498,71.9,181,120,43.96,33.92,0,0
1.149,,2981.920403354349,76.6,287,59,40.82,39.2,0,0
6.157,85.1,3003.122411852149,78.1,198,228,29.17,40.8,0,1
0.771,60.2,2932.6848749963538,85.3,633,182,51.05,37.63,0,0
2.257,,2955.2969244510746,80.4,623,106,42.88,37.35,0,0
1.956,58.5,2830.010395644647,70.2,193,69,38.76,34.68,0,1
2.124,66.9,2953.2839175995273,76.4,301,25,41.83,35.71,0,0
2.631,54.1,2813.9821473900515,74.2,163,155,,-9999.0,0,0
2.18,42.8,3060.3992183769296,71.6,428,131,45.72,35.56,0,0
0.979,,3016.1713817686846,61.3,403,108,47.44,37.37,0,0
1.555,58.3,3221.231394394742,71.6,216,76,,35.18,0,1
1.936,,2781.336627737813,49.3,268,187,,33.02,0,0
10.597,78.9,2825.9179786053974,77.5,261,616,21.92,41.47,0,1
1.835,,2853.2334220261755,73.5,170,147,50.06,34.06,0,0
,56.1,3051.634740710595,68.4,173,208,48.32,40.81,0,0
2.08,56.6,2828.18421791553,65.8,369,117,47.63,33.29,0,0
2.306,,3030.4160470431557,76.5,375,93,44.73,46.44,0,0
0.393,,2623.4105617351524,88.4,603,133,,41.56,0,0
2.597,,2899.4127677009,73.8,39,101,,30.47,0,0
4.282,,3015.914863268671,89.0,140,100,42.78,40.01,0,0
3.077,,3263.316992769273,77.8,684,99,,34.5,0,1
,71.1,2680.797793060672,61.9,373,233,43.3,37.26,0,0
3.825,60.9,2999.658323869685,74.9,114,101,,41.31,0,0
2.022,61.1,2922.1883209752723,73.9,229,102,50.86,31.9,0,0
2.245,63.8,2712.5921039795653,61.9,303,82,45.29,33.15,0,0
1.786,,2831.2757413536283,65.9,116,142,,38.01,0,0
1.765,54.5,2929.3334060694206,65.7,425,310,,33.53,0,0
0.202,,3070.061518041491,71.0,206,116,,26.1,0,0
2.63,63.8,3013.1847542536307,67.2,197,73,42.86,38.85,0,0
1.762,,2803.1274079300683,72.7,531,222,,36.48,0,0
1.85,,2724.8947281935543,74.3,213,79,49.85,34.91,0,0
2.219,,3062.647322134977,82.7,447,294,43.79,35.5,0,0
,,2970.7098974532378,75.5,300,97,50.88,43.95,0,0
2.211,,3241.7136828635626,63.0,431,131,,39.05,0,0
2.962,62.6,2947.1165960759554,91.1,247,162,44.07,31.56,0,0
2.324,67.1,3171.484634504446,63.0,307,78,41.62,35.49,0,0
,,3081.575713038257,66.1,548,46,42.09,39.74,0,0
1.901,58.2,3123.241062829288,76.0,328,88,,39.66,0,0
2.16,,3064.8618712809402,99.0,164,101,45.94,28.99,0,0
1.334,61.7,3068.149788108659,74.0,212,39,41.56,32.99,0,0
2.166,60.7,2656.2213982163657,63.6,418,90,,30.46,0,0
6.958,66.4,2935.5345740186885,100.0,211,191,,42.4,0,1
2.07,63.9,2900.4572580855033,52.9,106,133,,31.37,0,0
1.661,,3190.598075481432,70.1,301,63,55.09,41.22,0,0
1.77,,2849.7488066732,75.4,176,188,46.82,40.18,0,0
2.522,63.5,2957.957937708445,55.8,285,41,47.09,34.01,0,0
1.12,,3120.1298583955113,72.2,207,95,52.16,29.94,0,0
1.347,,3045.1448088461043,56.9,335,64,,31.84,0,0
0.714,70.8,3025.0961233884914,60.8,683,114,,36.8,0,0
2.027,66.1,3166.379508175888,76.3,761,222,44.3,38.41,0,0
2.69,,3039.0124720461704,62.5,222,272,44.56,34.85,0,0
3.065,52.4,2918.2598569643883,83.1,286,116,44.68,24.73,0,0
3.239,,2805.559596552371,64.2,314,230,45.57,37.72,0,0
1.448,,3073.0052616814473,81.1,170,115,,26.92,0,0
2.2,57.9,2884.4843607363573,92.7,92,148,47.43,-9999.0,0,0
1.678,51.9,2963.8291928894214,62.5,556,173,,38.99,0,0
,55.2,3161.7535787924826,94.7,480,159,,30.26,0,0
,,2966.808954027708,70.1,105,120,,36.0,0,0
,65.0,2933.364905765276,63.7,531,37,,35.37,0,1
1.505,,2958.0577824888314,67.0,300,219,,31.78,0,0
0.0,,2962.10617961343,66.0,312,119,46.89,35.82,0,0
9.231,73.9,2761.3719148193118,86.9,531,61,32.32,44.96,0,0
0.518,59.8,3251.6037197765017,83.2,233,126,,35.19,0,0
0.843,,2917.6021541803643,83.1,225,65,52.07,33.46,0,0
3.503,64.5,3117.658118906584,57.0,537,28,46.76,32.99,0,1
0.964,,2847.2311268655512,71.9,65,130,39.58,32.36,0,0
1.151,,3082.4289733020796,54.5,126,45,50.86,31.41,0,1
1.264,,3025.403355628839,80.1,468,249,48.87,38.41,0,0
4.079,,3003.7548108912533,65.2,504,87,53.49,33.19,0,0
1.95,73.6,3026.24050033121,75.0,161,72,52.66,30.47,0,1
2.795,,3062.393906319657,65.0,465,237,51.37,33.36,0,0
2.14,69.1,2965.9646494109447,52.4,456,100,47.9,32.89,0,0
,,2973.4461416349104,78.9,322,47,48.85,33.42,0,1
3.226,65.7,3086.615472601921,79.6,285,184,,99999.0,0,0
2.321,60.7,2828.7068470401223,71.4,207,61,44.89,32.49,0,0
1.903,,2805.5551545095036,48.9,196,168,57.94,33.48,0,0
3.408,,3026.8419081534735,77.5,82,102,39.09,37.57,0,0
1.723,64.1,2698.5336822307454,62.6,193,64,47.24,36.78,0,0
1.884,,2747.57405930287,75.2,318,100,45.84,32.25,0,0
1.724,,3270.786999394095,65.1,101,138,49.41,38.86,0,0
2.861,,3232.4093847128215,66.1,392,117,46.79,38.64,0,0
2.651,,2914.3856310584724,75.0,234,119,,38.36,0,0
2.223,59.1,3149.876875172061,61.8,276,70,,36.21,0,0
1.159,54.0,3155.0699841062624,68.3,390,45,,34.31,0,1
1.704,,3070.6636763391925,75.1,201,89,47.46,30.7,0,0
1.158,66.3,2988.1612034161008,91.7,316,18,,29.47,0,0
2.928,,3093.9672256653826,69.3,354,145,44.26,34.66,0,0
,74.5,3119.6982552150544,78.4,364,115,,35.06,0,0
,59.6,3096.316381090156,58.3,362,111,48.5,33.96,0,0
3.03,69.2,2767.5998414550986,86.9,135,111,49.98,34.56,0,0
1.265,,3304.960147629126,61.9,166,29,51.02,40.45,0,1
1.667,,3360.4991503467454,68.7,389,93,,41.51,0,0
1.43,64.4,2713.6208072552945,75.1,168,100,,30.58,0,0
,,3076.645016493012,62.2,289,137,,36.15,0,0
3.13,,3306.858340392898,80.8,331,16,50.12,35.21,0,0
,58.9,3150.3422703483866,63.4,109,42,,37.7,0,0
,,3151.9399191207494,78.3,143,342,,41.93,0,0
3.004,,2784.2222771182965,80.7,359,161,41.78,43.75,0,0
2.937,69.2,3118.664212795154,75.8,410,80,49.3,37.88,0,0
1.849,57.4,3035.879504699993,77.1,361,20,49.43,35.16,0,0
1.992,,3116.9777617569393,95.3,82,125,48.24,33.55,0,0
3.233,,2844.6709873116665,74.2,106,158,,44.95,0,0
2.847,63.4,2839.2763802335653,71.1,233,57,,31.93,0,0
2.98,59.5,2978.616196884379,73.4,100,185,,38.29,0,0
4.068,,2943.122009259542,82.7,168,253,51.68,33.94,0,0
,58.2,2976.384418657481,93.3,819,30,,29.65,0,1
2.261,,2928.070290594066,68.3,522,167,40.95,41.86,0,0
,,2969.8474514983277,60.9,155,168,45.47,28.03,0,0
3.59,,2900.085312905029,81.6,89,161,47.3,26.4,0,0
1.511,,2992.75862828578,56.4,330,218,43.21,37.8,0,0
1.839,,2786.4655108445654,72.6,192,79,50.32,33.78,0,0
1.185,,3077.115795124304,73.0,388,29,38.1,36.73,0,0
2.274,56.6,3039.0815349686827,68.9,257,45,,34.97,0,0
2.711,61.5,2810.725739138546,69.5,875,83,48.76,37.4,0,0
,,3198.9538093624774,53.5,306,61,38.05,33.82,0,0
2.907,,2875.9725403739817,61.3,338,47,,38.61,0,0
,60.1,3178.3426762626927,79.4,630,167,44.26,38.72,0,0
1.572,59.0,3049.4136590754,49.6,84,91,,41.2,0,0
2.904,61.8,3150.084431748482,69.1,485,211,,40.06,0,0
1.5,,3026.428397796331,66.9,497,87,49.2,34.57,0,1
,,3085.025674318154,50.1,297,108,49.99,37.78,0,0
,,3148.4405981240197,86.9,284,164,44.43,36.67,0,0
1.895,59.4,3286.078464227348,59.7,205,186,51.19,36.68,0,0
2.958,,3161.1938012522774,75.5,98,116,44.34,29.7,0,0
,65.6,3067.2343070966267,65.3,212,84,51.33,38.01,0,0
,61.8,2797.723084538465,61.6,143,49,,37.43,0,0
3.052,69.2,2637.6248541459313,67.6,165,54,49.72,42.28,0,0
3.52,,2980.4384126392006,66.4,307,170,48.45,39.66,0,0
2.827,,2892.827774258596,68.1,187,325,,35.6,0,1
2.859,61.6,2898.3414189882205,62.1,366,58,53.43,34.59,0,0
,63.0,2987.6352155801123,59.9,283,38,,30.98,0,0
,56.5,3099.419086851049,80.0,251,61,44.16,-9999.0,0,0
2.17,,2906.8656304949445,70.1,143,14,52.0,30.74,0,0
,63.7,3134.2788251319766,69.4,255,85,46.44,27.52,0,0
2.716,,3005.0240080710487,61.1,438,44,48.71,-9999.0,0,1
1.65,56.0,3005.6418531851355,85.7,109,192,44.36,35.35,0,0
1.569,68.4,3281.249466890363,69.1,143,52,,36.06,0,0
0.808,,3026.7164437056167,51.0,293,92,42.45,35.75,0,0
2.518,,2991.878674930933,72.8,77,148,,30.77,0,0
1.688,,3078.58530098181,62.4,272,81,,36.48,0,0
1.759,,3269.5717202757287,79.1,110,125,44.81,33.71,0,1
3.382,60.2,2992.98843987542,80.4,368,78,,33.15,0,0
2.479,63.5,3065.963704427693,79.2,293,145,,40.69,0,0
2.258,69.2,2983.7570642506116,65.4,775,152,,38.16,0,0
2.664,53.3,2984.5439127464165,68.9,234,40,45.51,25.8,0,0
,69.9,2926.486129675879,72.5,350,141,,35.87,0,0
0.706,,2915.9874167667467,78.9,184,54,45.97,39.26,0,1
1.547,,3254.408663036805,59.6,228,98,,30.02,0,0
1.814,58.3,2916.925046505224,70.9,80,24,46.82,31.55,0,0
,,2768.903854633418,88.7,151,101,43.73,39.0,0,0
1.788,,3018.811017441191,64.6,288,82,,33.18,0,0
,,3152.672592971162,69.7,289,90,45.39,27.09,0,1
2.738,,3186.3774185711,96.1,342,46,,39.8,0,0
1.586,69.8,2820.830212598413,67.6,355,148,44.74,34.3,0,0
,,3166.913445161613,54.6,116,183,47.89,36.49,0,0
,,3308.840826794741,69.4,584,119,47.58,34.8,0,0
2.446,,2897.3768345553963,86.7,109,117,44.44,39.48,0,0
0.031,59.5,2973.8901509029893,80.6,353,76,46.1,30.6,0,0
,,2815.26668020091,60.2,495,81,,37.66,0,0
1.78,,3278.0549315146027,74.2,142,175,,40.27,0,0
2.325,,2776.1420314774614,68.2,145,219,,29.6,0,0
1.056,,2940.031766872374,78.1,193,132,,32.04,0,1
,63.2,3117.7032888048375,63.8,456,69,45.22,41.58,0,0
3.039,63.0,2897.39805141583,74.9,161,75,51.58,39.32,0,0
2.152,61.8,2851.632586235766,89.1,361,30,50.7,31.72,0,0
1.426,,2992.1638711289534,43.9,201,110,,30.14,0,0
1.461,,3358.523421409723,75.9,262,94,,36.13,0,0
2.461,64.1,2961.5999119053736,83.2,421,71,46.23,36.32,0,0
2.456,,2968.939195347152,54.4,250,33,,34.76,0,0
2.285,73.7,2832.6660942216326,62.8,254,170,,44.33,0,0
1.97,,3057.764324587299,66.1,82,123,46.51,37.59,0,0
2.162,67.7,3132.558510423231,62.7,227,46,46.75,31.64,0,0
1.948,,2909.054383011625,61.9,351,178,,39.23,0,0
,70.5,3080.3597413990146,66.3,287,125,42.76,35.23,0,0
,,2910.2207937684607,78.5,565,79,42.76,32.29,0,0
2.248,64.3,2715.9417857501535,84.9,35,50,44.81,38.6,0,0
3.032,,3068.6046948277626,83.0,392,82,,40.9,0,0
,66.4,3311.157452012955,79.9,321,87,,35.86,0,0
2.222,64.5,2820.615546442631,88.3,388,141,,31.09,0,0
2.476,65.7,3026.906975305768,90.3,361,203,54.64,35.45,0,0
1.234,67.7,3196.463272440428,71.7,107,53,56.38,31.18,0,0
1.938,,2984.7021261898494,84.3,482,147,46.38,35.91,0,0
2.274,60.7,2785.9748858255243,74.2,202,109,,38.02,0,0
0.734,,3006.743729472022,67.8,381,250,,27.09,0,0
2.344,,3223.5539972293477,69.5,107,221,50.31,37.86,0,0
1.233,,2924.019826074246,80.1,744,62,,33.5,0,0
1.32,,3034.8364282572193,84.7,276,129,43.89,32.75,0,0
1.576,50.9,2841.9708494679803,75.8,117,78,53.93,29.69,0,0
1.976,56.1,2985.0790539318173,66.0,306,55,52.12,30.71,0,0
0.938,65.6,3058.00373091659,65.1,426,52,,42.06,0,0
2.685,,3018.877920553068,51.5,559,91,,38.4,0,0
2.142,,2935.2753929630194,73.6,329,72,47.59,40.18,0,0
3.54,,3066.4489059174284,72.9,330,291,,31.57,0,0
2.24,44.1,3100.42463355825,59.6,364,139,,42.19,0,0
,63.6,3110.3398492975234,74.7,189,153,,34.73,0,0
1.317,68.0,2956.0607047381473,74.6,233,122,47.51,31.84,0,0
1.055,51.7,2906.8486419916685,55.2,470,232,46.09,30.69,0,0
2.495,65.2,3294.4678517472676,66.8,281,74,45.47,30.81,0,0
1.125,,3020.6436241798783,84.1,399,127,,32.01,0,0
,62.0,2961.3769031096704,63.7,136,118,46.84,31.42,0,0
3.365,,2778.4376946524353,70.2,166,183,44.86,38.62,0,0
2.757,63.1,2860.1279134620995,71.6,253,159,47.16,45.4,0,0
2.456,,2903.6522685195437,69.7,620,191,,34.01,0,1
2.216,,3065.912027567892,76.9,436,99,50.27,34.09,0,0
,73.5,2946.5659112861686,79.4,212,71,,27.57,0,0
,,3002.279594452299,82.6,370,150,45.19,31.3,0,0
1.548,61.5,2785.012515565922,66.9,184,81,44.78,28.52,0,0
0.948,,3210.6643258673826,75.2,324,37,,38.25,0,0
2.028,,2889.3764997578755,78.4,525,129,,42.73,0,0
,61.1,3035.268379681062,68.8,363,79,47.3,30.68,0,0
0.969,,2920.4159943546492,62.8,136,123,53.75,34.19,0,0
3.119,70.5,2952.280183011988,71.4,290,54,,34.01,0,0
2.974,,2880.893147758485,63.9,151,60,,37.73,0,0
2.318,,3044.4454871336598,63.0,325,167,49.48,35.42,0,0
2.324,,2852.948667577142,72.2,85,121,,43.46,0,0
1.851,,3047.138207103445,68.1,408,300,44.73,32.0,0,0
,64.6,2982.176175729143,71.8,207,167,,38.6,0,0
9.656,85.2,2700.4735290981694,88.5,437,216,,-9999.0,0,1
2.025,,3109.3022188120913,68.2,179,131,43.61,28.59,0,0
2.112,,2952.3629533717212,47.4,97,110,,40.71,0,0
3.505,65.7,3054.904710336308,59.5,464,190,,42.49,0,0
2.452,,2932.757671719667,69.1,334,106,52.05,36.64,0,0
1.832,57.4,3197.411663566911,82.1,287,144,,32.48,0,0
1.921,56.2,2946.152970930522,75.4,427,52,,30.45,0,1
1.429,,2969.7334391284144,70.9,371,28,,37.24,0,0
1.561,,2929.6785903035648,66.2,347,36,44.91,26.49,0,1
2.729,,2890.038556573796,67.5,299,162,,38.49,0,0
1.605,78.2,3305.05468390909,83.1,514,138,47.1,33.33,0,0
1.506,60.0,3072.961740342258,58.9,263,56,45.66,33.24,0,0
,58.2,3010.213075200501,62.7,67,74,44.37,30.71,0,0
1.417,54.1,2928.56685982385,80.7,337,55,42.74,29.25,0,0
2.902,,3166.966764040439,66.6,37,107,,34.77,0,0
2.114,,2918.1539039981603,89.4,651,197,48.13,35.78,0,0
,69.3,3018.116878617004,76.9,284,150,,34.63,0,0
2.023,,3330.442732756173,81.5,549,337,41.6,39.38,0,0
2.174,,2856.4120598478603,53.7,338,89,46.56,35.24,0,0
1.402,,3080.9361681673754,80.6,289,167,,37.86,0,1
0.888,55.0,3043.2817768357445,61.5,306,170,45.97,29.13,0,0
,,3079.2238893145823,77.2,97,134,,33.23,0,0
2.79,,2957.2644603772833,66.4,321,34,48.25,40.93,0,1
2.302,,2911.161637427045,72.2,151,107,47.36,38.89,0,1
,,3033.9739437941253,58.9,177,224,40.89,36.33,0,0
3.531,70.2,2931.595606464786,52.8,269,106,45.26,33.49,0,1
1.572,,2650.2543033943157,71.5,495,36,48.61,31.26,0,0
,66.3,2876.330101831383,67.1,241,117,47.67,32.88,0,0
2.529,,2952.4999501308225,61.1,123,138,,37.55,0,0
0.827,60.9,2838.32262692923,53.2,294,95,,27.07,0,0
2.03,,3022.648022473803,43.2,272,64,49.66,42.18,0,0
1.761,65.1,2886.36057347076,75.2,377,188,,39.96,0,0
2.539,,2993.4841653873177,67.4,566,78,38.16,39.86,0,0
1.614,65.4,3325.180902966516,64.0,221,109,,37.46,0,1
,52.6,3184.0503860442223,72.1,161,97,47.26,35.43,0,0
,,3088.7237910754666,80.1,395,334,44.17,99999.0,0,0
,,3271.38433519603,72.7,177,64,44.03,33.54,0,0
1.467,,2989.1121117610783,65.6,315,216,,43.47,0,0
2.439,,2990.6388272818467,91.3,313,224,50.16,34.45,0,0
,63.1,2841.660560045691,63.6,189,129,,33.1,0,0
1.981,76.1,3191.7232755503605,55.9,490,159,44.4,33.94,0,0
3.058,64.9,3293.5488898605845,71.0,373,281,,32.11,0,0
2.092,,3136.1114477922256,67.4,298,235,,38.24,0,0
2.946,,3213.5079138972947,79.5,152,357,,32.92,0,0
1.979,,2589.3994415680377,64.7,66,166,47.63,34.5,0,0
1.596,,3350.9544522871392,68.3,660,101,,40.35,0,0
2.138,,2984.3485205585957,61.3,151,141,44.13,39.28,0,1
2.495,,3353.395221140794,78.1,150,114,,30.9,0,0
0.476,55.6,3259.7475651064324,71.4,206,66,,39.72,0,0
2.418,66.7,3115.863811663084,67.2,201,162,,29.33,0,0
1.248,,2948.5447042478554,68.5,281,141,,29.0,0,0
1.049,58.7,3023.735869031858,69.8,145,103,,33.69,0,0
2.431,62.8,2713.4963157309294,55.6,58,147,,36.17,0,0
3.071,,3139.6199116185458,81.6,698,18,45.36,34.1,0,0
2.173,57.2,2616.749240207134,81.0,183,102,50.67,36.76,0,0
,61.7,2955.1966689176006,70.4,294,164,48.83,33.49,0,1
1.464,68.1,3231.4856105720933,69.3,808,180,45.53,26.76,0,0
1.665,67.4,3108.1087317677443,60.0,86,215,,34.24,0,0
2.157,66.2,2770.512785828779,87.3,551,61,45.79,28.92,0,0
1.942,,2798.954175401244,84.9,253,84,,35.01,0,0
2.396,,2910.3846536817337,73.9,208,157,41.1,29.99,0,0
2.8,,3011.756367540547,78.2,462,69,49.34,37.07,0,0
,51.6,3131.4826236766726,82.3,454,96,51.37,40.42,0,0
2.718,,3090.620716124126,80.3,523,57,46.38,28.08,0,0
1.784,,2841.186868544482,61.4,220,72,49.65,26.83,0,0
4.637,,3092.809940615281,66.9,488,89,,33.8,0,0
,57.7,3108.800552171565,74.7,542,149,,39.52,0,0
2.547,,3073.278025496305,72.0,159,166,51.97,35.62,0,0
,57.5,3371.727697148379,77.5,319,154,,33.29,0,0
2.071,65.1,3108.9478438894857,76.4,459,51,42.94,30.7,0,1
,,3145.1734448911825,72.5,155,48,,37.89,0,1
,,3281.3787535910647,44.0,413,163,51.74,41.15,0,0
,64.3,3127.5175654574223,81.7,244,67,,27.52,0,0
2.123,66.6,2917.341648176606,78.4,318,136,,36.18,0,0
3.408,,3186.4054306891703,90.7,337,131,35.71,45.18,0,0
1.933,57.3,2939.790868526936,65.2,208,66,,32.58,0,0
2.746,,2852.6087483797246,51.6,296,195,46.88,34.24,0,0
,63.7,2865.453361869913,68.2,139,239,,34.86,0,0
2.079,,3184.7023419389625,74.6,319,24,43.31,33.37,0,0
2.365,,3093.0368659090927,65.6,494,288,43.46,39.39,0,0
2.821,62.4,3159.1254087852326,83.7,318,282,45.18,42.21,0,0
1.707,68.8,3093.7636250451105,63.4,153,141,,28.18,0,0
1.349,61.3,3028.3270939284803,69.0,217,12,49.29,31.26,0,1
3.066,,3047.701723900127,67.5,339,40,51.74,39.98,0,0
2.245,70.0,3088.6617714759514,97.7,656,89,,37.4,0,0
,60.9,2909.6265093079805,60.9,129,64,46.92,36.75,0,0
2.075,59.8,2806.454973482961,75.8,371,82,,37.79,0,0
2.407,59.9,2927.2327404774537,58.0,287,223,44.89,35.38,0,0
,,3081.6185025599384,73.4,246,95,,36.92,0,0
,55.0,2902.8244077188538,60.5,255,145,47.95,33.7,0,0
,53.8,3319.4424970301116,81.0,99,113,,34.09,0,0
3.324,48.4,3066.189482503993,79.1,274,72,42.65,34.62,0,0
1.825,,3017.923123486559,72.7,517,297,47.59,33.37,0,0
3.102,,2909.0494026262068,56.1,210,46,45.79,36.88,0,0
1.964,50.1,3137.360551801367,69.5,735,111,,36.19,0,0
2.111,,2818.2086660584723,67.0,63,82,42.61,27.54,0,0
2.225,,3047.3657156748172,78.3,153,57,,34.19,0,0
3.675,61.1,2934.6705480109254,61.0,662,314,,35.08,0,0
,69.5,3018.1394464124533,81.6,236,72,,41.12,0,0
2.396,56.7,3072.94097886136,79.7,637,102,,33.85,0,0
2.034,50.3,2828.1506515526153,56.3,310,115,,35.39,0,0
1.977,,2749.360198102069,67.8,395,206,,34.69,0,0
2.466,58.0,2860.2520822369006,69.5,256,169,44.43,40.29,0,0
,,3131.886261308588,80.1,359,47,,30.22,0,0
2.425,63.5,3055.9700087212173,63.1,416,68,42.48,31.86,0,0
2.988,54.9,2939.5648010171826,72.1,537,148,54.75,31.59,0,0
,,3295.222065047763,81.0,398,113,,35.06,0,0
1.961,59.8,3192.764754579675,72.5,348,76,45.87,29.02,0,0
,,3156.5192977417146,51.4,637,166,,40.86,0,0
,67.3,2891.3691913851826,65.1,132,60,,36.66,0,0
9.083,,2986.4568800223615,96.2,68,627,,41.43,0,1
1.762,,3051.1062231143865,77.8,151,38,,43.41,0,0
2.485,65.5,2891.660265740256,47.5,579,133,52.54,-9999.0,0,0
2.886,,2984.38489767792,72.0,181,113,37.14,38.42,0,0
1.446,,2844.2347993040967,79.5,43,175,,37.33,0,0
2.949,57.1,2892.977309433994,75.4,186,57,51.53,41.16,0,0
1.757,,2828.373638818343,76.5,371,9,44.63,37.76,0,0
3.144,,3143.4831194777616,90.6,324,119,52.08,32.96,0,0
1.567,,2989.3611268668756,69.6,88,59,49.07,36.7,0,0
2.588,,2858.76017424772,73.0,277,101,47.8,32.41,0,0
2.034,,3077.6061493925667,60.6,397,120,45.02,33.13,0,0
1.099,,3000.2254974606876,63.7,215,74,46.37,34.95,0,0
0.867,,3157.5758221900082,66.7,123,139,,34.26,0,1
1.406,55.2,3020.000506339499,78.5,156,44,47.19,31.42,0,0
2.794,72.1,2784.421846320217,62.5,181,122,47.01,25.92,0,0
,,2925.4884506001004,82.3,124,140,44.26,36.19,0,0
2.267,67.5,2826.420767106808,59.1,367,108,38.21,36.47,0,0
2.198,53.5,3084.451185689518,76.4,396,109,,36.45,0,0
0.654,60.3,3162.6691255202363,75.5,426,101,41.93,42.62,0,0
1.362,,2768.40280402818,72.6,391,84,41.52,28.86,0,0
1.361,52.6,2981.325591943785,79.8,472,163,43.24,41.21,0,0
2.042,75.7,3172.91263366324,62.6,259,24,49.31,44.97,0,0
,63.2,2766.1345838493503,65.3,135,240,,42.06,0,0
,,2934.7476263895214,60.4,307,101,,33.6,0,0
1.712,,2999.965545193585,70.1,182,154,,36.81,0,0
1.336,,3160.116537706765,68.8,388,117,42.94,31.92,0,0
0.753,,3081.703384843708,78.6,207,21,41.49,32.3,0,0
1.697,,3112.355219681591,73.9,465,194,,41.89,0,0
1.281,,3090.3689971293743,76.9,112,220,45.48,37.8,0,0
,,2944.030275947643,68.0,297,86,46.26,-9999.0,0,0
2.001,60.8,3246.5110706621963,74.1,351,22,,30.51,0,0
1.62,,2899.363618751849,88.1,153,37,47.69,29.11,0,1
1.636,67.1,2583.238395606093,56.5,387,88,48.74,39.22,0,0
,,2729.918841679829,51.6,242,109,45.51,99999.0,0,0
1.59,57.9,2982.466362866773,76.4,90,175,,33.81,0,0
3.149,,2950.2682877141997,61.5,280,200,47.19,41.95,0,0
2.414,,2919.5453212871635,56.2,127,115,44.64,37.37,0,0
,,3022.530656825451,75.3,464,146,49.43,31.6,0,0
2.81,69.4,3180.0641905770976,60.0,185,49,,27.25,0,0
2.739,,3068.1042254431977,85.4,229,60,44.74,37.39,0,0
3.14,63.6,3097.2825305362294,71.6,177,59,40.07,33.12,0,0
2.471,,2838.0318634139826,68.0,179,89,49.13,34.44,0,0
2.164,,2922.082621612337,61.8,206,78,50.9,34.11,0,0
1.527,69.4,3105.05335926856,72.2,167,177,44.05,40.72,0,0
1.341,55.3,3016.2018089926773,54.1,56,83,45.22,38.37,0,1
2.706,68.9,3071.559319733294,45.3,553,121,,34.61,0,0
,72.1,3092.0585819019975,54.5,249,138,43.15,34.51,0,1
0.912,58.6,3024.928510654679,81.4,732,105,48.77,36.15,0,0
,,3237.28592649835,60.8,133,164,43.98,40.27,0,1
,,2920.2695917688334,55.7,336,140,47.9,35.33,0,0
1.211,63.1,2877.1362592329533,69.1,261,55,45.94,32.7,0,0
,,2735.254679480329,92.2,244,144,49.0,30.18,0,0
2.982,54.9,3112.29049365009,80.9,367,60,,34.66,0,0
1.033,70.8,2914.4918607703285,62.0,72,83,50.34,30.21,0,0
2.425,,3189.9008879244375,61.8,370,132,,36.37,0,0
,,3037.192866926277,62.0,183,164,39.2,36.81,0,1
3.691,,2949.1750704043134,60.9,329,27,,39.76,0,0
,53.2,2841.804327610732,75.4,127,188,45.63,34.16,0,0
1.99,,3126.9767380711532,66.6,110,289,43.14,39.13,0,0
1.683,,2991.9168858683506,58.9,317,9,47.63,41.45,0,0
1.986,,3040.170335453702,56.6,588,113,50.48,35.29,0,0
3.039,,3090.6662006837064,93.0,535,17,,43.94,0,0
8.097,,2814.7699385481874,94.8,347,299,,42.97,0,0
2.518,,2872.527243479765,61.4,509,54,52.63,33.08,0,0
1.844,,3078.1902052021856,82.1,330,79,45.04,46.78,0,0
3.095,,3123.030111266354,58.5,502,73,46.36,34.73,0,0
,63.0,3054.03435542747,68.6,237,84,41.73,40.6,0,0
,66.0,3094.8522560276806,67.5,527,100,46.18,37.51,0,0
1.911,,3108.8316469837,71.8,202,31,,36.21,0,0
,,2940.5905719605557,60.6,65,337,,40.24,0,0
9.506,,2536.206255629729,98.4,588,148,,38.66,0,1
0.022,54.6,3334.0180451286687,52.5,201,32,38.92,34.69,0,0
,,3198.8639945001564,66.2,462,174,48.97,34.82,0,0
3.317,,2992.769116925625,83.4,202,114,,30.42,0,0
2.204,61.3,3102.424343369289,80.3,113,210,43.57,39.27,0,0
2.76,,2859.3472753740625,63.0,385,112,48.57,32.36,0,0
3.023,,2910.167810634714,54.7,243,69,,35.84,0,0
2.177,56.1,2812.9635522595595,48.2,167,76,48.24,35.08,0,0
2.651,,3042.849207239966,76.2,226,173,50.87,37.43,0,0
2.01,,3044.6047752313884,72.8,49,176,,34.95,0,0
1.958,49.3,3162.573915800266,73.9,27,166,44.3,33.93,0,0
1.471,59.3,2968.1949098514665,86.9,329,149,,36.66,0,0
2.138,,3159.988185916082,71.5,92,266,47.53,36.32,0,0
,,3097.936999248781,72.3,549,99,44.27,30.75,0,0
1.278,64.6,3368.884680782642,56.0,57,37,,34.56,0,0
2.493,54.3,3250.06739622998,86.2,449,71,40.34,40.08,0,0
2.257,,3223.8235091610336,68.4,142,56,,44.83,0,0
3.18,,3125.3523925008344,61.8,389,176,47.09,28.17,0,0
3.33,,2865.8661917000827,72.1,167,36,46.61,38.31,0,0
1.261,56.0,3043.9191026147687,90.0,186,37,,35.42,0,0
1.541,61.7,3337.133283565706,91.4,221,114,50.93,32.63,0,0
1.584,80.8,3076.0432112068806,60.3,941,243,48.67,33.29,0,1
1.613,,2876.733215465659,81.8,208,192,48.96,31.24,0,0
1.681,56.0,3050.395420185198,73.4,337,123,,29.55,0,1
,62.4,2851.559274888779,79.9,169,198,44.39,99999.0,0,0
1.319,60.1,2871.570870196981,72.8,208,79,,42.13,0,0
1.431,62.9,3061.9348893131782,76.1,174,266,41.6,36.41,0,0
1.368,,3110.9318886821093,83.2,95,35,48.66,35.69,0,0
2.394,61.2,2880.3117044839,52.5,304,51,45.6,32.51,0,0
1.949,,2916.0665297666737,73.6,264,156,50.26,31.28,0,0
1.807,68.9,2786.043736324773,58.3,184,160,,35.09,0,0
1.326,54.6,2980.6058984195993,65.4,258,247,53.26,30.88,0,0
0.717,,2708.0959021708723,70.0,175,68,47.64,39.49,0,0
,,2955.128249751258,59.9,222,203,,32.69,0,0
1.769,,3011.9365530944415,64.2,605,116,43.23,31.63,0,0
,,2736.6315923990974,56.0,163,45,,44.0,0,0
2.618,,2848.911312444212,64.1,259,36,43.8,40.2,0,0
3.463,50.7,2990.986248351047,75.1,498,82,39.84,30.22,0,0
10.998,,3013.3692924589677,86.2,259,308,,35.24,0,1
2.127,57.0,2977.445560873719,62.3,117,31,50.65,34.22,0,0
1.522,,3043.201934425509,83.3,411,142,,34.36,0,0
1.219,,2749.2475629846704,75.8,73,154,,33.16,0,1
2.896,,3106.29901009131,84.3,691,81,44.77,40.35,0,0
2.212,58.5,2952.190886495692,52.3,462,94,54.97,35.84,0,0
2.493,62.8,2910.5704046868464,73.1,210,195,48.43,34.85,0,0
2.652,,2720.2716792464093,76.1,250,143,39.64,32.57,0,0
9.69,,2754.6115642926347,84.4,258,395,21.36,46.68,0,0
1.623,57.7,3076.8045384867455,94.1,285,111,,32.5,0,0
2.81,,3021.235820314885,63.6,346,112,43.12,31.5,0,0
1.841,,3025.6219281401236,75.4,324,118,,29.96,0,0
,65.9,2949.1434503879655,79.3,91,47,43.7,39.31,0,0
7.521,91.3,2315.6224914929808,96.7,298,220,,30.21,0,1
1.953,,2833.8808007825296,83.9,337,121,46.61,33.5,0,0
0.546,68.7,2999.285094196052,90.0,568,157,,40.27,0,0
,,2926.33477219846,58.9,251,146,,37.36,0,0
,54.3,2831.280119793893,71.2,227,126,50.97,30.68,0,0
0.535,,3113.207885892819,79.2,233,97,,29.17,0,0
1.165,68.3,2763.7499857212015,53.7,232,155,47.48,36.22,0,1
3.619,58.5,3078.6428398268654,80.6,242,154,,36.9,0,0
2.186,52.5,3088.0722213804615,87.1,147,93,45.24,29.83,0,0
2.003,,2920.9141754874286,82.8,256,93,58.06,32.9,0,0
,,3154.5613446306793,74.4,221,25,46.77,38.41,0,0
1.175,,2917.748983187248,85.4,176,300,,41.28,0,0
1.844,58.9,2908.326596773095,73.6,258,135,,99999.0,0,0
2.78,49.8,2819.946714071177,56.8,370,172,47.85,35.23,0,0
1.987,,2998.733482718631,64.8,204,218,45.16,33.2,0,1
2.488,64.2,2856.201338487227,67.4,337,26,46.06,40.95,0,0
3.413,,2881.253063567724,69.4,259,89,44.4,37.22,0,0
1.536,61.9,2990.1938687864795,69.1,134,83,47.84,31.64,0,0
,75.8,2671.520202631797,96.2,156,515,31.77,38.61,0,1
2.804,55.7,3188.390044767535,72.2,505,48,,32.2,0,0
1.254,,3139.654927801554,85.0,182,217,,31.19,0,0
2.142,,3082.64883620519,72.1,574,115,,33.21,0,0
3.498,64.2,2978.0175574438613,76.3,379,113,35.25,31.56,0,1
1.728,,2939.3976068730635,48.1,325,156,45.67,31.38,0,0
2.855,,2996.0111214991084,71.3,413,25,41.41,29.4,0,0
1.887,59.0,2916.557646500322,80.9,154,104,,32.21,0,0
3.44,,2894.8604692986446,82.5,357,174,,32.87,0,1
,72.8,2988.1810278852727,81.5,696,240,47.78,29.59,0,0
2.052,,2868.242460881788,73.0,176,132,50.02,37.16,0,0
,65.5,2877.4611851341087,74.1,460,163,,27.93,0,0
1.439,,3143.2311133447083,63.3,226,161,,33.48,0,0
1.435,,2793.0481362063865,78.5,250,99,,37.64,0,0
1.786,53.9,2844.0333592693028,63.3,258,125,,39.53,0,0
1.049,70.6,3190.991073978,76.8,84,77,38.49,32.7,0,0
1.943,,2941.1791185544894,70.4,82,189,,39.05,0,1
2.368,53.5,3206.4039019109664,70.1,378,53,,33.53,0,0
0.774,60.9,2824.8952318762435,80.0,169,61,,44.02,0,0
1.492,,3011.067325612925,75.6,236,55,46.48,29.16,0,1
4.033,,3115.7740824598045,72.8,490,80,46.02,30.97,0,0
2.263,61.9,2864.104269774768,65.0,178,68,49.99,35.64,0,0
0.546,,3251.149922356869,86.0,125,92,,29.95,0,0
,61.6,2941.447532554312,73.3,437,109,55.05,32.17,0,1
2.181,,3076.363492644111,77.5,493,170,40.34,36.81,0,0
2.081,53.8,2898.2918081123244,70.8,260,107,,35.76,0,0
1.53,,3223.742077465888,63.1,181,86,42.53,34.86,0,1
3.755,,3045.503956542898,73.5,410,76,,34.9,0,0
4.095,70.5,3314.5919850940913,64.0,277,202,46.08,25.16,0,0
1.788,,3176.860801692713,74.4,135,117,46.67,35.59,0,0
2.698,61.4,3125.554934053866,37.3,227,181,47.05,32.46,0,0
,,2856.732443590607,66.0,115,31,,33.52,0,0
2.845,,3012.5781170925534,69.9,242,69,46.63,28.64,0,0
1.488,68.9,2952.4984024130144,60.5,406,173,51.55,37.69,0,0
3.552,61.4,3003.9340887658814,73.6,430,60,39.0,37.21,0,0
1.945,62.2,3022.158116700274,65.8,161,178,37.26,30.34,0,0
2.338,55.4,2864.8953795152015,69.9,102,43,,35.72,0,0
2.002,,2976.515630948983,64.5,341,54,,41.59,0,0
1.888,,2985.541675350648,79.7,173,85,,35.56,0,0
2.223,,2848.4657386669273,75.5,320,61,45.96,26.94,0,0
1.051,,3120.062577495329,73.0,119,60,,99999.0,0,0
0.423,,3033.372781991452,70.6,265,200,48.68,35.51,0,0
1.829,68.1,3121.987981487719,95.3,238,59,,43.46,0,0
1.296,64.0,3073.082781042765,68.4,313,143,,-9999.0,0,1
2.438,47.6,2742.956176668221,63.0,166,162,49.04,34.41,0,0
2.347,68.0,2875.0042266121127,58.3,132,75,41.08,30.73,0,0
,54.0,3247.981697245284,79.1,87,57,42.78,38.52,0,0
,,3117.763365112989,86.3,120,75,49.69,33.53,0,0
1.995,,2756.7541147227907,61.5,319,249,39.08,24.07,0,1
0.833,,3070.501654879273,67.2,179,235,41.64,33.43,0,1
1.821,,2875.21276180789,66.4,170,198,41.15,-9999.0,0,0
,,2685.5265767624455,68.8,425,261,49.67,36.55,0,0
0.493,,3248.5813502822975,52.3,261,146,41.66,35.73,0,0
,,3011.2988726920366,78.1,70,80,49.17,37.63,0,0
2.46,71.2,3032.5467571470567,81.9,541,172,,34.51,0,0
4.122,71.1,2811.4843323741966,51.0,103,211,,35.34,0,0
2.967,,2827.0293755503217,87.6,730,72,46.51,35.05,0,0
2.106,,2761.2544206900016,86.2,377,222,50.27,33.34,0,0
2.417,,3212.5464122540393,39.3,133,91,47.84,37.27,0,0
0.482,,2753.500703349413,48.3,290,57,,38.39,0,0
1.16,68.4,3242.517745248114,68.7,728,66,45.95,34.83,0,1
2.521,,2851.985436774993,83.2,253,94,46.03,33.03,0,0
2.129,63.8,2815.818111984026,72.9,105,145,,30.67,0,0
2.231,,2991.6941494540324,70.2,311,101,,36.42,0,0
,61.9,2897.3685942476004,75.7,180,142,56.04,30.99,0,0
1.996,,3014.5943307609114,61.9,276,312,,35.64,0,0
2.082,57.0,2868.426520890978,82.8,112,24,48.87,35.52,0,0
1.155,,2952.977587543135,69.0,142,128,,39.27,0,1
1.817,,2886.2410239316,53.7,243,111,,40.55,0,0
1.005,,3129.183858519947,62.0,242,84,47.97,22.85,0,0
1.504,,3076.893448708571,73.7,456,17,,34.19,0,1
,,3037.1578832158552,67.1,691,78,41.01,26.6,0,1
1.855,67.8,3158.0321134351757,66.1,104,166,38.85,39.65,0,0
2.477,,3039.4769286481983,72.0,189,134,47.71,34.91,0,0
2.092,65.8,3026.819913289433,73.6,185,179,52.58,39.61,0,0
1.692,,2982.006941222304,57.7,235,103,44.52,36.03,0,0
1.193,62.3,2892.562777770164,82.2,46,21,,29.6,0,0
,59.9,2892.8936466845803,68.7,154,60,55.23,31.13,0,0
2.147,66.6,3022.0681261268364,74.2,73,38,49.58,34.46,0,0
2.464,66.0,3152.6860188451583,71.0,305,209,,37.28,0,0
,61.2,3085.5545615954916,65.9,307,25,43.15,35.23,0,0
2.52,63.2,3084.692724265583,79.1,382,141,54.72,35.71,0,1
0.784,66.5,2834.076580614514,70.8,604,318,43.35,33.57,0,0
2.693,65.2,3078.424779385,70.7,307,22,43.87,39.52,0,0
,,2940.1188811423876,45.1,402,64,,35.58,0,0
2.787,,3026.3604939881257,78.2,658,138,,35.19,0,1
,67.2,3082.802230474309,68.3,185,56,,-9999.0,0,0
0.504,,2826.568920021936,77.5,186,39,,33.34,0,1
2.59,,3023.6105573234686,86.4,197,61,,33.6,0,0
2.796,66.2,3035.439350050014,78.2,444,88,50.84,36.93,0,0
,,3149.7952145290005,70.5,807,90,,38.11,0,0
1.385,,2922.4686810044386,67.1,210,113,46.47,38.52,0,0
2.144,,2990.817850824472,95.3,256,4,,34.22,0,1
2.556,53.8,3025.4946423054175,74.8,243,201,,35.49,0,0
2.589,,2922.4821104045973,72.1,349,57,45.3,32.57,0,0
2.328,59.1,2919.7428368251976,68.2,529,199,53.69,99999.0,0,0
9.146,,2905.583047212514,92.7,653,345,29.94,41.22,0,0
2.79,,2980.841545051194,50.5,228,119,,35.89,0,0
5.363,,2889.731342165251,78.9,155,527,34.88,40.42,0,1
,66.9,2986.188686083125,62.2,289,207,,35.5,0,0
1.373,57.5,3073.1309989891183,68.1,238,197,52.04,36.2,0,0
1.418,57.3,3004.738932896437,68.9,395,56,46.1,33.91,0,0
3.092,,2953.871034729501,84.3,171,222,,27.58,0,0
,66.1,2996.370344695139,62.3,150,19,48.18,32.31,0,0
1.984,67.7,3115.4018415465166,72.6,292,119,45.7,35.18,0,0
1.841,68.5,2991.979884639181,75.1,174,84,42.76,32.24,0,0
,,2975.859820600687,56.2,661,199,46.38,36.94,0,0
,,2964.7839950332714,55.2,337,92,37.95,29.14,0,0
1.047,59.9,2850.977978954809,62.8,191,232,,27.25,0,0
2.127,64.1,3156.0135235783655,72.4,324,121,45.44,37.78,0,0
2.948,60.8,2932.959589370045,71.2,691,136,52.19,33.75,0,0
1.216,,3220.4114294524898,68.8,119,99,,36.39,0,0
2.191,51.0,3036.7058996084284,76.5,150,55,49.92,32.92,0,0
2.798,60.6,3210.882808376872,61.4,74,59,39.84,37.26,0,0
2.176,67.1,2970.0085964663813,68.3,296,22,47.2,40.43,0,0
1.581,,2890.02336361115,68.9,332,55,42.56,40.71,0,0
2.008,,3156.484153333987,61.7,535,100,,-9999.0,0,0
2.766,,2915.8478675868323,93.0,248,124,49.82,33.31,0,0
2.21,,3192.830522802049,48.4,245,103,48.63,35.68,0,0
,63.6,3086.8070624754805,82.4,613,192,51.13,42.48,0,0
2.925,64.8,3219.6693768356645,78.0,225,50,40.36,30.39,0,0
2.412,56.0,2853.529230232335,78.1,125,87,41.91,30.42,0,0
1.038,,3143.476632193084,71.0,153,41,52.03,38.48,0,0
2.505,66.4,2888.5879247924695,83.3,727,71,,32.34,0,0
2.76,52.8,2640.536257458366,65.5,588,23,45.94,37.64,0,0
1.01,,3134.387504734891,73.9,166,163,,32.66,0,0
0.185,,2999.0397095255844,70.7,390,36,50.69,36.41,0,0
1.166,,3144.3621081255287,67.7,166,65,,32.96,0,0
,,3013.80194870265,71.2,798,71,48.43,30.98,0,0
2.808,65.7,3003.2212823643727,60.5,183,77,,35.59,0,0
1.287,,3224.6555203006887,63.4,129,80,,30.15,0,0
2.444,,3017.744033155269,85.8,198,177,45.2,36.83,0,0
,,2928.674964858337,98.8,966,117,,34.06,0,0
2.144,78.1,2986.743732646156,75.2,311,83,42.87,29.56,0,0
1.675,,3023.6457830138247,78.3,131,367,,36.2,0,0
3.679,,2573.3020319351317,72.5,364,137,51.91,36.12,0,0
0.486,64.6,3073.6657744706577,74.6,110,97,,25.59,0,0
1.988,,3203.8356801693094,75.4,491,365,47.54,34.8,0,0
0.481,59.4,2992.6516817687225,80.4,417,100,,35.04,0,0
1.56,70.9,2936.8863511880854,85.4,448,76,,35.37,0,0
0.639,,3058.1651278004088,61.2,293,112,42.83,27.72,0,0
3.841,64.5,3261.532108640954,98.3,338,49,,36.41,0,0
,67.4,3070.3792293204574,71.4,355,22,,37.05,0,0
1.831,,3032.1560471474863,71.4,279,31,48.53,31.25,0,0
1.966,61.4,2941.413112699303,65.9,323,143,47.33,29.4,0,1
1.094,67.7,2839.575539292019,65.9,108,39,53.66,31.08,0,0
2.844,61.2,3003.511137441105,76.2,134,135,,35.52,0,0
2.512,,3006.2365140930215,76.4,302,119,54.99,30.05,0,0
2.734,71.0,2710.1854100420614,75.7,123,151,48.55,29.59,0,0
1.026,,2890.982453083871,65.5,230,128,,43.4,0,0
2.908,,3173.8291892641228,43.0,117,70,,34.98,0,0
,54.1,2961.2895635330065,52.0,515,382,46.79,33.76,0,0
1.814,58.9,2631.6261402354085,70.1,92,70,47.8,32.32,0,0
2.716,59.4,3240.1763021106817,73.4,261,78,,33.31,0,1
2.218,,2866.273638350412,65.8,81,72,46.99,42.21,0,0
,,2929.4599056889215,63.1,69,39,,38.27,0,0
1.854,,3159.3381182652834,73.0,198,73,,44.55,0,0
1.615,,2888.6889825551607,68.9,485,205,47.31,36.57,0,0
,67.3,2704.505914772045,65.2,271,56,,31.18,0,0
2.817,,3032.6348294946592,53.8,237,198,50.8,36.08,0,0
0.687,68.0,3119.526323212002,61.6,76,166,50.37,37.19,0,0
1.645,,2929.6334102767287,79.3,81,219,48.18,37.46,0,0
1.343,57.8,2981.5734280062384,60.4,334,30,48.65,33.23,0,0
1.377,,2823.030563768789,76.6,307,170,,42.22,0,1
1.342,,2850.6804627711326,83.9,518,101,43.13,29.92,0,0
2.055,,2951.7484050154667,62.1,547,54,45.74,36.36,0,0
2.419,65.5,3097.2918343594597,65.6,926,50,,33.83,0,1
2.279,61.6,3014.6662114494698,79.9,314,105,,31.89,0,0
2.149,,3153.0073948647837,82.3,608,90,,35.99,0,0
2.497,,3248.0416462646904,63.6,809,173,,40.03,0,0
3.904,63.9,3132.985825522197,53.8,249,181,42.9,36.62,0,0
2.109,48.6,2761.5054837128973,82.5,317,192,49.86,36.09,0,0
2.817,,2957.4332946348304,75.8,152,91,47.89,26.92,0,0
2.771,65.4,3131.5493476907363,74.0,369,174,54.93,38.68,0,0
3.422,,2982.068258146406,79.2,140,100,,33.38,0,0
2.448,,2757.0988696215613,58.1,182,77,,37.14,0,0
1.325,56.6,2917.2031618303754,73.9,568,181,,38.68,0,0
2.244,67.3,2659.132242435361,67.1,195,178,,35.77,0,0
2.201,,2958.3756563433526,76.0,403,42,41.88,27.0,0,0
2.652,68.3,2897.2618088256054,78.0,406,170,43.06,40.67,0,0
1.301,71.3,2945.903111845797,79.8,63,54,,42.22,0,0
3.013,61.3,3177.2212757116204,76.0,430,130,43.68,38.25,0,0
8.446,80.6,2892.0826767165086,100.0,209,278,30.54,47.24,0,1
2.672,68.2,2892.2676253172576,72.8,171,112,,39.92,0,0
,63.0,2828.7356358726083,73.7,296,112,44.3,33.87,0,0
,,3160.700411931192,63.8,214,159,40.28,34.73,0,0
2.187,68.3,3169.685583000751,66.3,436,102,39.17,39.79,0,0
2.538,58.5,3054.0112898816355,74.0,378,173,44.88,37.59,0,0
,,3046.243440395729,76.5,691,147,46.83,25.59,0,0
0.386,,2819.9492661759423,63.5,277,209,,35.83,0,0
2.432,,3029.878348021751,59.2,247,114,,39.74,0,0
,,2831.7134379722193,53.2,960,45,38.51,29.55,0,0
1.858,63.7,3006.1790931279415,57.4,466,134,46.58,38.91,0,0
0.109,69.6,2948.4977248351233,64.6,243,63,49.74,28.32,0,0
2.464,60.7,2910.8749675529893,65.5,697,26,40.29,34.14,0,0
1.9,,3004.2453538589966,67.2,335,104,,37.17,0,0
1.332,,3101.5892851227964,57.9,194,283,50.33,33.99,0,0
,,3266.3185377150066,51.9,167,99,45.15,39.71,0,0
1.766,78.3,3082.6477406467334,71.3,270,161,,29.34,0,1
0.606,,3341.698470765683,71.3,313,98,47.52,38.26,0,0
2.071,66.3,3030.138755553533,76.2,278,211,44.23,35.21,0,0
2.464,,3267.5830994878233,78.2,310,237,,31.59,0,0
1.561,69.6,3065.337613149142,73.9,437,107,,99999.0,0,0
2.209,61.8,3035.9684372642405,71.1,185,185,40.47,34.72,0,0
2.086,61.3,2974.765800693741,78.8,95,35,39.55,40.92,0,0
2.836,,3044.865143655316,84.2,138,77,43.23,37.33,0,0
1.917,,3064.7367748384745,63.2,373,157,48.85,36.65,0,0
2.641,60.5,2787.3820809221074,77.7,182,71,,32.31,0,0
1.749,65.3,3105.0081080741234,63.8,297,101,,35.59,0,1
3.574,52.7,2777.4009281004746,72.2,176,41,,32.7,0,0
1.651,,3105.175703050975,80.7,193,269,51.53,34.75,0,0
,,3089.8430146675432,67.3,318,199,46.15,39.98,0,0
1.92,63.5,3213.187128863723,60.5,384,63,48.55,33.86,0,0
,48.6,2870.684626811881,65.4,289,45,53.47,29.22,0,1
,63.3,2851.9346102911486,60.5,360,157,43.18,36.98,0,0
2.582,55.7,3166.088782489686,59.3,109,70,,38.15,0,0
,,2838.7741114070236,82.1,244,79,,41.36,0,0
1.426,52.6,2824.0150038072816,75.3,213,532,42.24,38.46,0,0
0.927,,3031.292686410391,62.8,392,61,,33.91,0,1
2.114,,2992.9962685563014,60.2,173,125,43.49,36.04,0,0
,60.4,3023.3033003300347,60.8,93,107,,36.56,0,0
8.195,86.7,2742.465299653434,84.3,91,193,,42.9,0,1
,50.8,3081.4965461962934,81.5,274,199,,25.1,0,0
0.694,,2988.31907095449,68.9,338,103,41.81,32.71,0,0
2.152,61.4,3007.2229929785426,91.3,314,93,40.13,36.91,0,0
8.846,81.2,2683.042140878553,79.3,219,171,25.78,40.98,0,1
7.724,91.7,2795.062550154469,71.2,204,173,32.38,37.77,0,1
0.825,68.6,2791.882664399228,79.3,326,144,47.93,33.34,0,0
,,3113.4584940120367,53.3,151,110,46.07,34.05,0,1
3.202,,3157.355006848296,71.9,229,38,46.94,34.46,0,0
1.342,,3095.614383250393,57.9,276,54,44.26,38.42,0,0
1.578,,3084.0754853750427,48.2,646,105,49.94,32.05,0,0
,,2851.409827432595,68.8,68,25,48.91,38.46,0,0
,,2787.711311250122,78.3,188,77,46.5,-9999.0,0,1
1.787,,3124.633916648172,72.1,234,137,46.82,33.43,0,0
2.713,61.1,3004.2852659203418,70.9,571,134,44.14,33.28,0,0
,,3025.4298574692,44.0,312,135,53.78,35.63,0,0
1.6,60.1,3032.173742932113,68.5,468,195,,32.65,0,0
1.099,,3038.5579148845854,68.5,70,111,,34.65,0,1
1.381,,3096.9811101782607,76.2,513,80,,29.12,0,0
2.949,,2985.685759263049,59.4,136,63,44.44,-9999.0,0,0
3.124,48.8,2714.23597872416,78.3,346,91,,41.65,0,0
2.206,,3103.260827137332,64.9,278,186,,32.31,0,0
2.426,,3086.6319939620034,67.0,158,88,,28.42,0,0
2.404,,2805.8033156803854,75.3,70,103,45.0,38.68,0,0
1.462,,2825.0929885072023,58.1,458,260,45.48,33.33,0,0
,,3132.4486909904044,78.2,348,83,,32.33,0,0
,59.0,3167.8610432891574,56.5,405,110,46.7,34.51,0,0
1.233,,2600.453905325964,76.6,370,55,,30.12,0,0
1.931,69.4,3066.126458981922,67.6,80,52,47.62,36.93,0,0
1.151,,2966.9030474345095,68.5,195,75,,29.94,0,0
0.982,,3011.124634811917,39.3,351,225,49.95,30.26,0,1
,,3019.6916698135606,64.1,108,153,48.63,30.21,0,0
,,2885.6785909593564,67.9,256,118,,35.66,0,0
3.246,68.2,3097.9005402753546,85.5,179,86,,27.75,0,0
1.974,,2896.777584194053,69.6,472,19,43.02,43.35,0,1
2.466,66.2,3112.05192112001,63.5,367,43,45.37,33.5,0,0
1.549,,3145.354373078268,78.3,226,75,,26.54,0,0
0.347,,2869.1761524430667,64.9,232,188,46.03,30.76,0,0
,64.1,2872.842095683625,80.3,289,49,50.39,37.4,0,0
1.753,57.9,3017.048330412961,72.6,549,127,44.7,40.39,0,0
2.113,,3225.548490956425,61.0,172,147,,35.65,0,0
,,2911.0936463772478,79.4,157,123,,35.34,0,1
,63.2,2939.520530286466,76.0,231,357,,28.88,0,0
1.54,54.2,3048.160821330678,79.0,306,97,42.5,40.96,0,0
2.275,,3098.517063384431,68.2,58,66,47.53,37.22,0,0
0.909,,3079.045099654351,76.0,43,69,,36.28,0,1
2.642,,3004.844042801698,89.2,524,299,,35.07,0,0
1.531,55.1,2954.1721537934177,71.7,384,44,,37.12,0,0
3.654,,3049.7734209978817,66.0,81,161,38.67,31.8,0,0
,,2519.914511015408,85.4,291,67,38.96,38.76,0,1
1.616,,3280.3880746602126,76.7,131,83,,38.21,0,0
1.55,,2972.1291123913525,65.5,254,44,35.08,34.61,0,0
,57.3,3027.344662179301,87.4,212,164,53.59,33.91,0,0
2.486,,3314.9069716774325,58.0,104,9,46.48,26.37,0,0
1.966,,2888.8033658535473,75.3,369,222,,28.07,0,1
2.79,64.8,3349.817655241528,81.5,300,29,,37.18,0,0
2.372,54.5,3110.9491636431044,80.7,998,51,,38.62,0,0
2.025,58.9,3066.980995422377,61.0,160,58,,39.28,0,1
2.298,59.2,3096.5848042261723,57.6,608,178,,29.61,0,0
2.957,,2873.7772511469593,72.3,588,204,50.88,44.17,0,0
2.525,,2752.656497150869,77.0,175,181,47.56,39.0,0,0
2.224,,2822.9304477248115,59.2,266,78,43.99,32.71,0,0
2.338,59.4,3163.112471093823,73.0,630,293,43.57,35.65,0,0
1.078,,2859.6642704783317,55.4,178,147,43.64,28.21,0,0
4.057,55.8,2751.885244911549,80.6,216,137,41.94,32.53,0,1
,,2988.1025037367676,64.3,634,179,50.45,37.15,0,0
2.502,,3086.205349623067,68.4,292,86,43.93,35.25,0,0
1.977,66.6,3005.797692730414,78.6,267,169,51.41,41.97,0,1
0.162,60.5,3090.958054542389,77.7,272,122,42.69,29.08,0,1
,,3173.2520066340658,74.7,263,233,43.6,34.53,0,0
,,3085.6917873708157,80.3,127,35,44.19,30.45,0,0
1.342,,2976.892078834843,74.1,255,87,42.4,41.14,0,0
,,2918.3523492530176,84.5,491,37,43.65,36.06,0,0
1.729,,3115.620692289717,52.9,186,269,48.2,35.03,0,0
2.617,57.9,3041.29714995076,69.4,502,155,,34.47,0,0
3.005,62.4,2870.885022450782,69.0,320,142,,31.49,0,0
2.137,58.2,3195.327330973146,67.8,166,129,41.24,39.79,0,0
1.546,,3039.324472572548,75.0,189,140,43.6,35.68,0,1
1.71,,3097.9370214510163,72.1,610,112,,35.98,0,0
2.08,,2941.197219800222,78.2,277,260,,37.33,0,0
,,3169.6072671829543,58.2,230,209,49.94,31.55,0,0
2.348,,2762.1962596992594,92.9,440,63,50.86,42.98,0,0
1.649,68.2,3251.3246244016195,66.1,29,96,43.16,41.28,0,0
,85.0,2794.198149427895,85.0,461,196,34.2,43.6,0,1
2.36,,2793.506720165617,67.9,465,166,48.29,33.8,0,0
1.684,,3037.7745356769533,70.8,273,123,44.16,99999.0,0,0
0.624,60.4,2920.3865800791937,64.7,302,57,,39.48,0,0
,64.5,2950.750215409696,72.1,178,92,,42.0,0,0
3.254,,2920.3364428746045,75.8,199,67,44.42,37.58,0,0
0.645,,2882.5386916517364,46.0,379,139,50.02,35.55,0,0
3.054,,3047.5466181574316,66.7,217,58,,35.55,0,0
0.617,,2992.715736185191,66.3,318,121,46.44,27.48,0,0
1.381,,3132.725100878788,93.2,232,96,48.71,33.28,0,0
1.7,,3012.025774843507,78.6,400,84,52.81,36.44,0,0
,,2937.47765395328,85.0,104,178,,25.97,0,0
,,3116.17022831948,75.6,462,119,,35.72,0,1
1.829,63.4,2725.164364409142,70.8,277,30,50.77,31.75,0,0
1.252,,2612.739123354846,73.6,454,95,,41.31,0,0
2.418,66.2,2761.826678752043,81.2,123,295,,33.86,0,0
1.59,,2948.4717344842406,87.5,486,40,54.21,33.95,0,1
1.817,,3058.720217727082,73.0,128,87,,34.45,0,0
,,2599.323197558842,63.8,409,152,39.86,34.98,0,0
2.576,,2998.258468223818,79.2,345,103,,38.17,0,0
2.609,,2946.8133296886954,61.5,167,79,,-9999.0,0,0
,,3020.5443165809015,73.9,448,121,52.12,35.09,0,0
1.498,,2713.862700336904,76.8,170,154,46.67,38.2,0,0
1.419,,3392.289998593817,68.9,230,70,40.72,35.03,0,0
,,3004.8760540164476,61.0,151,91,,37.62,0,0
2.725,62.1,2817.4231866753644,65.5,211,70,,33.22,0,0
2.157,,3019.416193614499,66.8,284,191,,36.4,0,0
0.247,56.5,3224.2260189591166,59.5,164,36,44.21,40.24,0,0
2.608,57.5,2807.002590926709,66.1,264,78,,37.41,0,0
,,2775.7796060159876,55.5,425,75,,27.52,0,0
1.428,,2982.2940190458603,75.9,113,106,,37.22,0,0
2.159,,2995.0945785709782,73.3,161,111,52.77,30.38,0,1
,69.7,3022.832273394199,96.7,318,181,,41.76,0,1
2.698,,3221.293927397752,66.1,95,140,53.37,36.97,0,0
1.511,,3117.0001248096037,67.5,440,91,49.98,31.12,0,0
1.227,,2791.8469725632644,61.7,617,152,,30.56,0,0
1.751,,2839.343724692169,75.1,254,108,48.54,34.99,0,0
2.782,,2880.2549025553913,56.4,204,59,,32.55,0,0
2.504,58.5,3116.651320718595,70.8,263,76,,28.48,0,0
2.07,52.2,3091.0059150083025,63.7,228,84,47.57,37.22,0,0
3.061,,3189.2305476325814,87.6,499,220,,38.94,0,1
2.916,,3083.717031017857,75.3,238,31,,38.62,0,0
2.631,,2905.8793274326863,70.0,412,66,48.8,31.41,0,0
1.058,69.7,2970.4798983997066,58.9,266,92,,36.64,0,0
2.627,65.4,2780.7867380107987,56.4,144,141,,33.02,0,0
1.838,,3094.2216330573383,75.0,478,163,,29.93,0,0
1.684,59.8,2906.091023111923,88.0,456,111,47.93,32.01,0,0
1.454,,3183.644742728437,74.1,156,109,44.08,23.72,0,0
,,3090.044547023105,71.8,229,43,53.01,30.77,0,1
,,3290.699928937367,71.9,397,134,,29.13,0,0
,,3062.9693865122576,71.0,244,94,,35.81,0,1
1.862,63.8,3060.1609875379986,72.0,450,142,41.22,36.17,0,1
,,2972.622255981763,63.1,217,244,47.63,28.24,0,0
2.443,54.0,2942.313629636732,60.3,158,114,48.35,38.31,0,0
1.765,,2961.20222382206,71.1,505,201,39.66,32.57,0,0
,64.7,3149.8722037113394,84.9,88,118,,30.72,0,0
9.567,,2769.8976160418433,97.6,432,425,29.31,42.85,0,1
2.617,,3009.499080400484,57.7,147,82,,31.8,0,0
2.063,,2750.050294063295,67.4,345,50,44.78,34.44,0,0
1.859,,3055.9462723341453,77.3,689,85,47.94,38.98,0,0
2.938,,2931.22055764162,85.2,57,124,48.13,34.58,0,0
0.969,,3075.5432948251555,87.9,164,198,,33.74,0,0
2.045,,2888.6252775502744,67.9,374,111,47.97,37.32,0,0
1.229,70.6,2961.453236499889,78.2,164,96,45.45,35.56,0,1
2.525,66.4,3094.8534172324617,72.5,420,83,41.27,28.98,0,0
0.219,,3018.8821917083583,68.8,476,296,37.83,33.25,0,0
2.643,,3231.419000392683,70.6,155,312,,32.7,0,0
2.61,72.5,2927.7680803424046,70.7,592,142,49.16,34.4,0,1
1.262,58.0,2914.801846639469,81.8,561,115,,33.1,0,0
,,3185.5187715155444,56.0,135,144,50.24,31.77,0,0
,59.5,2944.9220200564237,74.7,227,55,51.56,40.86,0,0
2.342,64.4,2938.017259457294,85.4,271,120,,34.82,0,0
2.656,,3057.4652259509244,84.3,252,182,45.34,36.91,0,0
1.196,63.5,2975.421920975514,75.7,168,90,50.1,34.53,0,0
8.985,,2486.4312602117398,99.4,147,55,,44.9,0,1
2.877,,2896.05064009535,77.8,271,129,,34.64,0,0
3.553,,3204.348742352203,83.2,463,180,46.34,38.89,0,0
,60.9,2977.403490583731,64.8,220,212,42.75,23.52,0,1
6.838,,2508.4447212049477,91.7,405,607,22.6,43.34,0,1
1.734,66.0,2955.4674621396102,67.9,419,148,37.73,36.04,0,0
2.144,,3053.2382248129707,63.9,183,109,44.83,36.22,0,0
2.281,,3219.1926029606175,66.8,153,38,,30.66,0,0
1.854,57.7,2974.6321281620476,71.3,97,36,45.65,32.11,0,0
3.08,,2870.580855995088,60.8,308,93,,30.83,0,0
2.141,51.3,3287.830388140076,59.2,469,151,,36.95,0,0
2.244,,3020.3326446613887,61.1,363,137,43.38,38.62,0,0
1.87,,2984.1108920218435,73.3,487,109,,28.42,0,0
,51.7,3010.7751896861946,55.3,242,116,50.26,35.82,0,1
2.975,67.6,2813.1810023473768,47.8,77,61,43.44,31.54,0,0
2.117,,2993.1891500746383,83.7,128,128,42.61,41.99,0,0
2.135,,3113.9411951438137,59.9,117,65,41.23,37.25,0,0
2.146,,3183.018037905844,68.1,391,57,50.57,33.59,0,0
1.708,,2946.26842542035,79.2,309,130,,34.46,0,0
0.874,54.7,3028.1930129274347,55.6,186,198,,40.19,0,0
3.258,,3185.696061816816,55.6,100,144,,35.23,0,0
7.608,,2416.6412037221153,73.6,195,387,,42.29,0,1
2.999,,3107.921209667946,79.6,335,54,42.39,41.07,0,0
1.142,65.1,3063.6466908956772,69.8,207,175,,38.25,0,0
,52.4,2900.358618181849,69.9,209,39,41.63,32.85,0,0
3.573,54.8,2862.5798124162634,67.0,319,41,43.5,37.4,0,1
2.836,,3158.89818529255,75.6,212,108,46.05,32.55,0,0
3.318,,2598.8051180762363,84.3,654,85,,32.44,0,0
2.638,,2899.706570615414,99.8,465,51,47.91,34.52,0,1
1.323,72.1,2790.704929636813,68.5,118,164,42.68,37.4,0,0
2.406,56.1,3159.119083049222,85.3,547,155,41.6,36.88,0,0
,,3204.7172208789116,80.0,238,66,,38.75,0,0
1.522,,2891.350108113269,72.7,365,60,,36.9,0,0
2.253,,3414.7354714731696,47.9,619,88,49.18,40.81,0,0
,,3206.582481355427,66.2,51,37,42.23,41.9,0,0
2.37,,3029.573295905479,66.6,443,66,39.84,36.21,0,0
,,3224.998427136175,73.6,505,94,45.64,33.65,0,0
1.877,,2903.740756026359,68.0,518,44,,34.28,0,0
,,2958.511389949075,64.4,408,36,,27.3,0,0
2.599,62.2,3069.481561414369,90.3,127,52,,35.08,0,0
2.651,62.5,2896.1922488975897,83.1,211,49,51.01,32.53,0,0
2.201,,2807.3534473352665,49.8,307,61,39.83,32.18,0,0
1.697,57.9,2859.3012085755586,67.2,99,155,48.7,34.85,0,0
2.401,,2970.497455352613,76.3,273,78,47.14,26.6,0,0
1.76,62.9,3070.397301713209,83.3,493,66,45.08,34.28,0,0
2.721,,2949.3164301080833,65.8,239,99,,35.82,0,0
2.342,,2754.023636388452,67.8,495,118,46.69,28.86,0,0
1.951,,3070.5480765876323,70.9,243,129,46.9,40.42,0,0
1.385,,3191.006121041854,76.6,310,105,47.57,36.77,0,0
2.896,,2901.0082814773527,54.6,288,118,,40.16,0,0
2.447,,3249.418589126501,49.8,119,49,41.42,36.74,0,0
,72.6,3130.3309713254635,82.5,176,30,,36.44,0,0
2.421,48.9,2841.8762910801797,60.1,350,55,45.99,41.09,0,0
2.488,,2902.8135845611137,91.2,472,187,43.55,40.26,0,0
,,2953.05300698658,61.4,145,138,41.99,42.77,0,0
2.248,58.9,2972.2084911194142,68.2,427,74,,34.5,0,0
1.747,,2634.243057337336,73.7,296,15,,31.82,0,0
2.661,,2887.0260942668456,48.7,251,196,48.3,30.37,0,0
2.268,,2916.9548507031577,98.6,146,100,48.57,31.09,0,0
2.788,63.2,3283.5839858041595,66.1,281,252,50.69,37.71,0,0
3.706,70.7,3034.0388439562616,61.6,345,154,,45.91,0,0
,,2880.2976929608903,58.3,480,120,54.54,41.03,0,0
2.757,63.9,2934.2203922996,73.6,108,49,41.76,34.28,0,1
2.547,,3063.763132817286,72.9,308,51,45.03,38.07,0,0
,,2943.306924715648,58.7,357,68,,32.79,0,1
2.564,60.8,2912.1980716342014,56.3,360,128,,33.04,0,1
,,2917.018724244746,80.6,287,97,52.92,30.86,0,0
2.681,65.8,3071.9595561562496,63.4,228,226,45.05,31.13,0,0
2.737,,2792.742747297474,52.8,29,94,,37.22,0,1
,,2836.965088608163,68.5,515,144,,40.93,0,0
1.344,,2860.853269428387,66.0,65,48,47.71,39.16,0,0
,,2834.385932370453,89.5,220,251,49.99,40.83,0,0
3.388,62.7,2876.4549183217914,64.8,334,51,,38.14,0,0
10.015,83.7,2959.350873103563,79.6,404,183,,42.61,0,1
1.932,65.0,3155.4533821110326,72.2,968,192,41.2,32.9,0,0
2.12,70.2,3040.756057908461,64.3,435,80,43.78,37.31,0,0
1.858,58.7,3032.2219164364697,74.4,664,81,41.16,28.28,0,0
3.265,,2899.5027091799952,59.8,362,48,52.3,32.58,0,0
10.275,,2669.4008403712555,76.9,198,365,,32.34,0,1
1.69,,3021.5777449869524,74.1,407,136,51.78,39.98,0,0
1.492,,3044.6604682149177,81.4,213,256,44.84,29.49,0,0
2.225,69.8,2898.948736857498,64.1,231,84,42.94,38.72,0,0
2.933,,2838.5892198082547,64.0,371,182,,36.55,0,0
2.111,,2808.9876627224617,85.4,245,43,,36.6,0,0
1.892,,3025.145355894838,64.5,549,149,44.02,33.13,0,0
1.444,53.5,3012.285624750096,69.4,424,150,50.89,99999.0,0,0
2.299,61.1,3179.1834479257773,87.1,225,227,49.65,37.0,0,0
2.255,,2879.183540986401,70.7,309,28,,38.54,0,0
1.421,,2956.809751315185,67.5,153,43,39.36,36.99,0,0
2.821,,3002.580088852656,68.3,165,147,47.18,34.42,0,0
3.365,,2917.521138243081,62.6,478,399,44.76,30.45,0,0
2.039,,3125.852386643654,74.5,275,57,51.62,32.51,0,0
2.242,62.5,3185.721914104281,60.8,150,152,,36.8,0,0
1.116,69.3,2834.1649371930084,77.8,353,133,46.57,31.84,0,0
2.59,59.6,2931.2875229384163,70.2,112,112,37.61,31.15,0,0
2.371,53.4,3198.683244318834,72.4,138,115,,29.21,0,0
1.739,65.2,3048.4745953139445,87.3,217,24,,37.14,0,0
1.405,64.2,3017.581769972433,55.5,313,214,47.62,37.06,0,0
8.617,,2785.017284310004,84.0,207,628,,36.25,0,1
2.306,56.6,3098.383416443338,76.4,227,65,,26.42,0,0
1.266,67.6,3058.3745695143375,63.8,286,110,,39.69,0,0
2.684,,3032.0392518855697,79.5,366,103,,39.45,0,0
2.184,65.3,3001.4362578324194,64.6,593,55,,39.83,0,0
2.047,,3202.2336460381166,72.9,69,76,,35.48,0,0
2.783,,2960.0573912680948,68.8,229,61,47.56,35.89,0,0
0.0,,3000.185552640304,71.6,182,164,,99999.0,0,0
0.554,56.8,3232.7990298261625,70.7,536,59,43.44,31.35,0,0
,55.2,3048.8589771896714,69.7,376,300,,31.52,0,0
1.897,,2990.012138949181,65.3,566,95,48.75,35.9,0,0
9.648,76.5,2680.4119403975965,96.7,527,295,28.26,43.3,0,1
0.93,64.0,3034.0934311359833,73.2,186,44,42.13,37.86,0,0
2.155,,2889.132716560531,70.5,697,54,41.68,33.57,0,0
2.254,,3036.7652437072225,63.1,298,186,43.79,29.13,0,0
3.153,,2878.6849046511306,73.4,258,17,39.41,29.31,0,1
2.298,65.8,3274.0158513901943,65.4,78,54,,31.95,0,1
1.758,70.8,3035.816542492802,85.6,354,101,45.98,37.9,0,0
,70.7,2859.268888439372,94.9,264,211,,32.92,0,0
2.888,,2941.105370745436,83.9,427,123,41.78,36.19,0,0
,,3113.9367375977563,83.3,130,160,41.17,28.31,0,0
2.497,,2836.3306448614517,78.1,206,120,,35.65,0,0
2.22,62.9,3408.069651922865,67.9,183,85,39.39,35.15,0,0
1.535,,2781.712073449148,51.0,653,159,,39.76,0,0
1.174,60.7,3138.8482321277074,59.7,244,253,48.29,35.62,0,0
1.047,,2927.0086193247816,63.2,130,122,43.66,38.05,0,0
2.315,,2878.6700547717624,82.1,53,57,41.95,42.78,0,0
2.399,,3080.6597986377433,72.6,370,17,,35.16,0,0
7.241,68.3,2699.6713842323757,76.2,396,258,23.79,37.78,0,1
2.449,62.7,3238.732927619229,51.5,141,222,,35.5,0,0
,60.8,2789.806218750705,93.2,257,28,,32.86,0,0
1.896,,3084.341771256311,75.3,529,80,43.58,34.57,0,0
2.617,,2958.7166224627094,79.1,294,240,41.21,32.97,0,0
1.199,,3044.441833220969,64.6,294,23,43.77,33.12,0,0
1.952,,3077.1142247198204,68.6,181,164,,32.71,0,0
0.535,52.7,2740.2572217226607,66.6,355,83,,33.79,0,0
2.025,,3035.1010599627493,70.6,370,76,,37.84,0,1
2.98,63.2,3163.3580091573053,88.5,175,61,44.98,28.19,0,0
9.238,,2941.4845666704555,86.2,215,71,24.12,36.96,0,0
2.577,,2944.6844251673065,69.6,402,128,43.1,35.48,0,0
2.219,,2787.9292732179542,73.6,288,138,46.93,40.54,0,0
1.544,62.3,3076.192556847478,68.8,295,103,,33.54,0,0
1.851,,3281.4160763092964,80.0,145,117,,39.53,0,0
2.944,,3099.280352835389,52.6,230,18,42.14,31.56,0,0
2.573,61.6,3173.657837569404,88.8,217,62,50.37,33.18,0,0
,,3139.952510915929,56.3,470,67,42.46,36.67,0,1
0.89,,2941.0381703088838,58.7,161,117,52.92,37.43,0,0
,,3013.5731994796242,65.5,325,65,,33.94,0,0
1.534,,3130.2784790245532,63.5,557,144,,35.89,0,0
1.858,,2763.0419774401266,74.2,316,162,,34.34,0,0
0.836,,3097.7614573763008,73.1,333,161,44.75,38.17,0,0
2.833,58.5,3188.837673251343,71.1,302,180,47.77,34.41,0,0
1.922,,2992.296110359977,55.8,290,123,,34.11,0,0
2.044,,3122.102967835279,68.6,343,81,,38.97,0,0
1.334,,2916.8442459579765,70.2,144,47,,35.84,0,0
1.778,,3005.735148426974,82.3,286,77,48.01,37.67,0,0
2.098,67.2,2959.0331486568184,72.0,189,62,46.45,44.99,0,0
1.509,64.0,3068.971903675019,73.8,225,74,51.02,27.06,0,0
1.827,,2984.3211586897382,89.6,524,159,47.25,30.89,0,0
3.109,64.6,2748.5730913578873,58.4,217,372,,31.29,0,0
0.6,59.2,2892.2808839911663,66.1,151,423,,31.59,0,0
,,3291.3762888536235,58.6,422,141,44.03,40.69,0,0
1.372,,3085.1302774137703,86.1,558,83,,24.33,0,0
3.069,,2685.31177742118,86.7,299,88,47.44,36.93,0,1
,,3181.1728127826354,85.3,566,23,41.04,28.87,0,0
,,2827.076796616754,75.5,251,61,49.09,35.1,0,0
1.828,,3134.0062214591253,73.8,384,96,,36.04,0,0
2.28,65.2,3193.83512618284,65.4,280,192,48.18,38.63,0,1
4.22,62.3,3015.253503563167,77.7,235,105,37.88,33.94,0,0
0.312,65.9,2850.46606664125,57.2,243,176,,34.31,0,0
1.041,67.7,2892.7254290171422,57.2,346,169,40.88,26.8,0,0
3.044,,3094.38872089445,65.8,486,69,44.83,44.12,0,1
0.793,65.6,2829.6773497561485,88.9,461,86,48.74,36.23,0,0
,60.2,2912.7160276536456,64.9,161,115,,36.76,0,0
,,3076.9340972833943,66.2,312,119,,39.29,0,0
1.488,,2902.3237904853795,72.9,141,326,34.48,34.73,0,0
1.862,,3213.1172073655976,79.0,272,61,,36.7,0,0
1.734,62.4,2844.2880841802844,82.5,534,189,47.52,99999.0,0,0
,,2506.7764903113575,58.8,650,100,41.12,29.1,0,0
3.063,,2883.2668848278995,69.0,310,204,41.65,37.12,0,0
2.341,,3046.518511963429,72.2,66,326,,43.3,0,0
1.811,,3129.499486830226,73.2,221,95,,41.99,0,1
,,2938.7417099196996,78.7,234,153,,41.13,0,0
6.191,,2982.9026196068203,84.9,154,235,28.38,49.02,0,1
2.801,61.2,2995.3670416784944,70.3,431,44,,29.96,0,1
,82.4,3295.023149159712,100.0,317,352,,36.5,0,1
3.222,59.3,3056.813842911696,79.7,411,46,49.67,31.35,0,0
1.507,,2926.084025617719,78.9,484,101,45.16,48.98,0,0
2.912,,3307.76476473033,64.7,141,131,41.46,35.98,0,0
2.563,65.9,3001.6812357576514,77.1,669,143,52.41,29.34,0,0
,,2688.7024846040354,82.0,228,67,,30.59,0,0
,,2791.9759859002315,64.9,340,172,44.32,35.43,0,0
2.241,64.8,3083.7355112458113,71.3,342,71,49.75,29.55,0,0
1.886,55.3,2733.4159163043746,85.6,206,231,45.42,42.47,0,0
1.878,,3074.7076626919015,74.0,138,228,54.72,38.16,0,0
0.78,,2883.004805841581,69.1,458,89,40.03,99999.0,0,0
,,3176.6574198008593,84.6,81,201,,99999.0,0,0
1.809,,3025.1269299816645,65.3,194,151,40.21,29.72,0,1
1.542,65.4,2754.4466386206855,53.0,344,126,39.65,36.4,0,1
1.315,,3137.133456899175,62.2,462,167,45.54,35.55,0,0
2.849,,3204.539632775145,81.4,329,135,44.2,29.87,0,0
1.917,,2808.475003548589,75.2,405,194,41.95,99999.0,0,1
3.733,70.5,2879.581697832282,70.7,134,59,,34.79,0,0
2.178,63.6,3075.3576273939434,80.6,140,189,51.19,37.95,0,0
,,3102.257234230238,71.7,181,132,,43.43,0,0
1.834,58.7,3352.9868457998346,67.8,221,73,,26.68,0,0
,72.0,3133.6362829817326,78.4,377,100,47.36,38.2,0,0
2.21,63.3,3360.117608445173,66.2,92,147,,32.21,0,0
3.036,53.4,3002.9116460898535,74.9,231,133,42.63,36.69,0,0
1.929,,3057.5440001490024,62.1,266,56,47.38,35.52,0,0
2.961,,2710.7359890319394,45.2,133,164,,39.54,0,1
2.651,62.5,2896.1922488975897,83.1,211,49,51.01,32.53,0,0
,,2953.05300698658,61.4,145,138,41.99,42.77,0,0
3.54,,3066.4489059174284,72.9,330,291,,31.57,0,0
1.547,,3254.408663036805,59.6,228,98,,30.02,0,0
2.341,,3046.518511963429,72.2,66,326,,43.3,0,0
2.127,64.1,3156.0135235783655,72.4,324,121,45.44,37.78,0,0
3.531,70.2,2931.595606464786,52.8,269,106,45.26,33.49,0,1
2.641,60.5,2787.3820809221074,77.7,182,71,,32.31,0,0
1.267,,2957.9627517110025,74.8,242,206,52.38,32.58,0,0
,,3013.5731994796242,65.5,325,65,,33.94,0,0
,,2506.7764903113575,58.8,650,100,41.12,29.1,0,0
1.665,67.4,3108.1087317677443,60.0,86,215,,34.24,0,0
1.536,61.9,2990.1938687864795,69.1,134,83,47.84,31.64,0,0
0.476,55.6,3259.7475651064324,71.4,206,66,,39.72,0,0
2.261,,2928.070290594066,68.3,522,167,40.95,41.86,0,0
3.263,56.8,2960.6744974533694,74.0,225,153,49.33,34.47,0,0
,66.1,2996.370344695139,62.3,150,19,48.18,32.31,0,0
,,3115.3647848206815,68.7,226,107,46.33,31.96,0,0
2.347,68.0,2875.0042266121127,58.3,132,75,41.08,30.73,0,0
0.93,64.0,3034.0934311359833,73.2,186,44,42.13,37.86,0,0
1.509,,3004.2146760482146,62.4,461,118,45.76,32.34,0,0
3.119,70.5,2952.280183011988,71.4,290,54,,34.01,0,0
,,2978.7135223594637,72.6,111,165,52.65,35.38,0,0
,51.6,3131.4826236766726,82.3,454,96,51.37,40.42,0,0
2.847,63.4,2839.2763802335653,71.1,233,57,,31.93,0,0
2.588,,2858.76017424772,73.0,277,101,47.8,32.41,0,0
2.512,,3006.2365140930215,76.4,302,119,54.99,30.05,0,0
1.488,,2902.3237904853795,72.9,141,326,34.48,34.73,0,0
,72.0,3133.6362829817326,78.4,377,100,47.36,38.2,0,0
3.022,71.6,3010.3701694375104,74.3,78,484,46.82,29.49,0,0
,85.0,2794.198149427895,85.0,461,196,34.2,43.6,0,1
2.092,,3136.1114477922256,67.4,298,235,,38.24,0,0
,,2928.674964858337,98.8,966,117,,34.06,0,0
0.686,,2880.218726812354,59.7,332,87,,37.21,0,0
,,2944.030275947643,68.0,297,86,46.26,-9999.0,0,0
1.603,60.9,2886.6220178762737,76.3,56,207,,31.54,0,0
2.368,53.5,3206.4039019109664,70.1,378,53,,33.53,0,0
2.986,,3027.658676262362,77.4,35,130,41.8,32.98,0,0
1.576,50.9,2841.9708494679803,75.8,117,78,53.93,29.69,0,0
1.946,64.1,3094.0702367033205,66.0,255,43,51.29,34.52,0,0
0.793,65.6,2829.6773497561485,88.9,461,86,48.74,36.23,0,0
2.198,60.2,2739.353329492054,68.2,214,53,,29.14,0,0
6.838,,2508.4447212049477,91.7,405,607,22.6,43.34,0,1
2.576,,2998.258468223818,79.2,345,103,,38.17,0,0
,59.5,2822.6468464531663,59.6,308,128,44.7,30.9,0,0
1.12,,3120.1298583955113,72.2,207,95,52.16,29.94,0,0
0.694,,2988.31907095449,68.9,338,103,41.81,32.71,0,0
1.373,57.5,3073.1309989891183,68.1,238,197,52.04,36.2,0,0
2.327,,3164.1456079059076,94.4,372,39,,34.74,0,0
1.985,,3056.9757370945485,95.2,385,144,49.19,32.78,0,0
1.697,57.9,2859.3012085755586,67.2,99,155,48.7,34.85,0,0
2.98,63.2,3163.3580091573053,88.5,175,61,44.98,28.19,0,0
1.683,,2991.9168858683506,58.9,317,9,47.63,41.45,0,0
1.417,54.1,2928.56685982385,80.7,337,55,42.74,29.25,0,0
2.796,66.2,3035.439350050014,78.2,444,88,50.84,36.93,0,0
,,2943.306924715648,58.7,357,68,,32.79,0,1
1.567,,2989.3611268668756,69.6,88,59,49.07,36.7,0,0
,,3160.700411931192,63.8,214,159,40.28,34.73,0,0
1.788,,3176.860801692713,74.4,135,117,46.67,35.59,0,0
3.049,,2996.4758638633302,71.8,231,206,47.39,30.75,0,0
1.788,63.6,2878.7078468670798,83.2,159,73,,31.59,0,0
2.967,,2827.0293755503217,87.6,730,72,46.51,35.05,0,0
1.761,65.1,2886.36057347076,75.2,377,188,,39.96,0,0
,65.0,2943.294949355255,58.9,262,80,,30.18,0,0
3.005,62.4,2870.885022450782,69.0,320,142,,31.49,0,0
2.401,,2970.497455352613,76.3,273,78,47.14,26.6,0,0
2.812,63.3,2940.8099884397643,60.3,495,99,,35.22,0,0
2.144,78.1,2986.743732646156,75.2,311,83,42.87,29.56,0,0
,55.0,2902.8244077188538,60.5,255,145,47.95,33.7,0,0
1.343,52.3,2944.089516213786,57.5,330,120,44.01,31.76,0,0
2.222,64.2,2514.4509460354698,76.4,382,232,45.2,41.26,0,0
1.851,,3281.4160763092964,80.0,145,117,,39.53,0,0
1.296,64.0,3073.082781042765,68.4,313,143,,-9999.0,0,1
1.561,69.6,3065.337613149142,73.9,437,107,,99999.0,0,0
1.922,,2992.296110359977,55.8,290,123,,34.11,0,0
1.765,,2961.20222382206,71.1,505,201,39.66,32.57,0,0
1.953,,2833.8808007825296,83.9,337,121,46.61,33.5,0,0
2.399,,3080.6597986377433,72.6,370,17,,35.16,0,0
0.486,64.6,3073.6657744706577,74.6,110,97,,25.59,0,0
0.663,,3074.5538743652805,78.2,510,127,45.15,32.75,0,0
,57.2,3029.5170275167293,66.4,196,141,,30.3,0,0
,53.8,3319.4424970301116,81.0,99,113,,34.09,0,0
,70.5,3080.3597413990146,66.3,287,125,42.76,35.23,0,0
2.9,60.4,3007.8622324231246,59.0,238,136,45.12,35.88,0,0
2.053,57.6,2946.534292967167,70.3,145,161,52.07,33.38,0,0
1.99,,3126.9767380711532,66.6,110,289,43.14,39.13,0,0
,,2834.385932370453,89.5,220,251,49.99,40.83,0,0
1.651,,3105.175703050975,80.7,193,269,51.53,34.75,0,0
,52.6,3184.0503860442223,72.1,161,97,47.26,35.43,0,0
1.968,,2825.1644497080124,83.3,252,54,,40.0,0,1
2.092,65.8,3026.819913289433,73.6,185,179,52.58,39.61,0,0
,59.5,2944.9220200564237,74.7,227,55,51.56,40.86,0,0
1.234,67.7,3196.463272440428,71.7,107,53,56.38,31.18,0,0
2.518,,2872.527243479765,61.4,509,54,52.63,33.08,0,0
1.807,68.9,2786.043736324773,58.3,184,160,,35.09,0,0
2.157,,3019.416193614499,66.8,284,191,,36.4,0,0
2.693,65.2,3078.424779385,70.7,307,22,43.87,39.52,0,0
1.151,,3082.4289733020796,54.5,126,45,50.86,31.41,0,1
2.605,,2841.258825336216,71.1,288,185,,39.18,0,0
1.342,,2850.6804627711326,83.9,518,101,43.13,29.92,0,0
,,3192.362940402497,69.9,162,55,44.46,30.81,0,0
2.001,60.8,3246.5110706621963,74.1,351,22,,30.51,0,0
2.066,59.5,3269.866730923802,76.6,220,60,44.77,32.48,0,0
0.0,,3000.185552640304,71.6,182,164,,99999.0,0,0
,,3080.6383536742546,69.2,455,254,,28.49,0,0
1.546,,3039.324472572548,75.0,189,140,43.6,35.68,0,1
2.135,,3113.9411951438137,59.9,117,65,41.23,37.25,0,0
2.105,65.3,2839.47720195648,80.5,354,160,,34.57,0,0
1.948,,2909.054383011625,61.9,351,178,,39.23,0,0
2.28,65.2,3193.83512618284,65.4,280,192,48.18,38.63,0,1
8.617,,2785.017284310004,84.0,207,628,,36.25,0,1
2.966,,2859.127114709651,50.0,223,50,,32.2,0,0
0.482,,2753.500703349413,48.3,290,57,,38.39,0,0
1.336,,3160.116537706765,68.8,388,117,42.94,31.92,0,0
,,3312.9583438927357,67.1,445,108,46.93,33.42,0,0
0.393,,2623.4105617351524,88.4,603,133,,41.56,0,0
3.569,,2853.5546110798887,66.5,296,128,47.78,37.89,0,0
2.734,71.0,2710.1854100420614,75.7,123,151,48.55,29.59,0,0
2.169,,3081.5940853317643,61.2,199,157,,43.05,0,0
1.464,68.1,3231.4856105720933,69.3,808,180,45.53,26.76,0,0
2.126,,2945.7853095700702,79.0,375,113,,34.24,0,0
1.213,,3250.361914533702,91.0,110,74,48.92,37.69,0,0
,,3149.7952145290005,70.5,807,90,,38.11,0,0
2.845,,3012.5781170925534,69.9,242,69,46.63,28.64,0,0
3.233,,2844.6709873116665,74.2,106,158,,44.95,0,0
0.953,60.0,2891.176482680767,73.2,598,63,,39.83,0,0
1.878,,2938.0686010469994,54.3,229,22,,35.57,0,0
2.466,66.6,3137.5937968608273,66.6,783,70,45.65,38.16,0,0
2.518,,2991.878674930933,72.8,77,148,,30.77,0,0
,55.3,2905.7394196154637,76.4,413,157,45.2,31.03,0,0
2.464,66.0,3152.6860188451583,71.0,305,209,,37.28,0,0
,73.4,2895.8556854688395,62.6,560,143,,29.44,0,0
0.898,,3042.1826786724537,73.9,250,181,47.2,36.75,0,0
,,3089.8430146675432,67.3,318,199,46.15,39.98,0,0
1.194,,2998.048143801164,84.9,54,35,44.62,99999.0,0,0
2.417,,3212.5464122540393,39.3,133,91,47.84,37.27,0,0
3.679,,2573.3020319351317,72.5,364,137,51.91,36.12,0,0
,,2880.2976929608903,58.3,480,120,54.54,41.03,0,0
1.406,55.2,3020.000506339499,78.5,156,44,47.19,31.42,0,0
8.446,80.6,2892.0826767165086,100.0,209,278,30.54,47.24,0,1
1.863,56.7,3222.0890515038427,65.3,138,121,,41.82,0,0
1.54,54.2,3048.160821330678,79.0,306,97,42.5,40.96,0,0
,54.3,2831.280119793893,71.2,227,126,50.97,30.68,0,0
2.396,,3091.361318383292,77.2,425,83,40.95,38.71,0,0
,,3173.2520066340658,74.7,263,233,43.6,34.53,0,0
2.206,,3103.260827137332,64.9,278,186,,32.31,0,0
1.858,58.7,3032.2219164364697,74.4,664,81,41.16,28.28,0,0
1.784,,2841.186868544482,61.4,220,72,49.65,26.83,0,0
0.948,,3210.6643258673826,75.2,324,37,,38.25,0,0
2.201,,2807.3534473352665,49.8,307,61,39.83,32.18,0,0
3.706,70.7,3034.0388439562616,61.6,345,154,,45.91,0,0
2.421,48.9,2841.8762910801797,60.1,350,55,45.99,41.09,0,0
10.015,83.7,2959.350873103563,79.6,404,183,,42.61,0,1
5.495,,2801.735208365114,81.3,168,338,22.95,45.1,0,1
2.257,,3223.8235091610336,68.4,142,56,,44.83,0,0
2.414,,2919.5453212871635,56.2,127,115,44.64,37.37,0,0
3.463,50.7,2990.986248351047,75.1,498,82,39.84,30.22,0,0
2.231,,2991.6941494540324,70.2,311,101,,36.42,0,0
2.524,65.4,2891.9481250944305,81.5,475,38,50.14,27.22,0,0
2.274,56.6,3039.0815349686827,68.9,257,45,,34.97,0,0
,,3113.9367375977563,83.3,130,160,41.17,28.31,0,0
2.343,63.6,2866.0796316395054,61.7,249,71,47.64,31.46,0,0
2.617,,2958.7166224627094,79.1,294,240,41.21,32.97,0,0
1.381,,3096.9811101782607,76.2,513,80,,29.12,0,0
,,3116.17022831948,75.6,462,119,,35.72,0,1
1.578,,3084.0754853750427,48.2,646,105,49.94,32.05,0,0
1.429,,2969.7334391284144,70.9,371,28,,37.24,0,0
1.155,,2952.977587543135,69.0,142,128,,39.27,0,1
2.306,56.6,3098.383416443338,76.4,227,65,,26.42,0,0
1.047,59.9,2850.977978954809,62.8,191,232,,27.25,0,0
1.341,55.3,3016.2018089926773,54.1,56,83,45.22,38.37,0,1
0.031,59.5,2973.8901509029893,80.6,353,76,46.1,30.6,0,0
1.759,,3269.5717202757287,79.1,110,125,44.81,33.71,0,1
1.747,,2634.243057337336,73.7,296,15,,31.82,0,0
2.449,62.7,3238.732927619229,51.5,141,222,,35.5,0,0
,,3002.279594452299,82.6,370,150,45.19,31.3,0,0
1.675,,3023.6457830138247,78.3,131,367,,36.2,0,0
1.976,56.1,2985.0790539318173,66.0,306,55,52.12,30.71,0,0
2.412,56.0,2853.529230232335,78.1,125,87,41.91,30.42,0,0
2.642,,3004.844042801698,89.2,524,299,,35.07,0,0
2.114,,2918.1539039981603,89.4,651,197,48.13,35.78,0,0
1.195,,3185.6939334962453,66.0,417,122,46.91,30.04,0,0
1.778,,3005.735148426974,82.3,286,77,48.01,37.67,0,0
1.645,,2929.6334102767287,79.3,81,219,48.18,37.46,0,0
,,3131.886261308588,80.1,359,47,,30.22,0,0
,,3132.4486909904044,78.2,348,83,,32.33,0,0
2.109,48.6,2761.5054837128973,82.5,317,192,49.86,36.09,0,0
2.495,62.6,2998.243656527828,65.8,150,104,,41.72,0,0
2.538,58.5,3054.0112898816355,74.0,378,173,44.88,37.59,0,0
0.727,,2850.652441872081,64.9,380,119,50.37,33.07,0,0
2.079,,3184.7023419389625,74.6,319,24,43.31,33.37,0,0
1.661,,3190.598075481432,70.1,301,63,55.09,41.22,0,0
2.201,,2958.3756563433526,76.0,403,42,41.88,27.0,0,0
2.372,54.5,3110.9491636431044,80.7,998,51,,38.62,0,0
0.938,65.6,3058.00373091659,65.1,426,52,,42.06,0,0
1.684,59.8,2906.091023111923,88.0,456,111,47.93,32.01,0,0
,,2519.914511015408,85.4,291,67,38.96,38.76,0,1
2.146,,3183.018037905844,68.1,391,57,50.57,33.59,0,0
1.472,,3033.127242720712,84.9,467,245,,41.07,0,0
2.908,,3173.8291892641228,43.0,117,70,,34.98,0,0
0.618,71.5,3036.087789273972,74.6,214,116,41.38,31.43,0,0
1.932,65.0,3155.4533821110326,72.2,968,192,41.2,32.9,0,0
2.321,60.7,2828.7068470401223,71.4,207,61,44.89,32.49,0,0
2.412,,3043.924462737718,64.7,87,74,,44.38,0,0
3.115,58.2,2997.783375343894,60.2,172,76,,40.64,0,1
2.831,,2772.375336370434,75.8,94,245,,32.18,0,0
1.829,68.1,3121.987981487719,95.3,238,59,,43.46,0,0
,,2929.4599056889215,63.1,69,39,,38.27,0,0
,,3012.856977408312,73.9,377,249,48.88,38.31,0,0
1.759,60.5,2823.339222061891,67.7,387,245,44.76,34.89,0,0
,58.4,2845.5656232140796,69.8,548,74,,-9999.0,0,0
1.43,64.4,2713.6208072552945,75.1,168,100,,30.58,0,0
,,3204.7172208789116,80.0,238,66,,38.75,0,0
2.146,60.1,3293.7393178422794,68.3,155,66,41.54,37.04,0,1
1.987,,2998.733482718631,64.8,204,218,45.16,33.2,0,1
2.949,57.1,2892.977309433994,75.4,186,57,51.53,41.16,0,0
1.01,,3134.387504734891,73.9,166,163,,32.66,0,0
1.535,,2781.712073449148,51.0,653,159,,39.76,0,0
,65.5,2877.4611851341087,74.1,460,163,,27.93,0,0
1.854,57.7,2974.6321281620476,71.3,97,36,45.65,32.11,0,0
2.681,65.8,3071.9595561562496,63.4,228,226,45.05,31.13,0,0
,,3004.8760540164476,61.0,151,91,,37.62,0,0
2.618,,2848.911312444212,64.1,259,36,43.8,40.2,0,0
4.033,,3115.7740824598045,72.8,490,80,46.02,30.97,0,0
