threshold,score,recall,precision,n_pos
-1e-06,52.44082840236687,1.0,0.04881656804733728,1352
0.0007387706855791962,52.44082840236687,1.0,0.04881656804733728,1352
0.0020685579196217494,52.442635085122134,1.0,0.04885270170244264,1351
0.002955082742316785,52.44444444444445,1.0,0.04888888888888889,1350
0.0035460992907801418,52.44625648628614,1.0,0.04892512972572276,1349
0.004432624113475178,52.44807121661721,1.0,0.04896142433234421,1348
0.005762411347517731,52.44988864142539,1.0,0.04899777282850779,1347
0.006648936170212767,52.4517087667162,1.0,0.04903417533432392,1346
0.0070921985815602835,52.45353159851302,1.0,0.04907063197026022,1345
0.007535460992907802,52.45535714285714,1.0,0.049107142857142856,1344
0.00783096926713948,52.45718540580789,1.0,0.049143708116157855,1343
0.008421985815602837,52.459016393442624,1.0,0.04918032786885246,1342
0.009456264775413711,52.46085011185683,1.0,0.049217002237136466,1341
0.011377068557919623,52.46268656716418,1.0,0.049253731343283584,1340
0.012854609929078015,52.46452576549664,1.0,0.04929051530993279,1339
0.013002364066193855,52.46636771300448,1.0,0.04932735426008968,1338
0.01374113475177305,52.4682124158564,1.0,0.0493642483171279,1337
0.014627659574468085,52.47005988023952,1.0,0.04940119760479042,1336
0.015366430260047281,52.47747747747747,1.0,0.04954954954954955,1332
0.016400709219858155,52.47933884297521,1.0,0.049586776859504134,1331
0.016991725768321513,52.48120300751879,1.0,0.04962406015037594,1330
0.017582742316784868,52.48306997742663,1.0,0.04966139954853273,1329
0.018469267139479904,52.48681235870384,1.0,0.04973624717407687,1327
0.019060283687943262,52.488687782805435,1.0,0.049773755656108594,1326
0.01950354609929078,52.49056603773585,1.0,0.04981132075471698,1325
0.020537825059101657,52.49244712990937,1.0,0.04984894259818731,1324
0.02142434988179669,52.49433106575964,1.0,0.049886621315192746,1323
0.02171985815602837,52.49621785173979,1.0,0.049924357034795766,1322
0.022310874704491723,52.49810749432249,1.0,0.04996214988644966,1321
0.02290189125295508,52.5,1.0,0.05,1320
0.0233451536643026,52.5018953752843,1.0,0.050037907505686124,1319
0.023788416075650118,52.50569476082004,1.0,0.05011389521640091,1317
0.024674940898345155,52.50759878419453,1.0,0.05015197568389058,1316
0.02585697399527187,52.50950570342206,1.0,0.050190114068441066,1315
0.02689125295508274,52.513328255902515,1.0,0.05026656511805026,1313
0.027482269503546097,52.513328255902515,1.0,0.05026656511805026,1313
0.027630023640661937,52.517162471395885,1.0,0.05034324942791762,1311
0.027925531914893616,52.519083969465655,1.0,0.050381679389312976,1310
0.028664302600472813,52.52100840336135,1.0,0.05042016806722689,1309
0.02984633569739953,52.522935779816514,1.0,0.05045871559633028,1308
0.030585106382978722,52.52486610558531,1.0,0.0504973221117062,1307
0.03265366430260047,52.526799387442566,1.0,0.05053598774885146,1306
0.03531323877068558,52.52873563218391,1.0,0.05057471264367816,1305
0.03619976359338061,52.53067484662577,1.0,0.05061349693251534,1304
0.03708628841607565,52.53261703760552,1.0,0.05065234075211052,1303
0.038120567375886524,52.53456221198156,1.0,0.05069124423963134,1302
0.03856382978723404,52.53846153846153,1.0,0.05076923076923077,1300
0.03885933806146572,52.54041570438799,1.0,0.050808314087759814,1299
0.0391548463356974,52.54237288135594,1.0,0.05084745762711865,1298
0.03959810874704492,52.54433307633,1.0,0.05088666152659985,1297
0.04018912529550828,52.54629629629629,1.0,0.05092592592592592,1296
0.040780141843971635,52.54826254826255,1.0,0.050965250965250966,1295
0.04270094562647754,52.55023183925811,1.0,0.05100463678516229,1294
0.044621749408983453,52.55220417633411,1.0,0.05104408352668213,1293
0.04536052009456265,52.55615801704106,1.0,0.05112316034082107,1291
0.04654255319148936,52.55813953488372,1.0,0.05116279069767442,1290
0.04920212765957446,52.56211180124224,1.0,0.05124223602484472,1288
0.05319148936170212,52.56410256410257,1.0,0.05128205128205128,1287
0.05658983451536643,52.56609642301711,1.0,0.05132192846034215,1286
0.05880614657210402,52.56809338521401,1.0,0.051361867704280154,1285
0.060579196217494094,52.570093457943926,1.0,0.0514018691588785,1284
0.06309101654846336,52.57209664848013,1.0,0.05144193296960249,1283
0.06545508274231679,52.574102964118566,1.0,0.0514820592823713,1282
0.0666371158392435,52.57611241217799,1.0,0.05152224824355972,1281
0.06811465721040189,52.578125,1.0,0.0515625,1280
0.06988770685579196,52.580140734949175,1.0,0.05160281469898358,1279
0.07106973995271867,52.58215962441315,1.0,0.051643192488262914,1278
0.07166075650118203,52.58418167580267,1.0,0.05168363351605325,1277
0.07239952718676124,52.58620689655172,1.0,0.05172413793103448,1276
0.0729905437352246,52.588235294117645,1.0,0.05176470588235294,1275
0.07565011820330969,52.590266875981165,1.0,0.05180533751962323,1274
0.08008274231678486,52.5923016496465,1.0,0.051846032992930086,1273
0.08244680851063829,52.594339622641506,1.0,0.05188679245283019,1272
0.08348108747044918,52.59638080251771,1.0,0.05192761605035405,1271
0.08525413711583925,52.59842519685039,1.0,0.05196850393700787,1270
0.08747044917257683,52.600472813238774,1.0,0.05200945626477541,1269
0.09013002364066194,52.60252365930599,1.0,0.052050473186119876,1268
0.09352836879432624,52.60457774269929,1.0,0.05209155485398579,1267
0.0953014184397163,52.60663507109005,1.0,0.052132701421800945,1266
0.09707446808510638,52.60869565217391,1.0,0.05217391304347826,1265
0.10017730496453901,52.61075949367089,1.0,0.05221518987341772,1264
0.10195035460992909,52.6148969889065,1.0,0.05229793977812995,1262
0.10401891252955084,52.61697065820778,1.0,0.052339413164155434,1261
0.10697399527186763,52.61904761904762,1.0,0.05238095238095238,1260
0.10845153664302601,52.62112787926926,1.0,0.05242255758538523,1259
0.10919030732860521,52.62321144674086,1.0,0.05246422893481717,1258
0.11125886524822695,52.62529832935561,1.0,0.05250596658711217,1257
0.11480496453900708,52.62738853503185,1.0,0.052547770700636945,1256
0.11716903073286052,52.62948207171315,1.0,0.05258964143426295,1255
0.1182033096926714,52.63157894736842,1.0,0.05263157894736842,1254
0.11923758865248227,52.63367916999202,1.0,0.052673583399840386,1253
0.1216016548463357,52.635782747603834,1.0,0.052715654952076675,1252
0.12396572104018913,52.64,1.0,0.0528,1250
0.12514775413711582,52.64211369095276,1.0,0.05284227381905524,1249
0.12632978723404253,52.644230769230774,1.0,0.052884615384615384,1248
0.1272163120567376,52.64847512038523,1.0,0.052969502407704656,1246
0.1279550827423168,52.65060240963856,1.0,0.05301204819277108,1245
0.12898936170212766,52.652733118971064,1.0,0.05305466237942122,1244
0.13076241134751773,52.654867256637175,1.0,0.05309734513274336,1243
0.13194444444444445,52.65700483091788,1.0,0.05314009661835749,1242
0.13342198581560283,52.65914585012087,1.0,0.0531829170024174,1241
0.13519503546099293,52.66558966074313,1.0,0.05331179321486268,1238
0.13622931442080377,52.667744543249796,1.0,0.05335489086499596,1237
0.13696808510638298,52.66990291262136,1.0,0.05339805825242718,1236
0.13800236406619387,52.6742301458671,1.0,0.05348460291734198,1234
0.1393321513002364,52.67639902676399,1.0,0.0535279805352798,1233
0.13992316784869976,52.680747359870026,1.0,0.05361494719740049,1231
0.14021867612293143,52.6829268292683,1.0,0.05365853658536585,1230
0.14080969267139481,52.68510984540276,1.0,0.05370219690805533,1229
0.14169621749408984,52.68729641693811,1.0,0.05374592833876222,1228
0.14258274231678486,52.68948655256723,1.0,0.05378973105134474,1227
0.14332151300236406,52.69168026101142,1.0,0.053833605220228384,1226
0.14391252955082742,52.69387755102041,1.0,0.053877551020408164,1225
0.14435579196217493,52.69607843137255,1.0,0.05392156862745098,1224
0.1446513002364066,52.698282910874894,1.0,0.05396565821749796,1223
0.1450945626477541,52.700490998363335,1.0,0.054009819967266774,1222
0.14553782505910165,52.702702702702695,1.0,0.05405405405405406,1221
0.1459810874704492,52.704918032786885,1.0,0.054098360655737705,1220
0.14701536643026003,52.70713699753896,1.0,0.054142739950779326,1219
0.1483451536643026,52.70935960591133,1.0,0.054187192118226604,1218
0.1490839243498818,52.713815789473685,1.0,0.054276315789473686,1216
0.14997044917257685,52.716049382716044,1.0,0.05432098765432099,1215
0.15115248226950356,52.72052761747733,1.0,0.05441055234954658,1213
0.1517434988179669,52.722772277227726,1.0,0.054455445544554455,1212
0.1521867612293144,52.725020644095785,1.0,0.054500412881915775,1211
0.1536643026004728,52.72727272727272,1.0,0.05454545454545454,1210
0.15499408983451535,52.72952853598015,1.0,0.05459057071960298,1209
0.15528959810874704,52.7317880794702,1.0,0.054635761589403975,1208
0.15602836879432624,52.736318407960205,1.0,0.05472636815920398,1206
0.1570626477541371,52.73858921161826,1.0,0.054771784232365145,1205
0.15794917257683216,52.7431421446384,1.0,0.05486284289276808,1203
0.1585401891252955,52.74542429284526,1.0,0.05490848585690516,1202
0.15868794326241137,52.74771024146545,1.0,0.054954204829308906,1201
0.1588356973995272,52.75,1.0,0.055,1200
0.15913120567375888,52.75229357798166,1.0,0.05504587155963303,1199
0.1597222222222222,52.75459098497496,1.0,0.05509181969949917,1198
0.16090425531914893,52.75919732441472,1.0,0.05518394648829431,1196
0.16193853427895982,52.76150627615063,1.0,0.055230125523012555,1195
0.1634160756501182,52.76381909547738,1.0,0.05527638190954774,1194
0.16474586288416077,52.76613579212071,1.0,0.055322715842414084,1193
0.16504137115839243,52.77078085642317,1.0,0.055415617128463476,1191
0.1660756501182033,52.77544154751892,1.0,0.05550883095037847,1189
0.16740543735224586,52.77777777777778,1.0,0.05555555555555555,1188
0.16814420803782504,52.780117944397645,1.0,0.05560235888795282,1187
0.16888297872340424,52.78246205733558,1.0,0.05564924114671164,1186
0.16932624113475175,52.78246205733558,1.0,0.05564924114671164,1186
0.16962174940898345,52.78716216216216,1.0,0.05574324324324324,1184
0.170951536643026,52.789518174133555,1.0,0.055790363482671176,1183
0.1724290780141844,52.79187817258884,1.0,0.05583756345177665,1182
0.17302009456264775,52.794242167654524,1.0,0.0558848433530906,1181
0.17375886524822695,52.79661016949152,1.0,0.05593220338983051,1180
0.1750886524822695,52.79898218829516,1.0,0.05597964376590331,1179
0.17597517730496454,52.80373831775701,1.0,0.056074766355140186,1177
0.17641843971631205,52.806122448979586,1.0,0.05612244897959184,1176
0.17700945626477543,52.80851063829787,1.0,0.05617021276595745,1175
0.17745271867612294,52.81090289608177,1.0,0.056218057921635436,1174
0.1777482269503546,52.813299232736576,1.0,0.056265984654731455,1173
0.17848699763593381,52.815699658703075,1.0,0.05631399317406143,1172
0.17981678486997638,52.818104184457724,1.0,0.05636208368915457,1171
0.1809988179669031,52.820512820512825,1.0,0.05641025641025641,1170
0.1817375886524823,52.82776349614395,1.0,0.056555269922879174,1167
0.182919621749409,52.83018867924528,1.0,0.05660377358490566,1166
0.18395390070921985,52.832618025751074,1.0,0.05665236051502146,1165
0.18439716312056736,52.83505154639175,1.0,0.05670103092783505,1164
0.18528368794326242,52.837489251934656,1.0,0.05674978503869303,1163
0.18617021276595747,52.83993115318416,1.0,0.05679862306368331,1162
0.18690898345153667,52.84237726098191,1.0,0.056847545219638244,1161
0.18764775413711587,52.847282139775665,1.0,0.056945642795513375,1159
0.18809101654846339,52.84974093264248,1.0,0.05699481865284974,1158
0.18882978723404256,52.85220397579948,1.0,0.05704407951598963,1157
0.18986406619385343,52.85467128027682,1.0,0.05709342560553633,1156
0.19075059101654845,52.85714285714286,1.0,0.05714285714285714,1155
0.1913416075650118,52.8620988725065,1.0,0.05724197745013009,1153
0.19178486997635935,52.86707211120765,1.0,0.05734144222415291,1151
0.19222813238770686,52.8695652173913,1.0,0.057391304347826085,1150
0.19267139479905437,52.87206266318538,1.0,0.057441253263707574,1149
0.1932624113475177,52.87456445993032,1.0,0.05749128919860627,1148
0.1935579196217494,52.87456445993032,1.0,0.05749128919860627,1148
0.1938534278959811,52.879581151832454,1.0,0.05759162303664921,1146
0.19414893617021278,52.882096069869,1.0,0.05764192139737991,1145
0.19444444444444445,52.88461538461539,1.0,0.057692307692307696,1144
0.19488770685579196,52.887139107611546,1.0,0.05774278215223097,1143
0.19518321513002362,52.88966725043783,1.0,0.05779334500875657,1142
0.1953309692671395,52.892199824715156,1.0,0.057843996494303246,1141
0.19547872340425532,52.89473684210526,1.0,0.05789473684210526,1140
0.19784278959810875,52.899824253075565,1.0,0.05799648506151142,1138
0.20020685579196218,52.90237467018469,1.0,0.05804749340369393,1137
0.200354609929078,52.90237467018469,1.0,0.05804749340369393,1137
0.20124113475177308,52.907488986784145,1.0,0.05814977973568282,1135
0.20227541371158392,52.910052910052904,1.0,0.0582010582010582,1134
0.20286643026004728,52.9126213592233,1.0,0.05825242718446602,1133
0.20345744680851063,52.91519434628975,1.0,0.05830388692579505,1132
0.20375295508274233,52.91777188328912,1.0,0.058355437665782495,1131
0.20434397163120566,52.92035398230088,1.0,0.0584070796460177,1130
0.20478723404255317,52.92035398230088,1.0,0.0584070796460177,1130
0.20567375886524822,52.92812777284826,1.0,0.05856255545696539,1127
0.20656028368794327,52.93072824156305,1.0,0.0586145648312611,1126
0.2067080378250591,52.935943060498225,1.0,0.05871886120996441,1124
0.2071513002364066,52.93855743544078,1.0,0.058771148708815675,1123
0.20774231678486998,52.94117647058824,1.0,0.058823529411764705,1122
0.2084810874704492,52.94380017841214,1.0,0.058876003568242644,1121
0.2093676122931442,52.949061662198396,1.0,0.058981233243967826,1119
0.21010638297872342,52.95169946332737,1.0,0.059033989266547404,1118
0.21084515366430262,52.95434198746642,1.0,0.05908683974932856,1117
0.21143617021276595,52.95964125560538,1.0,0.059192825112107626,1115
0.21158392434988182,52.96229802513464,1.0,0.059245960502693,1114
0.2118794326241135,52.96495956873315,1.0,0.05929919137466307,1113
0.21232269503546097,52.96762589928058,1.0,0.05935251798561151,1112
0.21276595744680848,52.972972972972975,1.0,0.05945945945945946,1110
0.213209219858156,52.975653742110005,1.0,0.059513074842200184,1109
0.2135047281323877,52.978339350180505,1.0,0.05956678700361011,1108
0.21365248226950356,52.98102981029811,1.0,0.05962059620596206,1107
0.21409574468085107,52.98372513562387,1.0,0.059674502712477394,1106
0.21483451536643028,52.98642533936652,1.0,0.05972850678733032,1105
0.2161643026004728,52.9891304347826,1.0,0.059782608695652176,1104
0.2171985815602837,52.9918404351768,1.0,0.05983680870353581,1103
0.21734633569739953,52.994555353901994,1.0,0.05989110707803993,1102
0.21778959810874704,52.997275204359674,1.0,0.05994550408719346,1101
0.21808510638297873,53.00272975432211,1.0,0.06005459508644222,1099
0.21852836879432624,53.00546448087432,1.0,0.060109289617486336,1098
0.2191193853427896,53.00820419325433,1.0,0.0601640838650866,1097
0.21941489361702127,53.01094890510949,1.0,0.060218978102189784,1096
0.21985815602836878,53.013698630136986,1.0,0.06027397260273973,1095
0.22059692671394798,53.016453382084094,1.0,0.0603290676416819,1094
0.2213356973995272,53.0192131747484,1.0,0.06038426349496798,1093
0.2220744680851064,53.02197802197802,1.0,0.06043956043956044,1092
0.22296099290780141,53.024747937671854,1.0,0.06049495875343722,1091
0.22340425531914893,53.024747937671854,1.0,0.06049495875343722,1091
0.22369976359338062,53.033088235294116,1.0,0.06066176470588235,1088
0.2239952718676123,53.035878564857406,1.0,0.06071757129714812,1087
0.22458628841607564,53.03867403314917,1.0,0.06077348066298342,1086
0.22532505910165485,53.041474654377886,1.0,0.060829493087557605,1085
0.22591607565011818,53.04428044280443,1.0,0.06088560885608856,1084
0.22635933806146574,53.04990757855823,1.0,0.06099815157116451,1082
0.2266548463356974,53.0527289546716,1.0,0.06105457909343201,1081
0.22798463356973994,53.05555555555556,1.0,0.06111111111111111,1080
0.2290189125295508,53.05555555555556,1.0,0.06111111111111111,1080
0.22916666666666669,53.06122448979592,1.0,0.061224489795918366,1078
0.22975768321513002,53.06406685236769,1.0,0.06128133704735376,1077
0.2303486997635934,53.06691449814126,1.0,0.06133828996282528,1076
0.23093971631205673,53.06976744186046,1.0,0.061395348837209304,1075
0.2319739952718676,53.072625698324025,1.0,0.061452513966480445,1074
0.23286052009456265,53.07548928238583,1.0,0.06150978564771668,1073
0.23330378250591016,53.07835820895522,1.0,0.061567164179104475,1072
0.23448581560283688,53.0812324929972,1.0,0.06162464985994398,1071
0.2359633569739953,53.084112149532714,1.0,0.0616822429906542,1070
0.23670212765957446,53.08988764044944,1.0,0.06179775280898876,1068
0.23729314420803782,53.09278350515464,1.0,0.061855670103092786,1067
0.23773640661938536,53.09859154929577,1.0,0.061971830985915494,1065
0.23803191489361702,53.1015037593985,1.0,0.06203007518796992,1064
0.23847517730496454,53.10442144873001,1.0,0.062088428974600186,1063
0.23980496453900707,53.10734463276836,1.0,0.062146892655367235,1062
0.24113475177304963,53.11027332704995,1.0,0.06220546654099906,1061
0.24157801418439714,53.113207547169814,1.0,0.062264150943396226,1060
0.2421690307328605,53.11614730878187,1.0,0.06232294617563739,1059
0.242612293144208,53.11614730878187,1.0,0.06232294617563739,1059
0.2429078014184397,53.12204351939451,1.0,0.06244087038789026,1057
0.24379432624113476,53.13092979127134,1.0,0.06261859582542695,1054
0.24497635933806147,53.13390313390314,1.0,0.06267806267806268,1053
0.2458628841607565,53.136882129277566,1.0,0.06273764258555133,1052
0.246306146572104,53.139866793529976,1.0,0.06279733587059944,1051
0.24689716312056736,53.14885496183206,1.0,0.06297709923664122,1048
0.24763593380614657,53.15186246418339,1.0,0.06303724928366762,1047
0.24807919621749408,53.154875717017205,1.0,0.06309751434034416,1046
0.24837470449172577,53.1578947368421,1.0,0.06315789473684211,1045
0.2485224586288416,53.1578947368421,1.0,0.06315789473684211,1045
0.24867021276595747,53.16395014381592,1.0,0.06327900287631831,1043
0.24940898345153664,53.170028818443804,1.0,0.06340057636887608,1041
0.25029550827423164,53.17307692307692,1.0,0.06346153846153846,1040
0.25073877068557915,53.17613089509143,1.0,0.06352261790182868,1039
0.2516252955082742,53.179190751445084,1.0,0.06358381502890173,1038
0.25265957446808507,53.18225650916104,1.0,0.06364513018322084,1037
0.2529550827423168,53.18532818532818,1.0,0.0637065637065637,1036
0.25310283687943264,53.188405797101446,1.0,0.06376811594202898,1035
0.25339834515366433,53.191489361702125,1.0,0.06382978723404255,1034
0.25398936170212766,53.1945788964182,1.0,0.06389157792836399,1033
0.25472813238770686,53.2007759456838,1.0,0.06401551891367604,1031
0.2557624113475177,53.20388349514563,1.0,0.06407766990291262,1030
0.2576832151300236,53.21011673151751,1.0,0.06420233463035019,1028
0.25930851063829785,53.21324245374879,1.0,0.06426484907497566,1027
0.25975177304964536,53.21324245374879,1.0,0.06426484907497566,1027
0.2604905437352246,53.21951219512195,1.0,0.06439024390243903,1025
0.26137706855791965,53.22896281800391,1.0,0.06457925636007827,1022
0.26226359338061467,53.232125367286976,1.0,0.06464250734573947,1021
0.26329787234042556,53.23529411764706,1.0,0.06470588235294118,1020
0.2638888888888889,53.23846908734053,1.0,0.0647693817468106,1019
0.2644799054373523,53.24165029469549,1.0,0.06483300589390963,1018
0.2652186761229315,53.2448377581121,1.0,0.06489675516224189,1017
0.26595744680851063,53.248031496062985,1.0,0.06496062992125984,1016
0.26625295508274227,53.248031496062985,1.0,0.06496062992125984,1016
0.26684397163120566,53.25443786982249,1.0,0.0650887573964497,1014
0.26787825059101655,53.2608695652174,1.0,0.06521739130434782,1012
0.26846926713947994,53.26409495548962,1.0,0.06528189910979229,1011
0.26891252955082745,53.26732673267327,1.0,0.06534653465346535,1010
0.2695035460992908,53.27056491575818,1.0,0.06541129831516353,1009
0.2699468085106383,53.27706057596823,1.0,0.06554121151936444,1007
0.2703900709219858,53.28031809145129,1.0,0.06560636182902585,1006
0.27083333333333337,53.28358208955224,1.0,0.06567164179104477,1005
0.271128841607565,53.286852589641434,1.0,0.06573705179282868,1004
0.2714243498817967,53.290129611166506,1.0,0.06580259222333001,1003
0.2717198581560284,53.2967032967033,1.0,0.06593406593406594,1001
0.2721631205673759,53.300000000000004,1.0,0.066,1000
0.27290189125295505,53.3066132264529,1.0,0.06613226452905811,998
0.27408392434988177,53.31325301204819,1.0,0.06626506024096386,996
0.27511820330969267,53.31991951710262,1.0,0.06639839034205232,994
0.27689125295508277,53.32326283987916,1.0,0.06646525679758308,993
0.2786643026004728,53.3266129032258,1.0,0.06653225806451613,992
0.2791075650118203,53.333333333333336,1.0,0.06666666666666667,990
0.279403073286052,53.33670374115268,1.0,0.06673407482305359,989
0.2796985815602837,53.34008097165992,1.0,0.06680161943319839,988
0.27999408983451535,53.34346504559271,1.0,0.0668693009118541,987
0.2808806146572104,53.3502538071066,1.0,0.06700507614213198,985
0.2823581560283688,53.35365853658537,1.0,0.06707317073170732,984
0.2832446808510638,53.357070193285864,1.0,0.0671414038657172,983
0.2842789598108747,53.360488798370675,1.0,0.06720977596741344,982
0.2853132387706856,53.36391437308868,1.0,0.0672782874617737,981
0.2857565011820331,53.37078651685393,1.0,0.06741573033707865,979
0.2861997635933806,53.37423312883436,1.0,0.06748466257668712,978
0.286790780141844,53.377686796315245,1.0,0.06755373592630501,977
0.28738179669030733,53.38461538461539,1.0,0.06769230769230769,975
0.28782505910165485,53.39157245632066,1.0,0.06783144912641316,973
0.2884160756501182,53.39506172839506,1.0,0.06790123456790123,972
0.28959810874704495,53.39855818743563,1.0,0.06797116374871266,971
0.2906323877068558,53.402061855670105,1.0,0.06804123711340206,970
0.2912234042553191,53.40557275541795,1.0,0.06811145510835913,969
0.2921099290780142,53.40909090909091,1.0,0.06818181818181818,968
0.2928486997635934,53.412616339193384,1.0,0.06825232678386763,967
0.29358747044917255,53.42323651452282,1.0,0.06846473029045644,964
0.2944739952718676,53.426791277258566,1.0,0.06853582554517133,963
0.29506501182033096,53.43035343035343,1.0,0.06860706860706861,962
0.29521276595744683,53.433922996878245,1.0,0.06867845993756504,961
0.29565602836879434,53.43750000000001,1.0,0.06875,960
0.29683806146572106,53.444676409185796,1.0,0.06889352818371608,958
0.2980200945626478,53.44827586206896,1.0,0.06896551724137931,957
0.2986111111111111,53.45188284518828,1.0,0.06903765690376569,956
0.2989066193853428,53.455497382198956,1.0,0.06910994764397906,955
0.2999408983451537,53.459119496855344,1.0,0.06918238993710692,954
0.30097517730496454,53.46274921301154,1.0,0.06925498426023086,953
0.30156619385342787,53.46638655462185,1.0,0.06932773109243698,952
0.3020094562647754,53.46638655462185,1.0,0.06932773109243698,952
0.30245271867612294,53.473684210526315,1.0,0.06947368421052631,950
0.3030437352245863,53.47734457323499,1.0,0.06954689146469968,949
0.30333924349881797,53.48101265822785,1.0,0.06962025316455696,948
0.30363475177304966,53.48837209302325,1.0,0.06976744186046512,946
0.3039302600472813,53.492063492063494,1.0,0.06984126984126984,945
0.3049645390070922,53.4957627118644,1.0,0.06991525423728813,944
0.3059988179669031,53.499469777306466,1.0,0.06998939554612937,943
0.3068853427895981,53.503184713375795,1.0,0.07006369426751592,942
0.30777186761229314,53.506907545164715,1.0,0.07013815090329437,941
0.30821513002364065,53.51063829787234,1.0,0.07021276595744681,940
0.30865839243498816,53.51437699680511,1.0,0.07028753993610223,939
0.30895390070921985,53.5181236673774,1.0,0.07036247334754797,938
0.3099881796690307,53.52187833511206,1.0,0.07043756670224119,937
0.31117021276595747,53.529411764705884,1.0,0.07058823529411765,935
0.3120567375886525,53.536977491961416,1.0,0.0707395498392283,933
0.3127955082742317,53.54077253218884,1.0,0.07081545064377683,932
0.31309101654846333,53.54457572502685,1.0,0.07089151450053706,931
0.31323877068557915,53.54457572502685,1.0,0.07089151450053706,931
0.3136820330969267,53.55220667384284,1.0,0.07104413347685684,929
0.3144208037825059,53.55603448275862,1.0,0.07112068965517242,928
0.31486406619385343,53.55987055016181,1.0,0.07119741100323625,927
0.3154550827423168,53.56371490280778,1.0,0.07127429805615551,926
0.31604609929078015,53.567567567567565,1.0,0.07135135135135136,925
0.31693262411347517,53.57142857142857,1.0,0.07142857142857142,924
0.3181146572104019,53.57529794149512,1.0,0.07150595882990249,923
0.3190011820330969,53.579175704989154,1.0,0.07158351409978309,922
0.3195921985815603,53.583061889250814,1.0,0.07166123778501629,921
0.3200354609929078,53.590859630032654,1.0,0.07181719260065289,919
0.32033096926713944,53.590859630032654,1.0,0.07181719260065289,919
0.3204787234042553,53.60262008733625,1.0,0.07205240174672489,916
0.32092198581560283,53.60655737704918,1.0,0.07213114754098361,915
0.32121749408983447,53.60655737704918,1.0,0.07213114754098361,915
0.3215130023640662,53.6144578313253,1.0,0.07228915662650602,913
0.3219562647754137,53.62239297475302,1.0,0.07244785949506037,911
0.32239952718676124,53.62637362637363,1.0,0.07252747252747253,910
0.32299054373522457,53.63036303630363,1.0,0.07260726072607261,909
0.32358156028368795,53.63836824696803,1.0,0.07276736493936053,907
0.32402482269503546,53.65448504983389,1.0,0.07308970099667775,903
0.32476359338061467,53.65853658536586,1.0,0.07317073170731707,902
0.32550236406619387,53.66259711431742,1.0,0.0732519422863485,901
0.32579787234042556,53.670745272525025,1.0,0.07341490545050056,899
0.3260933806146572,53.67483296213808,1.0,0.07349665924276169,898
0.3271276595744681,53.67892976588629,1.0,0.07357859531772576,897
0.3283096926713948,53.68303571428571,1.0,0.07366071428571429,896
0.32890070921985815,53.68715083798883,1.0,0.07374301675977654,895
0.32963947990543735,53.691275167785236,1.0,0.0738255033557047,894
0.33037825059101655,53.695408734602466,1.0,0.07390817469204927,893
0.3306737588652482,53.695408734602466,1.0,0.07390817469204927,893
0.3312647754137116,53.703703703703695,1.0,0.07407407407407407,891
0.3321513002364066,53.712035995500564,1.0,0.07424071991001124,889
0.3330378250591016,53.71621621621622,1.0,0.07432432432432433,888
0.3337765957446809,53.720405862457724,1.0,0.07440811724915446,887
0.3340721040189125,53.72881355932203,1.0,0.07457627118644068,885
0.3343676122931442,53.73303167420814,1.0,0.0746606334841629,884
0.3346631205673759,53.73725934314836,1.0,0.07474518686296716,883
0.33495862884160754,53.74149659863946,1.0,0.07482993197278912,882
0.33525413711583923,53.74574347332577,1.0,0.07491486946651532,881
0.33540189125295505,53.74574347332577,1.0,0.07491486946651532,881
0.3355496453900709,53.75854214123007,1.0,0.07517084282460136,878
0.3361406619385343,53.76282782212086,1.0,0.07525655644241733,877
0.33673167848699764,53.76712328767124,1.0,0.07534246575342465,876
0.33702718676122934,53.775743707093824,1.0,0.07551487414187644,874
0.33747044917257685,53.78006872852234,1.0,0.07560137457044673,873
0.3377659574468085,53.78006872852234,1.0,0.07560137457044673,873
0.33791371158392436,53.79310344827586,1.0,0.07586206896551724,870
0.3390957446808511,53.79746835443038,1.0,0.0759493670886076,869
0.3402777777777778,53.806228373702425,1.0,0.07612456747404844,867
0.3405732860520094,53.81062355658198,1.0,0.07621247113163972,866
0.3413120567375887,53.81502890173411,1.0,0.07630057803468208,865
0.34352836879432624,53.81944444444444,1.0,0.0763888888888889,864
0.3461879432624113,53.82387022016223,1.0,0.07647740440324449,863
0.34810874704491723,53.82830626450116,1.0,0.0765661252900232,862
0.34914302600472813,53.83275261324042,1.0,0.07665505226480836,861
0.34943853427895977,53.83720930232558,1.0,0.07674418604651163,860
0.34988179669030733,53.84167636786962,1.0,0.07683352735739232,859
0.35076832151300236,53.84615384615385,1.0,0.07692307692307693,858
0.3518026004728132,53.85064177362894,1.0,0.07701283547257877,857
0.3523936170212766,53.85964912280702,1.0,0.07719298245614035,855
0.3528368794326241,53.86416861826698,1.0,0.07728337236533958,854
0.3537234042553191,53.86869871043376,1.0,0.07737397420867527,853
0.3549054373522459,53.87779083431258,1.0,0.07755581668625147,851
0.3557919621749409,53.88235294117647,1.0,0.07764705882352942,850
0.3569739952718676,53.88692579505301,1.0,0.07773851590106007,849
0.3578605200945626,53.88692579505301,1.0,0.07773851590106007,849
0.35815602836879434,53.896103896103895,1.0,0.07792207792207792,847
0.3587470449172577,53.90532544378698,1.0,0.07810650887573964,845
0.35919030732860524,53.90995260663507,1.0,0.07819905213270142,844
0.3594858156028369,53.91459074733096,1.0,0.07829181494661921,843
0.36007683215130026,53.919239904988125,1.0,0.07838479809976247,842
0.3606678486997636,53.92390011890606,1.0,0.07847800237812129,841
0.3609633569739953,53.92857142857142,1.0,0.07857142857142857,840
0.3615543735224586,53.93325387365911,1.0,0.07866507747318235,839
0.3628841607565012,53.93794749403341,1.0,0.07875894988066826,838
0.36406619385342787,53.94265232974911,1.0,0.07885304659498207,837
0.3643617021276596,53.94736842105263,1.0,0.07894736842105263,836
0.36450945626477543,53.95209580838324,1.0,0.07904191616766468,835
0.366725768321513,53.956834532374096,1.0,0.07913669064748201,834
0.3689420803782506,53.96158463385354,1.0,0.07923169267707082,833
0.36968085106382975,53.97111913357401,1.0,0.07942238267148015,831
0.37160165484633567,53.975903614457835,1.0,0.07951807228915662,830
0.3736702127659574,53.98069963811821,1.0,0.07961399276236429,829
0.3751477541371158,53.990326481257554,1.0,0.07980652962515115,827
0.3760342789598109,54.01459854014598,1.0,0.08029197080291971,822
0.3764775413711584,54.01948842874543,1.0,0.08038976857490865,821
0.37706855791962174,54.034229828850854,1.0,0.08068459657701711,818
0.3775118203309693,54.03916768665851,1.0,0.08078335373317014,817
0.37839834515366433,54.04411764705882,1.0,0.08088235294117647,816
0.3798758865248227,54.04907975460122,1.0,0.08098159509202454,815
0.3810579196217494,54.054054054054056,1.0,0.08108108108108109,814
0.3826832151300236,54.06403940886699,1.0,0.0812807881773399,812
0.38504728132387706,54.069050554870536,1.0,0.08138101109741061,811
0.3866725768321513,54.074074074074076,1.0,0.08148148148148149,810
0.3875591016548463,54.07911001236094,1.0,0.0815822002472188,809
0.3881501182033097,54.084158415841586,1.0,0.08168316831683169,808
0.3884456264775414,54.08921933085502,1.0,0.08178438661710037,807
0.3891843971631206,54.09429280397022,1.0,0.08188585607940446,806
0.38992316784869974,54.09937888198758,1.0,0.08198757763975155,805
0.3903664302600473,54.1044776119403,1.0,0.08208955223880597,804
0.3908096926713948,54.11985018726592,1.0,0.08239700374531835,801
0.391548463356974,54.125,1.0,0.0825,800
0.39228723404255317,54.13016270337923,1.0,0.08260325406758448,799
0.3927304964539007,54.13533834586466,1.0,0.08270676691729323,798
0.39435579196217496,54.14572864321608,1.0,0.0829145728643216,796
0.3958333333333333,54.15094339622642,1.0,0.0830188679245283,795
0.3962765957446808,54.15617128463476,1.0,0.08312342569269521,794
0.39701536643026003,54.16141235813367,1.0,0.0832282471626734,793
0.39775413711583923,54.171934260429836,1.0,0.08343868520859671,791
0.39819739952718675,54.18250950570342,1.0,0.08365019011406843,789
0.39834515366430256,54.18250950570342,1.0,0.08365019011406843,789
0.39878841607565013,54.19313850063532,1.0,0.08386277001270648,787
0.39937943262411346,54.19847328244275,1.0,0.08396946564885496,786
0.39967494089834515,54.203821656050955,1.0,0.0840764331210191,785
0.39997044917257685,54.214559386973185,1.0,0.0842911877394636,783
0.40056146572104023,54.21994884910486,1.0,0.08439897698209718,782
0.40100472813238774,54.22535211267605,1.0,0.08450704225352113,781
0.4030732860520095,54.230769230769226,1.0,0.08461538461538462,780
0.40632387706855794,54.24164524421594,1.0,0.08483290488431877,778
0.4085401891252955,54.24710424710425,1.0,0.08494208494208494,777
0.40957446808510634,54.24710424710425,1.0,0.08494208494208494,777
0.4097222222222222,54.25806451612903,1.0,0.08516129032258064,775
0.4107565011820331,54.263565891472865,1.0,0.08527131782945736,774
0.41238179669030733,54.269081500646834,1.0,0.08538163001293661,773
0.4151891252955083,54.280155642023345,1.0,0.08560311284046693,771
0.4179964539007092,54.285714285714285,1.0,0.08571428571428572,770
0.41888297872340424,54.29128738621587,1.0,0.0858257477243173,769
0.41917848699763594,54.30247718383312,1.0,0.08604954367666232,767
0.4203605200945626,54.308093994778076,1.0,0.08616187989556136,766
0.421838061465721,54.31372549019608,1.0,0.08627450980392157,765
0.4224290780141844,54.31937172774869,1.0,0.08638743455497382,764
0.4230200945626478,54.32503276539974,1.0,0.08650065530799476,763
0.4240543735224586,54.330708661417326,1.0,0.08661417322834646,762
0.42494089834515364,54.33639947437582,1.0,0.08672798948751642,761
0.425531914893617,54.34210526315789,1.0,0.0868421052631579,760
0.4264184397163121,54.347826086956516,1.0,0.08695652173913043,759
0.42715721040189125,54.35356200527705,1.0,0.0870712401055409,758
0.42745271867612294,54.359313077939234,1.0,0.08718626155878467,757
0.42833924349881797,54.36507936507936,1.0,0.0873015873015873,756
0.4295212765957447,54.37665782493368,1.0,0.08753315649867374,754
0.43011229314420807,54.38247011952191,1.0,0.08764940239043825,753
0.4305555555555556,54.39414114513982,1.0,0.08788282290279627,751
0.4309988179669031,54.400000000000006,1.0,0.088,750
0.4314420803782506,54.40587449933244,1.0,0.08811748998664887,749
0.4323286052009456,54.41767068273092,1.0,0.08835341365461848,747
0.43365839243498816,54.42359249329759,1.0,0.08847184986595175,746
0.4343971631205674,54.42953020134228,1.0,0.08859060402684564,745
0.43469267139479906,54.43548387096774,1.0,0.08870967741935484,744
0.4352836879432624,54.4414535666218,1.0,0.08882907133243607,743
0.43572695035460995,54.447439353099725,1.0,0.0889487870619946,742
0.4360224586288416,54.453441295546554,1.0,0.08906882591093117,741
0.436613475177305,54.45945945945946,1.0,0.0891891891891892,740
0.4376477541371158,54.46549391069012,1.0,0.08930987821380243,739
0.43853427895981084,54.47154471544715,1.0,0.08943089430894309,738
0.4391252955082742,54.483695652173914,1.0,0.08967391304347826,736
0.43971631205673756,54.48979591836734,1.0,0.08979591836734693,735
0.44015957446808507,54.495912806539515,1.0,0.08991825613079019,734
0.44045508274231676,54.50819672131148,1.0,0.09016393442622951,732
0.44075059101654845,54.514363885088926,1.0,0.09028727770177838,731
0.44134160756501184,54.52674897119342,1.0,0.09053497942386832,729
0.44193262411347517,54.53296703296703,1.0,0.09065934065934066,728
0.4425236406619385,54.53920220082531,1.0,0.0907840440165062,727
0.4437056737588652,54.54545454545454,1.0,0.09090909090909091,726
0.4445921985815603,54.55172413793103,1.0,0.0910344827586207,725
0.44636524822695034,54.55801104972375,1.0,0.09116022099447514,724
0.4481382978723404,54.56431535269709,1.0,0.0912863070539419,723
0.4491725768321513,54.57063711911358,1.0,0.09141274238227147,722
0.4502068557919622,54.576976421636616,1.0,0.09153952843273232,721
0.45079787234042556,54.58333333333333,1.0,0.09166666666666666,720
0.452275413711584,54.58970792767733,1.0,0.0917941585535466,719
0.45345744680851063,54.59610027855153,1.0,0.09192200557103064,718
0.4536052009456265,54.60251046025104,1.0,0.09205020920502092,717
0.45390070921985815,54.608938547486034,1.0,0.09217877094972067,716
0.45434397163120566,54.6218487394958,1.0,0.09243697478991597,714
0.4555260047281324,54.62833099579243,1.0,0.09256661991584852,713
0.4571513002364066,54.634831460674164,1.0,0.09269662921348315,712
0.4589243498817967,54.641350210970465,1.0,0.09282700421940929,711
0.46025413711583923,54.647887323943664,1.0,0.09295774647887324,710
0.46069739952718675,54.65444287729196,1.0,0.0930888575458392,709
0.46143617021276595,54.66101694915254,1.0,0.09322033898305085,708
0.46261820330969267,54.66760961810466,1.0,0.09335219236209336,707
0.4635047281323877,54.6742209631728,1.0,0.09348441926345609,706
0.4639479905437352,54.680851063829785,1.0,0.09361702127659574,705
0.4645390070921986,54.6875,1.0,0.09375,704
0.4649822695035461,53.87205387205387,0.9848484848484849,0.09259259259259259,702
0.4652777777777778,53.8786581939221,0.9848484848484849,0.09272467902995721,701
0.4657210401891253,53.88528138528139,0.9848484848484849,0.09285714285714286,700
0.4666075650118203,53.89192352711666,0.9848484848484849,0.09298998569384835,699
0.4676418439716312,53.89858470087696,0.9848484848484849,0.09312320916905444,698
0.46838061465721037,53.90526498847876,0.9848484848484849,0.09325681492109039,697
0.46941489361702127,53.91196447230931,0.9848484848484849,0.09339080459770115,696
0.4701536643026004,53.91196447230931,0.9848484848484849,0.09339080459770115,696
0.47044917257683216,53.92542136057986,0.9848484848484849,0.0936599423631124,694
0.4708924349881797,53.102453102453104,0.9696969696969697,0.09235209235209235,693
0.4713356973995272,53.10912594149588,0.9696969696969697,0.09248554913294797,692
0.4719267139479905,53.11581809411042,0.9696969696969697,0.09261939218523878,691
0.4736997635933806,53.12926067643049,0.9696969696969697,0.09288824383164006,689
0.47606382978723405,53.13601127554616,0.9696969696969697,0.09302325581395349,688
0.47709810874704495,53.142781527061004,0.9696969696969697,0.09315866084425037,687
0.4782801418439716,53.149571516918456,0.9696969696969697,0.09329446064139942,686
0.4796099290780142,53.15638133156382,0.9696969696969697,0.09343065693430656,685
0.4806442080378251,53.163211057947905,0.9696969696969697,0.0935672514619883,684
0.4818262411347518,53.17006078353077,0.9696969696969697,0.09370424597364568,683
0.48256501182033096,53.17693059628543,0.9696969696969697,0.093841642228739,682
0.4831560283687943,53.18382058470165,0.9696969696969697,0.09397944199706314,681
0.4841903073286052,53.190730837789665,0.9696969696969697,0.09411764705882353,680
0.4850768321513002,53.19766144508413,0.9696969696969697,0.09425625920471281,679
0.485224586288416,53.19766144508413,0.9696969696969697,0.09425625920471281,679
0.4858156028368794,53.211584083075955,0.9696969696969697,0.09453471196454949,677
0.4872931442080378,53.218576295499375,0.9696969696969697,0.09467455621301775,676
0.48862293144208035,53.22558922558923,0.9696969696969697,0.09481481481481481,675
0.4895094562647754,53.23262296556065,0.9696969696969697,0.09495548961424333,674
0.4903959810874704,53.23967760817687,0.9696969696969697,0.0950965824665676,673
0.491725768321513,53.24675324675325,0.9696969696969697,0.09523809523809523,672
0.49276004728132383,52.421758569299556,0.9545454545454546,0.09388971684053651,671
0.4930555555555556,52.42876526458616,0.9545454545454546,0.09402985074626866,670
0.4933510638297872,52.44284158954817,0.9545454545454546,0.09431137724550898,668
0.4937943262411348,52.449911407932404,0.9545454545454546,0.0944527736131934,667
0.4943853427895981,52.45700245700245,0.9545454545454546,0.0945945945945946,666
0.4951241134751773,52.46411483253589,0.9545454545454546,0.09473684210526316,665
0.49571513002364065,52.47124863088719,0.9545454545454546,0.09487951807228916,664
0.4958628841607565,52.478403948992195,0.9545454545454546,0.09502262443438914,663
0.49601063829787234,52.4927795351396,0.9545454545454546,0.09531013615733737,661
0.49719267139479906,52.5,0.9545454545454546,0.09545454545454546,660
0.4985224586288416,52.50724237825908,0.9545454545454546,0.09559939301972686,659
0.4989657210401891,52.51450676982592,0.9545454545454546,0.09574468085106383,658
0.4997044917257683,52.52179327521793,0.9545454545454546,0.0958904109589041,657
0.5016252955082743,52.529101995565405,0.9545454545454546,0.09603658536585366,656
0.5032505910165485,52.53643303261624,0.9545454545454546,0.09618320610687023,655
0.5047281323877069,52.543786488740615,0.9545454545454546,0.0963302752293578,654
0.5067966903073287,52.55856107083101,0.9545454545454546,0.09662576687116564,652
0.5078309692671394,52.56598240469208,0.9545454545454546,0.0967741935483871,651
0.5081264775413712,52.57342657342657,0.9545454545454546,0.09692307692307692,650
0.5094562647754137,52.5808936825886,0.9545454545454546,0.0970724191063174,649
0.510933806146572,52.58838383838385,0.9545454545454546,0.09722222222222222,648
0.5121158392434988,52.61857707509881,0.9545454545454546,0.09782608695652174,644
0.5132978723404256,52.62618408030539,0.9545454545454546,0.09797822706065319,643
0.5137411347517731,52.633814783347496,0.9545454545454546,0.09813084112149532,642
0.5141843971631206,52.641469295135444,0.9545454545454546,0.09828393135725429,641
0.5153664302600474,51.813446969696976,0.9393939393939394,0.096875,640
0.5166962174940899,51.82102717313985,0.9393939393939394,0.09702660406885759,639
0.5172872340425532,51.828631138975965,0.9393939393939394,0.09717868338557993,638
0.5178782505910166,51.836258979116124,0.9393939393939394,0.09733124018838304,637
0.5190602836879432,51.84391080617496,0.9393939393939394,0.09748427672955975,636
0.5200945626477541,51.851586733476495,0.9393939393939394,0.09763779527559055,635
0.5205378250591016,51.85928687505975,0.9393939393939394,0.09779179810725552,634
0.5209810874704491,51.86701134568433,0.9393939393939394,0.09794628751974724,633
0.5224586288416075,51.87476026083622,0.9393939393939394,0.0981012658227848,632
0.5237884160756501,51.8903318903319,0.9393939393939394,0.09841269841269841,630
0.5246749408983451,51.906002702181055,0.9393939393939394,0.09872611464968153,628
0.5258569739952719,51.91387559808612,0.9393939393939394,0.09888357256778309,627
0.5264479905437351,51.92177364701327,0.9393939393939394,0.09904153354632587,626
0.5276300236406619,51.92969696969697,0.9393939393939394,0.0992,625
0.5295508274231678,51.9376456876457,0.9393939393939394,0.09935897435897435,624
0.5305851063829787,51.945619923148016,0.9393939393939394,0.09951845906902086,623
0.5308806146572105,51.95361979927897,0.9393939393939394,0.09967845659163987,622
0.5311761229314421,51.96164543990631,0.9393939393939394,0.0998389694041868,621
0.5317671394799055,51.969696969696976,0.9393939393939394,0.1,620
0.532210401891253,51.97777451412347,0.9393939393939394,0.10016155088852989,619
0.5332446808510638,51.985878199470434,0.9393939393939394,0.10032362459546926,618
0.5350177304964538,51.99400815284122,0.9393939393939394,0.10048622366288493,617
0.5361997635933806,52.002164502164504,0.9393939393939394,0.10064935064935066,616
0.5369385342789599,52.01034737620104,0.9393939393939394,0.1008130081300813,615
0.5379728132387707,52.018556904550394,0.9393939393939394,0.10097719869706841,614
0.5397458628841608,52.02679321765782,0.9393939393939394,0.10114192495921696,613
0.5409278959810875,52.03505644682116,0.9393939393939394,0.10130718954248366,612
0.541371158392435,52.04334672419779,0.9393939393939394,0.10147299509001637,611
0.543144208037825,52.05166418281173,0.9393939393939394,0.10163934426229508,610
0.5447695035460993,52.06000895656069,0.9393939393939394,0.10180623973727422,609
0.5452127659574468,52.06838118022329,0.9393939393939394,0.10197368421052631,608
0.5460992907801419,52.07678098946633,0.9393939393939394,0.10214168039538715,607
0.5469858156028369,52.09366391184573,0.9393939393939394,0.1024793388429752,605
0.5475768321513003,52.1021473008228,0.9393939393939394,0.10264900662251655,604
0.5481678486997636,52.11065882707674,0.9393939393939394,0.10281923714759536,603
0.5487588652482269,52.11919863082654,0.9393939393939394,0.10299003322259136,602
0.5500886524822695,52.12776685322442,0.9393939393939394,0.10316139767054909,601
0.5520094562647755,52.13636363636363,0.9393939393939394,0.10333333333333333,600
0.5530437352245863,52.14498912328629,0.9393939393939394,0.10350584307178631,599
0.5534869976359338,52.153643457991286,0.9393939393939394,0.10367892976588629,598
0.5545212765957447,52.16232678544237,0.9393939393939394,0.10385259631490787,597
0.5554078014184397,52.17103925157617,0.9393939393939394,0.1040268456375839,596
0.5559988179669031,52.188552188552194,0.9393939393939394,0.10437710437710437,594
0.5589539007092199,52.197352956206245,0.9393939393939394,0.1045531197301855,593
0.561613475177305,52.20618345618347,0.9393939393939394,0.10472972972972973,592
0.5623522458628841,52.215043839409326,0.9393939393939394,0.10490693739424704,591
0.5632387706855793,52.22393425783256,0.9393939393939394,0.10508474576271186,590
0.5644208037825059,52.23285486443381,0.9393939393939394,0.10526315789473684,589
0.5664893617021276,51.40803262609055,0.9242424242424242,0.10391822827938671,587
0.5678191489361701,51.4168993691178,0.9242424242424242,0.10409556313993173,586
0.5685579196217494,51.42579642579642,0.9242424242424242,0.10427350427350428,585
0.5694444444444444,51.43472395184724,0.9242424242424242,0.10445205479452055,584
0.5698877068557919,51.44368210405946,0.9242424242424242,0.10463121783876501,583
0.5701832151300237,51.452671040299904,0.9242424242424242,0.10481099656357389,582
0.5713652482269503,51.46169091952224,0.9242424242424242,0.10499139414802065,581
0.5731382978723404,51.470741901776385,0.9242424242424242,0.10517241379310345,580
0.5744680851063829,51.47982414821792,0.9242424242424242,0.10535405872193437,579
0.575354609929078,51.48893782111775,0.9242424242424242,0.10553633217993079,578
0.5765366430260048,51.49808308387165,0.9242424242424242,0.10571923743500866,577
0.5783096926713949,51.51646903820817,0.9242424242424242,0.10608695652173913,575
0.5797872340425532,51.525710062295424,0.9242424242424242,0.10627177700348432,574
0.5806737588652482,51.53498334126606,0.9242424242424242,0.10645724258289703,573
0.5814125295508275,51.54428904428904,0.9242424242424242,0.10664335664335664,572
0.5830378250591017,51.56299840510366,0.9242424242424242,0.10701754385964912,570
0.5846631205673758,51.57240240720029,0.9242424242424242,0.10720562390158173,569
0.5852541371158392,51.58183952198036,0.9242424242424242,0.1073943661971831,568
0.5861406619385343,51.591309924643255,0.9242424242424242,0.10758377425044091,567
0.5871749408983451,51.60081379162651,0.9242424242424242,0.10777385159010601,566
0.5880614657210402,51.610351300616784,0.9242424242424242,0.1079646017699115,565
0.5892434988179669,51.629527961677155,0.9242424242424242,0.108348134991119,563
0.5910165484633569,51.63916747546641,0.9242424242424242,0.10854092526690391,562
0.5924940898345153,51.64884135472371,0.9242424242424242,0.10873440285204991,561
0.5932328605200945,51.65854978354978,0.9242424242424242,0.10892857142857143,560
0.593823877068558,51.668292947362715,0.9242424242424242,0.10912343470483005,559
0.5941193853427896,51.67807103290974,0.9242424242424242,0.10931899641577061,558
0.5948581560283688,51.6878842282792,0.9242424242424242,0.10951526032315978,557
0.5967789598108748,51.70761670761671,0.9242424242424242,0.10990990990990991,555
0.5989952718676124,51.71753637457608,0.9242424242424242,0.11010830324909747,554
0.601063829787234,51.727491917365334,0.9242424242424242,0.11030741410488246,553
0.6032801418439716,51.73748353096179,0.9242424242424242,0.1105072463768116,552
0.6044621749408984,51.75757575757576,0.9242424242424242,0.11090909090909092,550
0.60475768321513,50.919026328862394,0.9090909090909091,0.1092896174863388,549
0.6050531914893617,50.928998009289984,0.9090909090909091,0.10948905109489052,548
0.6054964539007093,50.94905094905094,0.9090909090909091,0.10989010989010989,546
0.6060874704491725,50.95913261050875,0.9090909090909091,0.11009174311926606,545
0.6065307328605201,50.97940733299849,0.9090909090909091,0.11049723756906077,543
0.6075650118203311,50.999831961014955,0.9090909090909091,0.11090573012939002,541
0.6085992907801419,51.010101010101,0.9090909090909091,0.1111111111111111,540
0.6088947990543735,50.180241072434384,0.8939393939393939,0.10966542750929369,538
0.6097813238770685,50.19045200609447,0.8939393939393939,0.10986964618249534,537
0.6108156028368794,50.20070104025328,0.8939393939393939,0.11007462686567164,536
0.6119976359338062,50.210988388558484,0.8939393939393939,0.1102803738317757,535
0.6131796690307328,50.23167889021547,0.8939393939393939,0.11069418386491557,533
0.6140661938534279,50.24208247892459,0.8939393939393939,0.11090225563909774,532
0.6151004728132388,50.252525252525245,0.8939393939393939,0.1111111111111111,531
0.6159869976359338,50.2735292432835,0.8939393939393939,0.11153119092627599,529
0.6168735224586288,50.28409090909091,0.8939393939393939,0.11174242424242424,528
0.6174645390070922,50.2946926571215,0.8939393939393939,0.11195445920303605,527
0.6192375886524822,50.3053347159811,0.8939393939393939,0.11216730038022814,526
0.6214539007092198,50.316017316017316,0.8939393939393939,0.11238095238095239,525
0.6224881796690307,50.32674068933611,0.8939393939393939,0.11259541984732824,524
0.6236702127659575,50.33750506981865,0.8939393939393939,0.11281070745697896,523
0.6248522458628842,50.348310693138274,0.8939393939393939,0.11302681992337164,522
0.6260342789598109,50.35915779677775,0.8939393939393939,0.11324376199616124,521
0.6273640661938534,50.370046620046615,0.8939393939393939,0.11346153846153846,520
0.6283983451536643,50.38097740409879,0.8939393939393939,0.11368015414258188,519
0.629580378250591,50.414023960535594,0.8939393939393939,0.11434108527131782,516
0.630466903073286,50.42512503677552,0.8939393939393939,0.1145631067961165,515
0.6310579196217494,50.436269307864634,0.8939393939393939,0.11478599221789883,514
0.6316489361702128,50.44745702640439,0.8939393939393939,0.11500974658869395,513
0.6326832151300237,50.4586884469697,0.8939393939393939,0.115234375,512
0.6337174940898345,50.46996382612821,0.8939393939393939,0.11545988258317025,511
0.634160756501182,50.48128342245989,0.8939393939393939,0.11568627450980393,510
0.6348995271867612,50.49264749657677,0.8939393939393939,0.11591355599214145,509
0.6356382978723404,50.51551013089475,0.8939393939393939,0.11637080867850098,507
0.6362293144208038,50.5270092226614,0.8939393939393939,0.116600790513834,506
0.6366725768321513,50.53855385538554,0.8939393939393939,0.11683168316831684,505
0.6375591016548463,50.5501443001443,0.8939393939393939,0.11706349206349206,504
0.6385933806146572,50.56178083017049,0.8939393939393939,0.1172962226640159,503
0.6390366430260047,50.585193249863906,0.8939393939393939,0.11776447105788423,501
0.6396276595744681,50.596969696969694,0.8939393939393939,0.118,500
0.6403664302600472,50.60879334426428,0.8939393939393939,0.11823647294589178,499
0.6414007092198581,50.63258337906225,0.8939393939393939,0.11871227364185111,497
0.642434988179669,50.64455034213099,0.8939393939393939,0.11895161290322581,496
0.6428782505910166,50.680742516442315,0.8939393939393939,0.11967545638945233,493
0.6431737588652482,50.70511633648089,0.8939393939393939,0.12016293279022404,491
0.6439125295508275,49.85776128633271,0.8787878787878788,0.11836734693877551,490
0.6447990543735225,49.8698642870422,0.8787878787878788,0.11860940695296524,489
0.6455378250591017,49.882016890213606,0.8787878787878788,0.11885245901639344,488
0.646128841607565,49.89421940140626,0.8787878787878788,0.11909650924024641,487
0.6464243498817966,49.906472128694354,0.8787878787878788,0.11934156378600823,486
0.647901891252955,49.91877538269291,0.8787878787878788,0.11958762886597939,485
0.6495271867612293,49.931129476584026,0.8787878787878788,0.11983471074380166,484
0.6499704491725768,49.943534726143426,0.8787878787878788,0.12008281573498965,483
0.6508569739952719,49.10697410697411,0.8636363636363636,0.11850311850311851,481
0.6518912529550828,49.131713797684576,0.8636363636363636,0.11899791231732777,479
0.6523345153664303,49.144161278052486,0.8636363636363636,0.1192468619246862,478
0.6529255319148937,49.15666094911378,0.8636363636363636,0.11949685534591195,477
0.6535165484633569,49.16921313980138,0.8636363636363636,0.11974789915966387,476
0.6539598108747045,49.18181818181818,0.8636363636363636,0.12,475
0.654403073286052,49.19447640966628,0.8636363636363636,0.12025316455696203,474
0.6549940898345153,49.20718816067654,0.8636363636363636,0.12050739957716702,473
0.6560283687943262,49.21995377503852,0.8636363636363636,0.12076271186440678,472
0.6566193853427895,49.21995377503852,0.8636363636363636,0.12076271186440678,472
0.657210401891253,49.24564796905223,0.8636363636363636,0.12127659574468085,470
0.6586879432624113,49.25857724365187,0.8636363636363636,0.12153518123667377,469
0.6600177304964538,49.27156177156177,0.8636363636363636,0.12179487179487179,468
0.6609042553191489,49.284601907728245,0.8636363636363636,0.12205567451820129,467
0.6614952718676124,49.297698010144366,0.8636363636363636,0.1223175965665236,466
0.6631205673758865,49.3108504398827,0.8636363636363636,0.12258064516129032,465
0.6651891252955083,49.32405956112852,0.8636363636363636,0.12284482758620689,464
0.6662234042553192,49.337325741213434,0.8636363636363636,0.12311015118790497,463
0.6679964539007093,49.35064935064935,0.8636363636363636,0.12337662337662338,462
0.6703605200945626,49.364030763163086,0.8636363636363636,0.12364425162689804,461
0.6713947990543736,49.37747035573123,0.8636363636363636,0.12391304347826088,460
0.6716903073286052,49.390968508615565,0.8636363636363636,0.12418300653594772,459
0.6722813238770685,49.404525605398966,0.8636363636363636,0.12445414847161572,458
0.6739066193853428,49.43181818181818,0.8636363636363636,0.125,456
0.6753841607565012,49.44555444555444,0.8636363636363636,0.12527472527472527,455
0.6759751773049645,49.45935122146576,0.8636363636363636,0.12555066079295155,454
0.6770094562647754,49.473208910295,0.8636363636363636,0.12582781456953643,453
0.678339243498818,49.48712791633146,0.8636363636363636,0.1261061946902655,452
0.6795212765957447,48.63266814486327,0.8484848484848485,0.12416851441241686,451
0.6808510638297873,48.64646464646465,0.8484848484848485,0.12444444444444444,450
0.6818853427895981,48.660322602416144,0.8484848484848485,0.12472160356347439,449
0.6824763593380614,48.67424242424242,0.8484848484848485,0.125,448
0.6829196217494089,48.67424242424242,0.8484848484848485,0.125,448
0.6836583924349882,48.70226933007202,0.8484848484848485,0.12556053811659193,446
0.6845449172576832,48.7163772557031,0.8484848484848485,0.1258426966292135,445
0.6855791962174941,48.74478418496477,0.8484848484848485,0.12641083521444696,443
0.686613475177305,48.759084053201704,0.8484848484848485,0.12669683257918551,442
0.6869089834515366,48.77344877344878,0.8484848484848485,0.12698412698412698,441
0.6886820330969268,48.78787878787879,0.8484848484848485,0.12727272727272726,440
0.6904550827423168,48.80237454269345,0.8484848484848485,0.1275626423690205,439
0.6907505910165485,48.81693648816937,0.8484848484848485,0.1278538812785388,438
0.6910460992907801,48.84626077286628,0.8484848484848485,0.12844036697247707,436
0.6913416075650118,48.86102403343783,0.8484848484848485,0.12873563218390804,435
0.6916371158392435,48.87585532746823,0.8484848484848485,0.12903225806451613,434
0.6919326241134751,48.890755126320954,0.8484848484848485,0.12933025404157045,433
0.6922281323877069,48.90572390572391,0.8484848484848485,0.12962962962962962,432
0.6925236406619386,48.92076214582015,0.8484848484848485,0.12993039443155452,431
0.6935579196217494,48.07692307692308,0.8333333333333334,0.1282051282051282,429
0.6948877068557919,48.09190031152648,0.8333333333333334,0.12850467289719625,428
0.6954787234042553,48.106947697111636,0.8333333333333334,0.1288056206088993,427
0.696660756501182,48.12206572769953,0.8333333333333334,0.12910798122065728,426
0.697695035460993,48.13725490196079,0.8333333333333334,0.12941176470588237,425
0.6978427895981087,48.15251572327044,0.8333333333333334,0.12971698113207547,424
0.6981382978723404,48.18325434439179,0.8333333333333334,0.13033175355450238,422
0.6985815602836879,48.198733174980205,0.8333333333333334,0.13064133016627077,421
0.6994680851063829,48.214285714285715,0.8333333333333334,0.13095238095238096,420
0.7006501182033097,48.229912490055696,0.8333333333333334,0.13126491646778043,419
0.7013888888888888,48.24561403508772,0.8333333333333334,0.13157894736842105,418
0.7015366430260048,48.27724358974359,0.8333333333333334,0.13221153846153846,416
0.7018321513002365,48.29317269076305,0.8333333333333334,0.13253012048192772,415
0.7025709219858156,48.32526230831316,0.8333333333333334,0.13317191283292978,413
0.7033096926713948,48.34142394822006,0.8333333333333334,0.13349514563106796,412
0.7039007092198581,48.3739837398374,0.8333333333333334,0.13414634146341464,410
0.7046394799054374,48.390383048084765,0.8333333333333334,0.13447432762836187,409
0.7059692671394799,48.40686274509804,0.8333333333333334,0.13480392156862744,408
0.7072990543735225,48.42342342342343,0.8333333333333334,0.13513513513513514,407
0.7078900709219859,48.45679012345679,0.8333333333333334,0.13580246913580246,405
0.7092198581560284,48.473597359735976,0.8333333333333334,0.13613861386138615,404
0.7117316784869976,48.49048800661704,0.8333333333333334,0.13647642679900746,403
0.713209219858156,48.507462686567166,0.8333333333333334,0.13681592039800994,402
0.7135047281323877,48.52452202826268,0.8333333333333334,0.1371571072319202,401
0.7143912529550828,48.54166666666667,0.8333333333333334,0.1375,400
0.7154255319148937,48.558897243107765,0.8333333333333334,0.13784461152882205,399
0.7160165484633569,48.57621440536013,0.8333333333333334,0.13819095477386933,398
0.7164598108747045,48.5936188077246,0.8333333333333334,0.1385390428211587,397
0.7167553191489362,48.628691983122366,0.8333333333333334,0.13924050632911392,395
0.7174940898345153,48.66412213740458,0.8333333333333334,0.13994910941475827,393
0.7183806146572105,48.68197278911565,0.8333333333333334,0.14030612244897958,392
0.7192671394799055,48.6999147485081,0.8333333333333334,0.14066496163682865,391
0.7200059101654847,48.71794871794872,0.8333333333333334,0.14102564102564102,390
0.7204491725768322,48.73607540702657,0.8333333333333334,0.14138817480719795,389
0.7208924349881797,48.754295532646054,0.8333333333333334,0.14175257731958762,388
0.7213356973995272,48.77260981912145,0.8333333333333334,0.1421188630490956,387
0.7225177304964538,48.79101899827288,0.8333333333333334,0.14248704663212436,386
0.7235520094562647,48.80952380952381,0.8333333333333334,0.14285714285714285,385
0.7247340425531915,48.828125,0.8333333333333334,0.14322916666666666,384
0.726063829787234,48.846823324630115,0.8333333333333334,0.14360313315926893,383
0.7268026004728132,48.86561954624782,0.8333333333333334,0.14397905759162305,382
0.7275413711583925,48.88451443569554,0.8333333333333334,0.14435695538057744,381
0.7282801418439717,48.90350877192983,0.8333333333333334,0.14473684210526316,380
0.7294621749408983,48.94179894179894,0.8333333333333334,0.1455026455026455,378
0.7303486997635934,48.98049645390071,0.8333333333333334,0.14627659574468085,376
0.7309397163120568,49.0,0.8333333333333334,0.14666666666666667,375
0.7318262411347518,49.039320822162644,0.8333333333333334,0.14745308310991956,373
0.7330082742316785,49.05913978494624,0.8333333333333334,0.1478494623655914,372
0.7340425531914894,49.07906558849955,0.8333333333333334,0.14824797843665768,371
0.7349290780141844,49.0990990990991,0.8333333333333334,0.14864864864864866,370
0.7356678486997636,49.11924119241193,0.8333333333333334,0.14905149051490515,369
0.736111111111111,49.139492753623195,0.8333333333333334,0.14945652173913043,368
0.7365543735224586,49.15985467756585,0.8333333333333334,0.14986376021798364,367
0.7372931442080378,49.200913242009136,0.8333333333333334,0.1506849315068493,365
0.7386229314420805,49.22161172161172,0.8333333333333334,0.1510989010989011,364
0.739952718676123,48.347107438016536,0.8181818181818182,0.1487603305785124,363
0.7406914893617021,48.388315285822216,0.8181818181818182,0.14958448753462603,361
0.7411347517730497,48.409090909090914,0.8181818181818182,0.15,360
0.7421690307328606,48.429982273993424,0.8181818181818182,0.15041782729805014,359
0.7430555555555556,47.553749788386654,0.803030303030303,0.14804469273743018,358
0.7434988179669031,47.595335376234246,0.803030303030303,0.14887640449438203,356
0.7446808510638299,47.61630388390952,0.803030303030303,0.14929577464788732,355
0.7466016548463357,47.63739085772984,0.803030303030303,0.1497175141242938,354
0.7476359338061467,47.65859730448965,0.803030303030303,0.1501416430594901,353
0.7477836879432624,47.67992424242424,0.803030303030303,0.15056818181818182,352
0.7480791962174941,47.701372701372705,0.803030303030303,0.150997150997151,351
0.7486702127659575,47.722943722943725,0.803030303030303,0.15142857142857144,350
0.7498522458628842,47.744638360684206,0.803030303030303,0.1518624641833811,349
0.7507387706855793,47.76645768025078,0.803030303030303,0.15229885057471265,348
0.7510342789598109,47.788402759584315,0.803030303030303,0.15273775216138327,347
0.7513297872340425,47.8104746890874,0.803030303030303,0.1531791907514451,346
0.75177304964539,47.83267457180501,0.803030303030303,0.1536231884057971,345
0.7523640661938534,47.855003523608175,0.803030303030303,0.15406976744186046,344
0.7528073286052009,46.99627857522594,0.7878787878787878,0.15204678362573099,342
0.7532505910165485,47.040998217468804,0.7878787878787878,0.15294117647058825,340
0.7538416075650118,47.06355591311343,0.7878787878787878,0.15339233038348082,339
0.7541371158392436,47.086247086247084,0.7878787878787878,0.15384615384615385,338
0.7545803782505911,47.10907292509666,0.7878787878787878,0.1543026706231454,337
0.7551713947990544,47.13203463203463,0.7878787878787878,0.15476190476190477,336
0.7554669030732861,47.15513342379014,0.7878787878787878,0.15522388059701492,335
0.7560579196217494,47.2017472017472,0.7878787878787878,0.15615615615615616,333
0.7578309692671394,47.22526469514421,0.7878787878787878,0.1566265060240964,332
0.7593085106382979,47.24892428819921,0.7878787878787878,0.15709969788519637,331
0.7597517730496454,47.27272727272727,0.7878787878787878,0.15757575757575756,330
0.760933806146572,47.296674956249426,0.7878787878787878,0.1580547112462006,329
0.7621158392434988,47.32076866223208,0.7878787878787878,0.15853658536585366,328
0.7627068557919622,47.34500973033083,0.7878787878787878,0.15902140672782875,327
0.7631501182033097,47.36939951663878,0.7878787878787878,0.15950920245398773,326
0.7634456264775413,47.39393939393939,0.7878787878787878,0.16,325
0.7641843971631206,47.41863075196409,0.7878787878787878,0.16049382716049382,324
0.7653664302600472,47.46847355543007,0.7878787878787878,0.16149068322981366,322
0.7662529550827423,47.493627867459644,0.7878787878787878,0.16199376947040497,321
0.7665484633569739,47.493627867459644,0.7878787878787878,0.16199376947040497,321
0.7666962174940899,47.57004002287021,0.7878787878787878,0.16352201257861634,318
0.7672872340425532,47.595832138418885,0.7878787878787878,0.1640378548895899,317
0.7680260047281324,47.62178749520521,0.7878787878787878,0.16455696202531644,316
0.7690602836879432,47.647907647907644,0.7878787878787878,0.16507936507936508,315
0.7699468085106383,47.674194171009454,0.7878787878787878,0.16560509554140126,314
0.7705378250591017,47.70064865911511,0.7878787878787878,0.16613418530351437,313
0.7712765957446809,47.72727272727273,0.7878787878787878,0.16666666666666666,312
0.7717198581560284,47.754068011302735,0.7878787878787878,0.16720257234726688,311
0.7723108747044918,47.80817887614004,0.7878787878787878,0.16828478964401294,309
0.7730496453900709,47.83549783549783,0.7878787878787878,0.16883116883116883,308
0.7734929078014184,47.862994768532225,0.7878787878787878,0.16938110749185667,307
0.7740839243498818,47.89067142008319,0.7878787878787878,0.16993464052287582,306
0.7751182033096927,47.91852955787382,0.7878787878787878,0.17049180327868851,305
0.7760047281323877,47.94657097288676,0.7878787878787878,0.17105263157894737,304
0.7764479905437351,47.97479747974797,0.7878787878787878,0.1716171617161716,303
0.7770390070921986,48.0032109171182,0.7878787878787878,0.17218543046357615,302
0.7776300236406619,48.03181314809222,0.7878787878787878,0.17275747508305647,301
0.7780732860520094,48.08959156785244,0.7878787878787878,0.17391304347826086,299
0.7785165484633569,48.11877160870449,0.7878787878787878,0.174496644295302,298
0.7795508274231678,48.148148148148145,0.7878787878787878,0.1750841750841751,297
0.782210401891253,48.17772317772317,0.7878787878787878,0.17567567567567569,296
0.7841312056737588,48.23747680890538,0.7878787878787878,0.17687074829931973,294
0.7845744680851063,48.26765953045816,0.7878787878787878,0.17747440273037543,293
0.7853132387706856,48.29804898298049,0.7878787878787878,0.1780821917808219,292
0.785904255319149,48.32864729771946,0.7878787878787878,0.17869415807560138,291
0.7863475177304965,48.3594566353187,0.7878787878787878,0.1793103448275862,290
0.7870862884160756,48.390479186326935,0.7878787878787878,0.17993079584775087,289
0.787677304964539,48.42171717171717,0.7878787878787878,0.18055555555555555,288
0.7879728132387707,48.453172843416745,0.7878787878787878,0.18118466898954705,287
0.788563829787234,48.484848484848484,0.7878787878787878,0.18181818181818182,286
0.7891548463356974,48.516746411483254,0.7878787878787878,0.1824561403508772,285
0.7894503546099291,48.581218545882855,0.7878787878787878,0.18374558303886926,283
0.7897458628841607,48.613797549967764,0.7878787878787878,0.18439716312056736,282
0.7901891252955082,48.6466084330853,0.7878787878787878,0.18505338078291814,281
0.7907801418439716,48.679653679653676,0.7878787878787878,0.18571428571428572,280
0.791371158392435,48.712935809710004,0.7878787878787878,0.1863799283154122,279
0.7918144208037825,48.78022098238704,0.7878787878787878,0.18772563176895307,277
0.7929964539007092,48.81422924901185,0.7878787878787878,0.18840579710144928,276
0.7952127659574468,48.848484848484844,0.7878787878787878,0.1890909090909091,275
0.7965425531914894,48.882990488829904,0.7878787878787878,0.1897810218978102,274
0.7975768321513003,48.917748917748916,0.7878787878787878,0.19047619047619047,273
0.7987588652482269,48.95276292335116,0.7878787878787878,0.19117647058823528,272
0.7992021276595744,48.988035334898804,0.7878787878787878,0.1918819188191882,271
0.8017139479905437,49.023569023569024,0.7878787878787878,0.1925925925925926,270
0.8043735224586288,49.05936690323307,0.7878787878787878,0.19330855018587362,269
0.8049645390070922,49.095431931252826,0.7878787878787878,0.19402985074626866,268
0.8058510638297872,49.1317671092952,0.7878787878787878,0.1947565543071161,267
0.8067375886524822,49.168375484164955,0.7878787878787878,0.19548872180451127,266
0.8071808510638298,48.259005145797595,0.7727272727272727,0.19245283018867926,265
0.8074763593380614,48.33218112685793,0.7727272727272727,0.19391634980988592,263
0.8076241134751774,48.36918806384455,0.7727272727272727,0.1946564885496183,262
0.807919621749409,48.40647857889237,0.7727272727272727,0.19540229885057472,261
0.8085106382978724,48.44405594405594,0.7727272727272727,0.19615384615384615,260
0.8091016548463357,48.48192348192348,0.7727272727272727,0.1969111969111969,259
0.8095449172576832,48.520084566596196,0.7727272727272727,0.19767441860465115,258
0.8099881796690307,48.55854262469048,0.7727272727272727,0.19844357976653695,257
0.8110224586288416,48.59730113636363,0.7727272727272727,0.19921875,256
0.8119089834515366,48.63636363636363,0.7727272727272727,0.2,255
0.8126477541371159,48.67573371510379,0.7727272727272727,0.20078740157480315,254
0.8138297872340425,48.715415019762844,0.7727272727272727,0.2015810276679842,253
0.8145685579196218,48.75541125541125,0.7727272727272727,0.20238095238095238,252
0.8156028368794326,48.79572618616444,0.7727272727272727,0.20318725099601595,251
0.8166371158392435,48.836363636363636,0.7727272727272727,0.204,250
0.8169326241134752,48.87732749178532,0.7727272727272727,0.20481927710843373,249
0.8172281323877069,48.91862170087977,0.7727272727272727,0.2056451612903226,248
0.8173758865248226,48.91862170087977,0.7727272727272727,0.2056451612903226,248
0.8176713947990544,49.00221729490022,0.7727272727272727,0.2073170731707317,246
0.8182624113475178,49.04452690166976,0.7727272727272727,0.20816326530612245,245
0.8187056737588653,49.08718330849479,0.7727272727272727,0.20901639344262296,244
0.8190011820330969,49.13019079685746,0.7727272727272727,0.20987654320987653,243
0.8203309692671394,49.17355371900826,0.7727272727272727,0.21074380165289255,242
0.8219562647754137,49.21727649943418,0.7727272727272727,0.21161825726141079,241
0.8232860520094563,49.26136363636363,0.7727272727272727,0.2125,240
0.8247635933806147,49.30581970330924,0.7727272727272727,0.21338912133891214,239
0.8255023640661938,49.35064935064935,0.7727272727272727,0.21428571428571427,238
0.8260933806146572,49.39585730724971,0.7727272727272727,0.21518987341772153,237
0.8268321513002364,49.441448382126346,0.7727272727272727,0.21610169491525424,236
0.8272754137115839,48.517085751128306,0.7575757575757576,0.2127659574468085,235
0.8275709219858156,48.562548562548564,0.7575757575757576,0.21367521367521367,234
0.8278664302600474,48.608401612693456,0.7575757575757576,0.2145922746781116,233
0.8283096926713948,48.65464994775339,0.7575757575757576,0.21551724137931033,232
0.8287529550827423,48.701298701298704,0.7575757575757576,0.21645021645021645,231
0.8296394799054374,48.74835309617918,0.7575757575757576,0.21739130434782608,230
0.8306737588652482,48.79581844647347,0.7575757575757576,0.2183406113537118,229
0.8315602836879432,48.89200373781871,0.7575757575757576,0.22026431718061673,227
0.83274231678487,48.98989898989899,0.7575757575757576,0.2222222222222222,225
0.8339243498817966,49.03950216450216,0.7575757575757576,0.22321428571428573,224
0.8348108747044918,49.14004914004914,0.7575757575757576,0.22522522522522523,222
0.835401891252955,48.207184971890854,0.7424242424242424,0.22171945701357465,221
0.8361406619385343,48.25757575757576,0.7424242424242424,0.22272727272727272,220
0.8367316784869976,48.30842673308426,0.7424242424242424,0.2237442922374429,219
0.8371749408983451,48.359744231303864,0.7424242424242424,0.22477064220183487,218
0.8383569739952719,48.411534701857285,0.7424242424242424,0.22580645161290322,217
0.8401300236406619,48.46380471380471,0.7424242424242424,0.22685185185185186,216
0.8416075650118203,48.569810252053244,0.7424242424242424,0.22897196261682243,214
0.8427895981087471,48.62355953905249,0.7424242424242424,0.2300469483568075,213
0.8444148936170213,48.67781589479703,0.7424242424242424,0.23113207547169812,212
0.845596926713948,48.73258652879506,0.7424242424242424,0.23222748815165878,211
0.8460401891252955,48.843700159489636,0.7424242424242424,0.23444976076555024,209
0.8466312056737588,48.90005827505828,0.7424242424242424,0.23557692307692307,208
0.8470744680851064,48.956960913482646,0.7424242424242424,0.23671497584541062,207
0.8473699763593381,49.014416004707265,0.7424242424242424,0.23786407766990292,206
0.8476654846335697,49.07243163340724,0.7424242424242424,0.23902439024390243,205
0.8488475177304965,49.13101604278075,0.7424242424242424,0.24019607843137256,204
0.8500295508274232,49.190177638453505,0.7424242424242424,0.2413793103448276,203
0.8503250591016548,49.24992499249925,0.7424242424242424,0.24257425742574257,202
0.8506205673758865,49.31026684758028,0.7424242424242424,0.24378109452736318,201
0.851063829787234,49.371212121212125,0.7424242424242424,0.245,200
0.8515070921985816,49.43276991015685,0.7424242424242424,0.24623115577889448,199
0.852098108747045,48.484848484848484,0.7272727272727273,0.24242424242424243,198
0.8534278959810875,48.60853432282004,0.7272727272727273,0.24489795918367346,196
0.85475768321513,48.67132867132867,0.7272727272727273,0.24615384615384617,195
0.855644208037825,48.73477038425492,0.7272727272727273,0.24742268041237114,194
0.8563829787234043,48.79886952425812,0.7272727272727273,0.24870466321243523,193
0.8581560283687943,48.86363636363637,0.7272727272727273,0.25,192
0.8597813238770685,48.92908138981438,0.7272727272727273,0.2513089005235602,191
0.8605200945626478,48.995215311004785,0.7272727272727273,0.25263157894736843,190
0.8614066193853428,49.06204906204906,0.7272727272727273,0.25396825396825395,189
0.8618498817966903,49.129593810444874,0.7272727272727273,0.2553191489361702,188
0.8622931442080378,49.19786096256685,0.7272727272727273,0.25668449197860965,187
0.8631796690307328,49.266862170087975,0.7272727272727273,0.25806451612903225,186
0.8642139479905437,49.336609336609335,0.7272727272727273,0.2594594594594595,185
0.864804964539007,48.37779973649539,0.7121212121212122,0.2554347826086957,184
0.8651004728132388,48.44759066070542,0.7121212121212122,0.2568306010928962,183
0.8653959810874704,48.51814851814852,0.7121212121212122,0.25824175824175827,182
0.8656914893617021,48.58948602042525,0.7121212121212122,0.2596685082872928,181
0.8664302600472813,48.66161616161616,0.7121212121212122,0.2611111111111111,180
0.8684988179669031,48.73455222617234,0.7121212121212122,0.26256983240223464,179
0.8701241134751773,48.80830779707184,0.7121212121212122,0.2640449438202247,178
0.8707151300236406,48.8828967642527,0.7121212121212122,0.2655367231638418,177
0.8714539007092199,48.958333333333336,0.7121212121212122,0.26704545454545453,176
0.8720449172576832,49.03463203463204,0.7121212121212122,0.26857142857142857,175
0.8733747044917257,49.11180773249739,0.7121212121212122,0.27011494252873564,174
0.8745567375886525,49.18987563496234,0.7121212121212122,0.27167630057803466,173
0.8751477541371158,49.268851303735026,0.7121212121212122,0.27325581395348836,172
0.8757387706855793,49.34875066454014,0.7121212121212122,0.27485380116959063,171
0.8766252955082743,49.42959001782531,0.7121212121212122,0.27647058823529413,170
0.877807328605201,48.45795230410616,0.696969696969697,0.27218934911242604,169
0.8791371158392436,48.53896103896104,0.696969696969697,0.27380952380952384,168
0.8801713947990544,47.64512595837896,0.6818181818181818,0.2710843373493976,166
0.8806146572104019,47.72727272727273,0.6818181818181818,0.2727272727272727,165
0.8815011820330969,47.810421286031044,0.6818181818181818,0.27439024390243905,164
0.8822399527186762,47.89459007250419,0.6818181818181818,0.27607361963190186,163
0.8826832151300237,46.913580246913575,0.6666666666666666,0.2716049382716049,162
0.8831264775413712,46.997929606625256,0.6666666666666666,0.2732919254658385,161
0.8834219858156028,47.257383966244724,0.6666666666666666,0.27848101265822783,158
0.8838652482269503,47.346072186836516,0.6666666666666666,0.2802547770700637,157
0.8843085106382979,46.357808857808855,0.6515151515151515,0.27564102564102566,156
0.8846040189125295,45.36656891495601,0.6363636363636364,0.2709677419354839,155
0.8848995271867612,45.45454545454545,0.6363636363636364,0.2727272727272727,154
0.8865248226950354,45.633971291866025,0.6363636363636364,0.27631578947368424,152
0.8882978723404256,45.725466586393736,0.6363636363636364,0.2781456953642384,151
0.8887411347517731,45.81818181818182,0.6363636363636364,0.28,150
0.8890366430260047,45.91214154972544,0.6363636363636364,0.28187919463087246,149
0.8894799054373522,46.007371007371006,0.6363636363636364,0.28378378378378377,148
0.8900709219858156,45.10170195101702,0.6212121212121212,0.2808219178082192,146
0.8911052009456264,45.19853709508882,0.6212121212121212,0.2827586206896552,145
0.8921394799054373,44.19191919191919,0.6060606060606061,0.2777777777777778,144
0.8924349881796689,44.19191919191919,0.6060606060606061,0.2777777777777778,144
0.8927304964539007,44.387537345283825,0.6060606060606061,0.28169014084507044,142
0.8931737588652482,44.58874458874459,0.6060606060606061,0.2857142857142857,140
0.8945035460992907,44.691519511663394,0.6060606060606061,0.28776978417266186,139
0.8958333333333333,44.90157044901571,0.6060606060606061,0.291970802919708,137
0.8967198581560283,45.00891265597148,0.6060606060606061,0.29411764705882354,136
0.8977541371158393,45.22840343735866,0.6060606060606061,0.29850746268656714,134
0.8981973995271868,44.20710868079289,0.5909090909090909,0.2932330827067669,133
0.8987884160756501,44.430950728660655,0.5909090909090909,0.29770992366412213,131
0.8993794326241135,44.54545454545455,0.5909090909090909,0.3,130
0.9002659574468085,44.66173361522199,0.5909090909090909,0.3023255813953488,129
0.9013002364066194,44.77982954545455,0.5909090909090909,0.3046875,128
0.9026300236406619,44.89978525411596,0.5909090909090909,0.30708661417322836,127
0.9045508274231678,45.14545454545454,0.5909090909090909,0.312,125
0.9055851063829787,45.27126099706745,0.5909090909090909,0.31451612903225806,124
0.9064716312056738,44.2350332594235,0.5757575757575758,0.3089430894308943,123
0.9079491725768322,44.36164927968207,0.5757575757575758,0.3114754098360656,122
0.9092789598108747,44.490358126721766,0.5757575757575758,0.3140495867768595,121
0.9106087470449173,43.446969696969695,0.5606060606060606,0.30833333333333335,120
0.9114952718676124,43.576521517697984,0.5606060606060606,0.31092436974789917,119
0.911790780141844,43.708269131997945,0.5606060606060606,0.3135593220338983,118
0.9122340425531915,43.84226884226884,0.5606060606060606,0.3162393162393162,117
0.9128250591016548,43.97857889237199,0.5606060606060606,0.31896551724137934,116
0.9131205673758864,43.97857889237199,0.5606060606060606,0.31896551724137934,116
0.9132683215130024,44.25837320574163,0.5606060606060606,0.32456140350877194,114
0.913563829787234,43.20193081255028,0.5454545454545454,0.3185840707964602,113
0.9138593380614657,42.140151515151516,0.5303030303030303,0.3125,112
0.9157801418439717,42.28091728091728,0.5303030303030303,0.3153153153153153,111
0.9182919621749409,42.57019738671115,0.5303030303030303,0.3211009174311927,109
0.9191784869976359,42.71885521885522,0.5303030303030303,0.32407407407407407,108
0.9194739952718676,42.8702917020674,0.5303030303030303,0.32710280373831774,107
0.9197695035460993,43.02458547741567,0.5303030303030303,0.330188679245283,106
0.920065011820331,43.18181818181818,0.5303030303030303,0.3333333333333333,105
0.9203605200945626,42.2624301265078,0.5151515151515151,0.3300970873786408,103
0.9212470449172576,42.42424242424242,0.5151515151515151,0.3333333333333333,102
0.9222813238770685,42.589258925892594,0.5151515151515151,0.33663366336633666,101
0.9230200945626477,42.75757575757576,0.5151515151515151,0.34,100
0.923611111111111,42.92929292929293,0.5151515151515151,0.3434343434343434,99
0.9239066193853428,41.83673469387755,0.5,0.336734693877551,98
0.9243498817966903,40.90909090909091,0.48484848484848486,0.3333333333333333,96
0.9247931442080378,41.08452950558213,0.48484848484848486,0.3368421052631579,95
0.9250886524822695,41.26370083816893,0.48484848484848486,0.3404255319148936,94
0.9253841607565012,41.44672531769306,0.48484848484848486,0.34408602150537637,93
0.926418439716312,41.63372859025033,0.48484848484848486,0.34782608695652173,92
0.9276004728132388,41.824841824841826,0.48484848484848486,0.3516483516483517,91
0.9280437352245863,42.02020202020202,0.48484848484848486,0.35555555555555557,90
0.9284869976359338,42.219952332311884,0.48484848484848486,0.3595505617977528,89
0.9290780141843972,41.09848484848485,0.4696969696969697,0.3522727272727273,88
0.9298167848699763,41.30094043887148,0.4696969696969697,0.3563218390804598,87
0.9304078014184397,41.508104298801975,0.4696969696969697,0.36046511627906974,86
0.9308510638297872,41.72014260249555,0.4696969696969697,0.36470588235294116,85
0.9326241134751773,41.93722943722944,0.4696969696969697,0.36904761904761907,84
0.9342494089834515,41.01995565410199,0.45454545454545453,0.36585365853658536,82
0.9352836879432624,41.24579124579124,0.45454545454545453,0.37037037037037035,81
0.9373522458628841,40.09469696969697,0.4393939393939394,0.3625,80
0.9385342789598108,40.09469696969697,0.4393939393939394,0.3625,80
0.9391252955082743,40.55944055944056,0.4393939393939394,0.3717948717948718,78
0.9404550827423168,40.80086580086581,0.4393939393939394,0.37662337662337664,77
0.9413416075650118,39.633173843700156,0.42424242424242425,0.3684210526315789,76
0.9419326241134751,39.87878787878788,0.42424242424242425,0.37333333333333335,75
0.9425236406619385,38.697788697788695,0.4090909090909091,0.36486486486486486,74
0.9434101654846335,38.94769613947696,0.4090909090909091,0.3698630136986301,73
0.9442966903073285,39.20454545454546,0.4090909090909091,0.375,72
0.9445921985815603,36.79653679653679,0.3787878787878788,0.35714285714285715,70
0.9454787234042553,35.573122529644266,0.36363636363636365,0.34782608695652173,69
0.9468085106382979,34.58842152872003,0.3484848484848485,0.34328358208955223,67
0.9481382978723405,34.84848484848485,0.3484848484848485,0.3484848484848485,66
0.9490248226950355,35.116550116550115,0.3484848484848485,0.35384615384615387,65
0.9496158392434988,35.39299242424242,0.3484848484848485,0.359375,64
0.950354609929078,35.678210678210675,0.3484848484848485,0.36507936507936506,63
0.9507978723404256,34.69945355191257,0.3333333333333333,0.36065573770491804,61
0.9512411347517731,35.0,0.3333333333333333,0.36666666666666664,60
0.9518321513002364,35.31073446327684,0.3333333333333333,0.3728813559322034,59
0.952275413711584,35.63218390804598,0.3333333333333333,0.3793103448275862,58
0.9527186761229315,35.96491228070175,0.3333333333333333,0.38596491228070173,57
0.9536052009456265,36.30952380952381,0.3333333333333333,0.39285714285714285,56
0.9556737588652482,36.66666666666667,0.3333333333333333,0.4,55
0.9575945626477541,37.03703703703704,0.3333333333333333,0.4074074074074074,54
0.9580378250591017,37.42138364779875,0.3333333333333333,0.41509433962264153,53
0.9583333333333334,37.82051282051282,0.3333333333333333,0.4230769230769231,52
0.9590721040189125,36.49732620320856,0.3181818181818182,0.4117647058823529,51
0.9598108747044918,36.90909090909091,0.3181818181818182,0.42,50
0.9602541371158393,34.18560606060606,0.2878787878787879,0.3958333333333333,48
0.9605496453900709,34.6067053513862,0.2878787878787879,0.40425531914893614,47
0.9608451536643026,35.046113306982875,0.2878787878787879,0.41304347826086957,46
0.961436170212766,35.505050505050505,0.2878787878787879,0.4222222222222222,45
0.9620271867612293,35.984848484848484,0.2878787878787879,0.4318181818181818,44
0.9626182033096926,37.01298701298701,0.2878787878787879,0.4523809523809524,42
0.963209219858156,36.13636363636363,0.2727272727272727,0.45,40
0.9635047281323877,36.71328671328671,0.2727272727272727,0.46153846153846156,39
0.9639479905437353,37.32057416267942,0.2727272727272727,0.47368421052631576,38
0.9645390070921986,35.85176085176085,0.25757575757575757,0.4594594594594595,37
0.9652777777777778,36.48989898989899,0.25757575757575757,0.4722222222222222,36
0.9667553191489362,34.97835497835497,0.24242424242424243,0.45714285714285713,35
0.9685283687943262,35.650623885918,0.24242424242424243,0.47058823529411764,34
0.969562647754137,36.36363636363637,0.24242424242424243,0.48484848484848486,33
0.9707446808510638,37.92766373411535,0.24242424242424243,0.5161290322580645,31
0.9723699763593381,36.36363636363637,0.22727272727272727,0.5,30
0.973404255319149,34.74399164054336,0.21212121212121213,0.4827586206896552,29
0.9748817966903074,35.60606060606061,0.21212121212121213,0.5,28
0.9778368794326242,34.84848484848485,0.19696969696969696,0.5,26
0.97975768321513,35.84848484848485,0.19696969696969696,0.52,25
0.9800531914893618,36.93181818181818,0.19696969696969696,0.5416666666666666,24
0.9804964539007093,38.109354413702235,0.19696969696969696,0.5652173913043478,23
0.9815307328605201,39.39393939393939,0.19696969696969696,0.5909090909090909,22
0.9827127659574468,37.66233766233766,0.18181818181818182,0.5714285714285714,21
0.9833037825059101,35.833333333333336,0.16666666666666666,0.55,20
0.9835992907801419,37.280701754385966,0.16666666666666666,0.5789473684210527,19
0.984338061465721,35.35353535353536,0.15151515151515152,0.5555555555555556,18
0.985224586288416,33.288770053475936,0.13636363636363635,0.5294117647058824,17
0.9858156028368794,31.060606060606062,0.12121212121212122,0.5,16
0.9862588652482269,32.72727272727273,0.12121212121212122,0.5333333333333333,15
0.987145390070922,34.63203463203463,0.12121212121212122,0.5714285714285714,14
0.9881796690307328,32.226107226107224,0.10606060606060606,0.5384615384615384,13
0.9887706855791962,29.545454545454547,0.09090909090909091,0.5,12
0.9895094562647755,31.818181818181817,0.09090909090909091,0.5454545454545454,11
0.9901004728132388,28.78787878787879,0.07575757575757576,0.5,10
0.9905437352245863,25.25252525252525,0.06060606060606061,0.4444444444444444,9
0.9912825059101655,28.030303030303028,0.06060606060606061,0.5,8
0.9920212765957447,31.601731601731597,0.06060606060606061,0.5714285714285714,7
0.9932033096926713,27.27272727272727,0.045454545454545456,0.5,6
0.9943853427895981,32.272727272727266,0.045454545454545456,0.6,5
0.9952718676122931,26.515151515151516,0.030303030303030304,0.5,4
0.9967494089834515,17.424242424242422,0.015151515151515152,0.3333333333333333,3
0.9979314420803782,25.757575757575758,0.015151515151515152,0.5,2
0.9988179669030732,0.0,0.0,0.0,1
0.9997044917257683,0.0,0.0,0.0,0
1.000001,0.0,0.0,0.0,0
