CoilID,Y,v4_oof_proba
758,1,0.7419108083658685
75,1,0.7068444167592403
687,1,0.6066786603311058
73,1,0.6002095950562779
686,1,0.5818230898084322
581,1,0.5681436303524213
524,1,0.5654333019145198
579,1,0.5430737161483989
373,1,0.5383311307163872
653,1,0.5256538051516292
530,1,0.5228314230076372
688,1,0.5073949145299789
580,1,0.5049082343588046
1110,1,0.48237901497426333
763,1,0.4757923312721314
837,1,0.46908798604574564
650,1,0.4658837286866995
126,1,0.46552152372682204
87,1,0.4466630866395109
957,1,0.43883177672969803
531,1,0.4266362745709317
541,1,0.402587509352195
655,1,0.3742130492404182
1083,1,0.35143418632179135
296,1,0.3499283655378083
1080,1,0.3496941950313047
1181,1,0.34073732286589875
74,1,0.3402390893864814
820,1,0.3348089522732126
818,1,0.32495718415724495
823,1,0.30099330783696365
79,1,0.29710053984925444
793,1,0.2967585976108192
576,1,0.29514638862273557
523,1,0.28734850965707237
588,1,0.2815015523559537
641,1,0.28149472098197675
69,1,0.278596509110006
1182,1,0.278231640321325
796,1,0.2580653988708176
86,1,0.25445518703129366
377,1,0.251069642745923
453,1,0.23676673298202489
794,1,0.23129583890597188
819,1,0.22981813207144652
258,1,0.186089925761744
814,1,0.16312534849439983
575,1,0.16091322624606247
518,1,0.1553808952093269
360,1,0.14984827499088324
995,1,0.11279677982411322
550,1,0.10486805099339383
357,1,0.10477242598365885
709,1,0.08929232125739549
1015,1,0.08846395268151976
722,1,0.06718881944071246
708,1,0.05951032794863399
778,1,0.05238804114413766
1153,1,0.0496391033578622
