alarm_tag,asset_id,equipment_class,sensor_quantity,sensor_unit,alarm_type,priority_isa182,setpoint_value,setpoint_direction,deadband_value,deadband_unit,time_delay_seconds,auto_return,process_function,alarm_response_text,safety_class,consequence_if_missed,rationalization_standard,notes
JSR.HR.STD3.WR.BRG01.VIB.DE.H.RMS_WARN,HSM.F3.WR.BRG01,rolling_mill_work_roll_bearing,vibration_velocity_rms,mm/s,WARN,P3,4.5,HIGH,0.3,mm/s,5,YES,Alert_operator,"VIB warn: VIB.DE.H.RMS >4.5 mm/s. Check AE and BPFO envelope. Capture burst spectrum. Plan roll-change if sustained >30 min.",P3,Continued operation may progress to spall alarm; 12 h planned vs 80k unplanned cost delta,ISO 20816-3:2022 Zone B/C boundary Group 2,Deadband 0.3 prevents chattering at boundary; 5s delay filters process transients
JSR.HR.STD3.WR.BRG01.VIB.DE.H.RMS_ALRM,HSM.F3.WR.BRG01,rolling_mill_work_roll_bearing,vibration_velocity_rms,mm/s,ALARM,P2,7.1,HIGH,0.5,mm/s,2,NO,Notify_maintenance,"VIB alarm: VIB.DE.H.RMS >7.1 mm/s. Initiate controlled stop per Playbook 01. LOTO. Do NOT emergency trip. Notify supervisor.",P2,Risk of bearing spall fragment; spall can contaminate rolling surface and cause strip defects,ISO 20816-3:2022 Zone C/D boundary Group 2,No auto-return — operator acknowledgement required before restart
JSR.HR.STD3.WR.BRG01.VIB.DE.ENV.BPFO_WARN,HSM.F3.WR.BRG01,rolling_mill_work_roll_bearing,envelope_bpfo_amplitude,g,WARN,P3,1.0,HIGH,0.1,g,10,YES,Alert_operator,"BPFO warn: envelope amplitude >1.0 g. Leading indicator of outer-race spall. Check AE trend. Accelerate planned roll-change.",P3,Outer-race fatigue degrading — unplanned bearing failure within days to weeks if not actioned,ISO 15243:2017 rolling bearing fatigue,10s delay avoids transient load peaks on grade change
JSR.HR.STD3.WR.BRG01.VIB.DE.ENV.BPFO_ALRM,HSM.F3.WR.BRG01,rolling_mill_work_roll_bearing,envelope_bpfo_amplitude,g,ALARM,P2,3.0,HIGH,0.3,g,2,NO,Notify_maintenance,"BPFO alarm >3.0 g. Stop rolling campaign at end of current coil. Controlled stop Playbook 01. Inspect bearing.",P2,Bearing failure imminent — continued operation risks roll damage and strip quality loss,ISO 15243:2017,2s delay; no auto-return
JSR.HR.STD3.WR.BRG01.TEMP.DE_WARN,HSM.F3.WR.BRG01,rolling_mill_work_roll_bearing,bearing_outer_ring_temp,degC,WARN,P2,85,HIGH,3,degC,30,YES,Alert_operator,"TEMP warn: bearing outer ring >85 degC. Confirm lube supply. Check OFB outlet temp. Plan controlled stop if rising.",P2,Thermal degradation accelerates fatigue; risk of lube breakdown above 85 degC,ISO 15243:2017 sec7 lube degradation threshold,30s delay avoids transients during roll bite load peaks
JSR.HR.STD3.WR.BRG01.TEMP.DE_ALRM,HSM.F3.WR.BRG01,rolling_mill_work_roll_bearing,bearing_outer_ring_temp,degC,ALARM,P1,100,HIGH,2,degC,5,NO,Trip_or_manual_stop,"TEMP ALARM >100 degC. Controlled stop now (Zone D per ISO 20816). Do NOT emergency trip hot stand. Notify shift supervisor immediately.",P1,Lube film breakdown → bearing seizure → roll damage → strip cobble → safety hazard,ISO 15243:2017 sec7; safety P1 due to hot-metal environment,5s delay; P1 because molten-metal-adjacent equipment
JSR.HR.STD3.WR.BRG01.OFB.OUT.TEMP_WARN,HSM.F3.WR.BRG01,rolling_mill_work_roll_bearing,oil_film_bearing_outlet_temp,degC,WARN,P3,75,HIGH,2,degC,60,YES,Alert_operator,"OFB outlet warn >75 degC. Check lube supply pressure and flow. Elevated outlet temp precedes inner race thermal overheat.",P3,OFB thermal runaway leads to oil-film breakdown; 60s delay filters transient thermal peaks during grade change,SKF OFB guide [unverified],60s delay justified for slow thermal process
JSR.HR.STD3.WR.BRG01.OFB.OUT.TEMP_ALRM,HSM.F3.WR.BRG01,rolling_mill_work_roll_bearing,oil_film_bearing_outlet_temp,degC,ALARM,P2,85,HIGH,2,degC,10,NO,Notify_maintenance,"OFB outlet alarm >85 degC. Controlled stop. Investigate lube circuit. Do not restart without root cause identified.",P2,Oil film breakdown imminent — bearing damage within minutes if oil not restored,SKF OFB guide,10s delay; no auto-return
JSR.HR.STD3.WR.BRG01.AE.RMS_WARN,HSM.F3.WR.BRG01,rolling_mill_work_roll_bearing,acoustic_emission_rms,dBuV,WARN,P3,6,HIGH,1,dBuV,30,YES,Alert_operator,"AE warn >6 dBuV. Earliest bearing defect indicator. Capture burst spectrum within 2 shifts. Begin planning roll-change.",P3,AE crosses warning 3-5 weeks before BPFO alarm — earliest actionable leading indicator; action here prevents P1 scenario,ASTM E2374-14; FSB-SKF-2024-001,30s delay reduces nuisance alarms from mill vibration floor
JSR.HR.STD3.WR.BRG01.AE.RMS_ALRM,HSM.F3.WR.BRG01,rolling_mill_work_roll_bearing,acoustic_emission_rms,dBuV,ALARM,P2,12,HIGH,1,dBuV,10,NO,Notify_maintenance,"AE alarm >12 dBuV. Multi-sensor confirmation required. If BPFO also elevated, invoke Playbook 01 controlled stop.",P2,Stage 3/4 bearing degradation if AE AND BPFO both alarming; single AE alarm may be noise,ASTM E2374-14,Rationalized to require co-confirmation with BPFO — reduces false alarm rate from ~40% single-sensor
JSR.HR.STD1.GBX01.VIB.GMF.RMS_WARN,HSM.F1.GBX01,mill_gearbox,gmf_band_vibration_rms,mm/s,WARN,P2,6.0,HIGH,0.5,mm/s,10,YES,Alert_operator,"GMF warn >6.0 mm/s. Increase oil sampling to 5-day interval. Check Fe PPM. Schedule borescope within 72h if oil >20 ppm.",P2,Undetected gear-tooth crack propagation to Stage 2 risks catastrophic gear fracture and 168h+ downtime ($600k+),AGMA 9005-F16 [unverified]; FSB-FLENDER-2023-007,Warning is key decision gate for reduced-load protocol
JSR.HR.STD1.GBX01.VIB.GMF.RMS_ALRM,HSM.F1.GBX01,mill_gearbox,gmf_band_vibration_rms,mm/s,ALARM,P1,10.0,HIGH,1.0,mm/s,2,NO,Trip_or_manual_stop,"GMF ALARM >10.0 mm/s. Immediate controlled stop. Crane extraction for borescope. Do NOT restart without specialist sign-off.",P1,Tooth fracture imminent — secondary shaft damage and catastrophic gearbox failure risk,AGMA 9005-F16 [unverified],P1 due to high production loss and secondary hazard from flying gear fragments
JSR.HR.STD1.GBX01.OIL.TEMP_WARN,HSM.F1.GBX01,mill_gearbox,oil_sump_temp,degC,WARN,P3,80,HIGH,3,degC,60,YES,Alert_operator,"Oil temp warn >80 degC. Check lube cooler. Reduce load if possible. If rising, controlled stop before alarm.",P3,Viscosity drop below VG220 minimum at high temp accelerates wear; 60s delay for slow thermal process,,
JSR.HR.STD1.GBX01.OIL.TEMP_ALRM,HSM.F1.GBX01,mill_gearbox,oil_sump_temp,degC,ALARM,P2,90,HIGH,2,degC,10,NO,Notify_maintenance,"Oil temp alarm >90 degC. Controlled stop. Inspect cooler. Do not restart until temp <65 degC and root cause found.",P2,Oil oxidation and varnish formation at >90 degC irreversibly degrades oil quality,,
JSR.HR.STD1.GBX01.OIL.PRES_WARN,HSM.F1.GBX01,mill_gearbox,lube_oil_pressure,bar,WARN,P2,2.2,LOW,0.1,bar,5,YES,Alert_operator,"Oil pressure warn <2.2 bar. Check lube pump and filter DP. Gear surfaces lose lubrication below 2.2 bar.",P2,Low lube pressure starves gear mesh — accelerates wear and can initiate scuffing within minutes,Forced-lube minimum spec,LOW direction alarm; deadband 0.1 bar avoids chattering on pump pulsation
JSR.HR.STD1.GBX01.OIL.PRES_ALRM,HSM.F1.GBX01,mill_gearbox,lube_oil_pressure,bar,ALARM,P1,2.0,LOW,0.1,bar,2,NO,Trip_or_manual_stop,"Oil pressure ALARM <2.0 bar. Immediate stop — lube starvation risk. Investigate pump/filter before restart.",P1,Lube starvation → gear scuffing → failure within minutes; P1 for criticality-1 equipment,Forced-lube minimum spec,
JSR.HR.STD1.GBX01.OIL.FE.PPM_WARN,HSM.F1.GBX01,mill_gearbox,ferrous_particle_count,ppm,WARN,P3,15,HIGH,2,ppm,0,YES,Alert_operator,"Fe PPM warn >15 ppm. Increase sampling to 5-day interval. Book spectrographic analysis. Watch GMF vib for corroboration.",P3,Fe rise precedes GMF vib rise by 1-2 weeks — early actionable leading indicator; rationalization: lab-measured, no real-time deadband needed,ASTM D5185; ISO 4406:2021,0s delay (lab measurement — discrete event)
JSR.HR.STD1.GBX01.OIL.FE.PPM_ALRM,HSM.F1.GBX01,mill_gearbox,ferrous_particle_count,ppm,ALARM,P2,40,HIGH,5,ppm,0,NO,Notify_maintenance,"Fe PPM alarm >40 ppm. Immediate borescope. Do not defer. Risk of catastrophic tooth fracture.",P2,Alarm-level Fe indicates active metal removal — tooth fracture imminent,ASTM D5185,0s delay; no auto-return
JSR.HR.STD1.MTR01.MCSA.RBAR.SB_WARN,HSM.F1.MTR01,large_induction_motor_vfd,mcsa_rotor_bar_sideband,dBc,WARN,P3,-45,HIGH,2,dBc,60,YES,Alert_operator,"MCSA rotor bar sideband warn >-45 dBc. Confirm at steady load. Begin planning motor swap to insurance spare within 4 weeks.",P3,Broken rotor bar — multi-bar failure risk if unactioned; planned 10h swap vs extended production loss,IEEE 1415-2006,60s delay as MCSA needs steady-state load to be meaningful; warn at -45 dBc (midpoint to alarm -35 dBc)
JSR.HR.STD1.MTR01.MCSA.RBAR.SB_ALRM,HSM.F1.MTR01,large_induction_motor_vfd,mcsa_rotor_bar_sideband,dBc,ALARM,P2,-35,HIGH,3,dBc,30,NO,Notify_maintenance,"MCSA sideband ALARM >-35 dBc. Plan motor swap within 2-4 weeks. Send failed motor for rotor-bar test. Verify phase rotation on spare.",P2,Progressive bar cracking — risk of rotor imbalance and winding damage if allowed to run to failure,IEEE 1415-2006,
JSR.HR.STD1.MTR01.WIND.TEMP_WARN,HSM.F1.MTR01,large_induction_motor_vfd,stator_winding_temp,degC,WARN,P2,145,HIGH,3,degC,60,YES,Alert_operator,"Winding temp warn >145 degC (Class F limit 155 degC). Reduce load or improve cooling. Check VFD for overfluxing.",P2,Insulation degradation accelerates above 145 degC; each 10 degC over limit halves insulation life,IEC 60034-1 Class F,60s delay for slow thermal mass
JSR.HR.STD1.MTR01.WIND.TEMP_ALRM,HSM.F1.MTR01,large_induction_motor_vfd,stator_winding_temp,degC,ALARM,P1,155,HIGH,2,degC,10,NO,Trip_or_manual_stop,"Winding temp ALARM >155 degC. Immediate trip. Do not restart until temp <100 degC and insulation test passed.",P1,Winding burn at >155 degC; Class F absolute maximum; fire and total motor loss risk,IEC 60034-1 Class F,P1 due to fire risk and MV safety
JSR.HR.STD1.MTR01.CURR.IMBAL_WARN,HSM.F1.MTR01,large_induction_motor_vfd,phase_current_imbalance,%,WARN,P3,2,HIGH,0.3,%,30,YES,Alert_operator,"Current imbalance warn >2%. Check VFD output phase balance. Sustained imbalance increases HF bearing current risk.",P3,Imbalance drives HF currents that cause EDM bearing pitting (per FSB-ABB-2024-003),NEMA MG1-2021 12.45,30s delay avoids nuisance on dynamic load changes
JSR.HR.STD1.MTR01.CURR.IMBAL_ALRM,HSM.F1.MTR01,large_induction_motor_vfd,phase_current_imbalance,%,ALARM,P2,5,HIGH,0.5,%,10,NO,Notify_maintenance,"Current imbalance ALARM >5%. Stop motor. Investigate VFD + supply. Risk of thermal damage and rotor heating.",P2,Severe unbalance causes negative-sequence rotor currents — heating and winding stress,NEMA MG1-2021 12.45,
JSR.HR.STD1.MTR01.VIB.DE.RMS_WARN,HSM.F1.MTR01,large_induction_motor_vfd,motor_body_vibration_rms,mm/s,WARN,P3,4.5,HIGH,0.3,mm/s,5,YES,Alert_operator,"Motor body VIB warn >4.5 mm/s. Check shaft alignment. May indicate rotor eccentricity or bearing degradation.",P3,Early bearing fault or eccentricity — requires spectrum analysis to differentiate,ISO 20816-1:2016 Group 2,
JSR.HR.STD1.MTR01.VIB.DE.RMS_ALRM,HSM.F1.MTR01,large_induction_motor_vfd,motor_body_vibration_rms,mm/s,ALARM,P2,7.1,HIGH,0.5,mm/s,2,NO,Notify_maintenance,"Motor VIB ALARM >7.1 mm/s. Stop motor. Inspect bearings and alignment.",P2,High vibration risks winding insulation mechanical stress and bearing damage,ISO 20816-1:2016 Group 2,
JSR.HR.STD1.MTR01.VIB.2XF1_WARN,HSM.F1.MTR01,large_induction_motor_vfd,vibration_2x_supply_freq,mm/s,WARN,P3,1.0,HIGH,0.1,mm/s,10,YES,Alert_operator,"2×50Hz VIB warn >1.0 mm/s. Indicates developing rotor eccentricity. Schedule air-gap measurement survey within 2 weeks.",P3,Eccentricity leads to uneven magnetic pull; if progressing to 2.5 alarm, rotor rub risk increases significantly,IEEE 1415-2006 (eccentricity),
JSR.HR.STD1.MTR01.VIB.2XF1_ALRM,HSM.F1.MTR01,large_induction_motor_vfd,vibration_2x_supply_freq,mm/s,ALARM,P2,2.5,HIGH,0.2,mm/s,2,NO,Notify_maintenance,"2×50Hz VIB ALARM >2.5 mm/s. Significant eccentricity. Stop motor for air-gap measurement and rotor inspection.",P2,Rotor-stator rub risk at >2.5 mm/s; catastrophic motor failure,IEEE 1415-2006,
JSR.HR.DSC.PMP01.PRES.SUC_WARN,HSM.DSC.PMP01,cooling_descaling_pump,suction_pressure,kPa,WARN,P2,90,LOW,5,kPa,5,YES,Alert_operator,"Suction press warn <90 kPa. Check suction strainer. Risk of NPSH reduction and cavitation onset.",P2,Cavitation onset degrades impeller and mechanical seal — accelerates to alarm failure mode within hours to days,HI 9.6.1-2017 NPSH,LOW direction; 5s delay avoids transient on valve operations
JSR.HR.DSC.PMP01.PRES.SUC_ALRM,HSM.DSC.PMP01,cooling_descaling_pump,suction_pressure,kPa,ALARM,P1,70,LOW,3,kPa,2,NO,Trip_or_manual_stop,"Suction press ALARM <70 kPa. Immediate controlled stop. Investigate suction blockage before restart.",P1,Severe cavitation at <70 kPa — rapid impeller erosion and possible liquid-metal steam flash in HP service,HI 9.6.1-2017,P1 because HP descale pump failure causes mill delay and safety hazard
JSR.HR.DSC.PMP01.PRES.DIS_WARN,HSM.DSC.PMP01,cooling_descaling_pump,discharge_pressure,bar,WARN,P3,175,LOW,5,bar,10,YES,Alert_operator,"Discharge press warn <175 bar. Check impeller condition. May indicate impeller erosion.",P3,Reduced descale pressure inadequate for oxide scale removal — strip surface defects accumulate,HI 9.6.7-2021,
JSR.HR.DSC.PMP01.PRES.DIS_ALRM,HSM.DSC.PMP01,cooling_descaling_pump,discharge_pressure,bar,ALARM,P2,165,LOW,3,bar,5,NO,Notify_maintenance,"Discharge press ALARM <165 bar. Inadequate descale. Stop and inspect pump.",P2,Strip surface oxide not removed — downstream rolling quality failure,HI 9.6.7-2021,
JSR.HR.DSC.PMP01.AE.RMS_WARN,HSM.DSC.PMP01,cooling_descaling_pump,ae_broadband_rms,dB,WARN,P3,8,HIGH,1,dB,10,YES,Alert_operator,"AE warn >8 dB. Possible cavitation onset (100-500 kHz band). Confirm suction pressure. Reduce flow if required.",P3,AE is leading indicator for cavitation — acts before visible impeller damage; 10s delay filters transient hits,ASTM E2374-14,
JSR.HR.DSC.PMP01.AE.RMS_ALRM,HSM.DSC.PMP01,cooling_descaling_pump,ae_broadband_rms,dB,ALARM,P2,15,HIGH,1,dB,2,NO,Notify_maintenance,"AE alarm >15 dB. Severe cavitation or impeller damage. Stop pump and inspect.",P2,Active cavitation damage accelerates exponentially once alarm crossed,ASTM E2374-14,
JSR.HR.DSC.PMP01.VIB.CAS.RMS_WARN,HSM.DSC.PMP01,cooling_descaling_pump,casing_vibration_rms,mm/s,WARN,P3,2.5,HIGH,0.2,mm/s,5,YES,Alert_operator,"Casing VIB warn >2.5 mm/s. Check mechanical seal condition (seal failure signature). Switch to standby if weeping observed.",P3,Seal degradation — escalates to seal blowout if not actioned,ISO 10816-7:2009,
JSR.HR.DSC.PMP01.VIB.CAS.RMS_ALRM,HSM.DSC.PMP01,cooling_descaling_pump,casing_vibration_rms,mm/s,ALARM,P2,5.0,HIGH,0.3,mm/s,2,NO,Notify_maintenance,"Casing VIB ALARM >5.0 mm/s. Seal failure likely. Switch to standby. LOTO for seal change.",P2,Seal blowout at 200 bar service — high-pressure water hazard; seal change mandatory,ISO 10816-7:2009,
JSR.HR.DSC.PMP01.TEMP.BRG_WARN,HSM.DSC.PMP01,cooling_descaling_pump,bearing_temp,degC,WARN,P3,85,HIGH,3,degC,30,YES,Alert_operator,"Bearing temp warn >85 degC. Check lubrication. Seal friction may be elevating bearing temp.",P3,Bearing degradation approaching — combined VIB + temp pattern is SCN-040 signature,ISO 15243:2017,
JSR.HR.DSC.PMP01.TEMP.BRG_ALRM,HSM.DSC.PMP01,cooling_descaling_pump,bearing_temp,degC,ALARM,P2,100,HIGH,2,degC,5,NO,Notify_maintenance,"Bearing temp ALARM >100 degC. Stop pump. Inspect bearing and seal.",P2,Bearing seizure imminent above 100 degC,ISO 15243:2017,
JSR.BF.BLW.FAN01.VIB.1X_WARN,BF.BLW.FAN01,bf_sinter_fan_blower,vibration_1x_rms,mm/s,WARN,P2,4.5,HIGH,0.3,mm/s,5,YES,Alert_operator,"BLW 1X VIB warn >4.5 mm/s. Check for deposit imbalance. Check bearing temps and shaft displacement.",P2,Turbo-blower vibration escalation can progress to surge or bearing failure; $500k/hr BF downtime,ISO 10816-3:2009 Group 3,P2 (not P3) because BF blower is criticality-1
JSR.BF.BLW.FAN01.VIB.1X_ALRM,BF.BLW.FAN01,bf_sinter_fan_blower,vibration_1x_rms,mm/s,ALARM,P1,7.1,HIGH,0.5,mm/s,2,NO,Trip_or_manual_stop,"BLW 1X VIB ALARM >7.1 mm/s. Immediate trip. Check for surge. Borescope IGVs/impellers.",P1,Catastrophic BF blower failure risk; BF downtime $500k/hr,ISO 10816-3:2009,P1; BF criticality-1
JSR.BF.BLW.FAN01.SHAFT.DISP_WARN,BF.BLW.FAN01,bf_sinter_fan_blower,shaft_displacement_pkpk,um,WARN,P2,80,HIGH,5,um,2,YES,Alert_operator,"Shaft displacement warn >80 µm pk-pk. Approaching API 670 alert. Check bearing condition. Notify BF engineer.",P2,Journal bearing degradation or rotor instability — escalates rapidly in turbo-blower,API 670:2014 Table 1,2s delay per API 670 dynamic protection rationale
JSR.BF.BLW.FAN01.SHAFT.DISP_ALRM,BF.BLW.FAN01,bf_sinter_fan_blower,shaft_displacement_pkpk,um,ALARM,P1,127,HIGH,10,um,1,NO,Trip_or_manual_stop,"Shaft displacement ALARM >127 µm. API 670 trip. Immediate trip. Do NOT restart until cause identified and repaired.",P1,Rotor-bearing contact imminent; catastrophic failure and BF shutdown,API 670:2014 Table 1,1s delay per API 670; P1 safety
JSR.BF.BLW.FAN01.TEMP.BRG_WARN,BF.BLW.FAN01,bf_sinter_fan_blower,bearing_outer_ring_temp,degC,WARN,P2,80,HIGH,2,degC,30,YES,Alert_operator,"Bearing temp warn >80 degC. Check lube oil pressure and supply. Investigate thrust bearing independently.",P2,BF blower bearing overheating precedes journal bearing failure; review lube circuit immediately,ISO 15243:2017 sec8,
JSR.BF.BLW.FAN01.TEMP.BRG_ALRM,BF.BLW.FAN01,bf_sinter_fan_blower,bearing_outer_ring_temp,degC,ALARM,P1,95,HIGH,2,degC,5,NO,Trip_or_manual_stop,"Bearing temp ALARM >95 degC. Immediate trip. Investigate lube and thrust bearing before restart.",P1,Babbitt melt risk above 95 degC; journal bearing failure → shaft contact → catastrophic,ISO 15243:2017 sec8,
JSR.BF.BLW.FAN01.PRES.OSC_WARN,BF.BLW.FAN01,bf_sinter_fan_blower,discharge_pressure_oscillation,%,WARN,P2,5,HIGH,1,%,2,YES,Alert_operator,"Surge warn >5% oscillation. Verify ASV is open. Monitor shaft displacement and shaft 1X. Notify BF process engineer.",P2,Surge onset — can escalate to destructive surge in seconds; ASV must respond within 2s,API 670 surge [unverified]; FSB-SIEMENS-MAN-2024-015,2s delay; P2 at warn due to rapid escalation risk
JSR.BF.BLW.FAN01.PRES.OSC_ALRM,BF.BLW.FAN01,bf_sinter_fan_blower,discharge_pressure_oscillation,%,ALARM,P1,8,HIGH,1,%,0,NO,Trip_or_manual_stop,"SURGE ALARM >8%. Trip machine immediately if ASV not stopping oscillation. Do NOT restart until cause identified.",P1,Destructive surge seconds away; BF blower total loss and BF shutdown $4-8M event,API 670 surge,0s delay (instantaneous response required); P1
JSR.BF.BLW.FAN01.THRUST.TEMP_WARN,BF.BLW.FAN01,bf_sinter_fan_blower,thrust_bearing_temp,degC,WARN,P2,90,HIGH,2,degC,10,YES,Alert_operator,"Thrust bearing temp warn >90 degC. Investigate lube supply pressure. Check thrust bearing condition.",P2,Thrust bearing Babbitt melt at elevated temp; FSB-SIEMENS-MAN-2024-015 requires immediate lube investigation above 80 degC trending,API 617 class [unverified],
JSR.BF.BLW.FAN01.THRUST.TEMP_ALRM,BF.BLW.FAN01,bf_sinter_fan_blower,thrust_bearing_temp,degC,ALARM,P1,105,HIGH,2,degC,2,NO,Trip_or_manual_stop,"Thrust temp ALARM >105 degC. Immediate trip. Babbitt melt risk. Do not restart.",P1,Thrust bearing failure → rotor axial displacement → rub → total machine loss,API 617 class,2s delay; P1
JSR.CC1.SEG07.FORCE.HYD_WARN,CCM.SEG.07,continuous_caster_segment,segment_clamping_force,kN,WARN,P2,480,HIGH,20,kN,10,YES,Alert_operator,"Segment force warn >480 kN. Check roll rotation speed. Possible roll dragging or roll seizure onset.",P2,Rising force with low RPM indicates roll seizure — risk of transverse slab crack and breakout,Primetals soft-reduction [unverified],10s delay avoids process transients during casting speed change
JSR.CC1.SEG07.FORCE.HYD_ALRM,CCM.SEG.07,continuous_caster_segment,segment_clamping_force,kN,ALARM,P1,550,HIGH,30,kN,2,NO,Trip_or_manual_stop,"Segment force ALARM >550 kN. Reduce casting speed. Confirm roll rotation. If RPM = 0, end heat, cool strand 2-4h.",P1,Roll seizure confirmed — transverse cracks and breakout risk; safety hazard (liquid core exposure),Primetals [unverified],P1 due to breakout potential
JSR.CC1.SEG07.ROLL.RPM_WARN,CCM.SEG.07,continuous_caster_segment,roll_rotation_speed,rpm,WARN,P2,1.0,LOW,0.2,rpm,5,YES,Alert_operator,"Roll RPM warn <1.0 rpm. Possible bearing drag or seizure onset. Cross-check with force sensor.",P2,Early roll seizure — if not actioned, force will spike and strand may crack,Encoder-based; seized roll = no pulses,LOW direction alarm; 5s delay avoids encoder noise
JSR.CC1.SEG07.ROLL.RPM_ALRM,CCM.SEG.07,continuous_caster_segment,roll_rotation_speed,rpm,ALARM,P1,0.0,LOW,0.0,rpm,2,NO,Trip_or_manual_stop,"Roll RPM = 0. Seized roll confirmed. Immediate casting speed reduction. End heat. Cool strand. Evacuate personnel from caster bay.",P1,Seized roll drags strand — breakout hazard; liquid steel fatality risk,SMS Concast; ISO 15243:2017,0 deadband — exact 0 is seizure confirmation; P1 safety
JSR.CC1.SEG07.BULGE_WARN,CCM.SEG.07,continuous_caster_segment,strand_bulge_deviation,mm,WARN,P2,2.0,HIGH,0.2,mm,5,YES,Alert_operator,"Bulge warn >2.0 mm. Check clamping force and segment gap setting. Possible segment misalignment.",P2,Bulge indicates insufficient secondary cooling or segment misalignment — shell thinning and breakout risk,Primetals [unverified],
JSR.CC1.SEG07.BULGE_ALRM,CCM.SEG.07,continuous_caster_segment,strand_bulge_deviation,mm,ALARM,P1,4.0,HIGH,0.3,mm,2,NO,Trip_or_manual_stop,"Bulge ALARM >4.0 mm. End heat immediately. Shell breach risk.",P1,Shell failure and molten steel release — personnel safety,Primetals [unverified],P1 safety
JSR.CC1.SEG07.SPRAY.FLOW_WARN,CCM.SEG.07,continuous_caster_segment,zone_spray_flow,L/min,WARN,P2,150,LOW,5,L/min,10,YES,Alert_operator,"Spray flow warn <150 L/min. Check nozzle blockage or header pressure. Reduced cooling increases bulge risk.",P2,Insufficient secondary cooling causes shell thinning; multiple blocked nozzles not visible on zone sensor until 3+ blocked,SMS Concast [unverified],LOW direction; 10s delay for process transients
JSR.CC1.SEG07.SPRAY.FLOW_ALRM,CCM.SEG.07,continuous_caster_segment,zone_spray_flow,L/min,ALARM,P1,120,LOW,5,L/min,2,NO,Trip_or_manual_stop,"Spray flow ALARM <120 L/min. Severely inadequate secondary cooling. Reduce casting speed immediately. End heat if not recovering.",P1,Shell cooling failure — breakout risk,Secondary cooling zone spec,P1; liquid steel safety
JSR.CC1.SEG07.VIB.ROLL_WARN,CCM.SEG.07,continuous_caster_segment,roll_bearing_vibration,mm/s,WARN,P3,3.5,HIGH,0.3,mm/s,10,YES,Alert_operator,"Roll bearing VIB warn >3.5 mm/s. Inspect segment at next heat break. Possible bearing fatigue onset.",P3,Roll bearing degradation — precursor to seizure (SCN-042); catch early for planned change,ISO 10816-3 [unverified],
JSR.CC1.SEG07.VIB.ROLL_ALRM,CCM.SEG.07,continuous_caster_segment,roll_bearing_vibration,mm/s,ALARM,P2,6.0,HIGH,0.5,mm/s,5,NO,Notify_maintenance,"Roll bearing VIB ALARM >6.0 mm/s. End heat. Segment pull and bearing replacement.",P2,Imminent roll bearing failure,ISO 10816-3 [unverified],
JSR.CC1.MOLD.TC.DELTA_WARN,CCM.MOLD.01,continuous_caster_mould,adjacent_tc_delta,degC,WARN,P2,25,HIGH,2,degC,0,YES,Alert_operator,"TC delta warn >25 degC. Monitor for V-pattern propagation. Check friction and level simultaneously for BPS confirmation.",P2,Possible shell sticking onset — single sensor FAR ~40%; requires 3-sensor confirmation per FSB-SMSCONCAST-2024-009,EP2465622B1 [unverified],0s delay — sub-100ms BPS response required; warn is advisory pending co-confirmation
JSR.CC1.MOLD.TC.DELTA_ALRM,CCM.MOLD.01,continuous_caster_mould,adjacent_tc_delta,degC,ALARM,P1,50,HIGH,3,degC,0,NO,Trip_or_manual_stop,"TC delta ALARM >50 degC with V-pattern. BPS confirmed breakout. Reduce speed to 0.5 m/min immediately. If all 3 sensors alarm: emergency stop + close tundish gate. Evacuate caster floor.",P1,Breakout — liquid steel floor escape; fatality risk; $200k-$3M event per FSB,EP2465622B1; SMS Concast BPS,P1 safety-critical; 0s delay; no auto-return
JSR.CC1.MOLD.OSC.FRICTION_WARN,CCM.MOLD.01,continuous_caster_mould,oscillator_friction_force,kN,WARN,P2,10,HIGH,1,kN,5,YES,Alert_operator,"Friction warn >10 kN. Check SEN condition. Reduce casting speed if combined with TC delta warn. Review mould taper.",P2,High friction indicates shell/mould sticking — BPS precursor,SMS Concast [unverified],5s delay for process transient during casting speed change
JSR.CC1.MOLD.OSC.FRICTION_ALRM,CCM.MOLD.01,continuous_caster_mould,oscillator_friction_force,kN,ALARM,P1,18,HIGH,2,kN,0,NO,Trip_or_manual_stop,"Friction ALARM >18 kN. BPS active breakout alert. Co-confirm with TC delta and level. Emergency protocol.",P1,Shell sticking confirmed — breakout imminent; same protocol as TC_DELTA alarm,SMS Concast [unverified],P1; 0s delay
JSR.CC1.MOLD.LEVEL.DEV_WARN,CCM.MOLD.01,continuous_caster_mould,mould_level_deviation,mm,WARN,P2,5,HIGH,1,mm,2,YES,Alert_operator,"Level deviation warn >5 mm. Check SEN flow and stopper rod response. Level instability is BPS co-confirming signal.",P2,Level oscillations cause surface defects and reinforce breakout precursor pattern,Siemens level control [unverified],2s delay for electromagnetic noise filtering
JSR.CC1.MOLD.LEVEL.DEV_ALRM,CCM.MOLD.01,continuous_caster_mould,mould_level_deviation,mm,ALARM,P1,12,HIGH,1,mm,1,NO,Trip_or_manual_stop,"Level ALARM >12 mm. Emergency stop. Possible SEN failure or stopper rod failure. Evacuate caster floor.",P1,SEN failure → uncontrolled steel flow → overflow or breakout; fatality risk,Siemens level control [unverified],P1; 1s delay for sensor noise floor
JSR.CC1.MOLD.HEATFLUX_WARN,CCM.MOLD.01,continuous_caster_mould,mean_mould_heat_flux,MW/m2,WARN,P2,1.0,LOW,0.05,MW/m2,30,YES,Alert_operator,"Heat flux warn <1.0 MW/m2. Shell too thin — check SEN blockage, speed, and TC array uniformity.",P2,Low heat flux indicates poor shell formation — breakout risk if combined with casting speed above minimum,Industry rule [unverified],LOW direction; 30s delay as computed parameter (slow response); lower is worse
JSR.CC1.MOLD.HEATFLUX_ALRM,CCM.MOLD.01,continuous_caster_mould,mean_mould_heat_flux,MW/m2,ALARM,P1,0.8,LOW,0.05,MW/m2,10,NO,Trip_or_manual_stop,"Heat flux ALARM <0.8 MW/m2. Severe shell formation failure. Reduce speed immediately. End heat if not recovering.",P1,Shell so thin that breakout highly probable within minutes,Industry rule [unverified],P1; 10s delay for computed parameter lag
JSR.HR.R1.FORCE_WARN,HSM.STD.R1,hot_strip_mill_stand,rolling_force_ripple,%,WARN,P3,4,HIGH,0.5,%,5,YES,Alert_operator,"Force ripple warn >4%. Periodic pattern at 1× roll rotation may indicate work-roll spall. Plan roll-change at end of current campaign.",P3,Roll spall printing defects on strip — unplanned roll change cost 16× planned,Tata PdM internal [unverified],5s delay filters mill bite entry transients
JSR.HR.R1.FORCE_ALRM,HSM.STD.R1,hot_strip_mill_stand,rolling_force_ripple,%,ALARM,P2,8,HIGH,0.5,%,2,NO,Notify_maintenance,"Force ripple ALARM >8%. Stop rolling this coil. Segregate strip from warning onset. Quick-change work rolls.",P2,Spall fragment risk to strip surface and downstream equipment,Tata PdM internal [unverified],
JSR.HR.R1.WR.VIB.CHOCK_WARN,HSM.STD.R1,hot_strip_mill_stand,chock_vibration_chatter,mm/s,WARN,P2,4.0,HIGH,0.3,mm/s,2,YES,Alert_operator,"Chock chatter warn >4.0 mm/s. Possible 5th-octave chatter or roll spall. Check force ripple for correlation.",P2,5th-octave chatter causes periodic strip thickness variation — quality defect and roll wear,ABB CMC [unverified],2s delay for mill chatter — fast phenomenon
JSR.HR.R1.WR.VIB.CHOCK_ALRM,HSM.STD.R1,hot_strip_mill_stand,chock_vibration_chatter,mm/s,ALARM,P1,10.0,HIGH,0.5,mm/s,1,NO,Trip_or_manual_stop,"Chock chatter ALARM >10.0 mm/s. Stop rolling immediately. Chatter at this level risks roll fracture.",P1,Severe chatter can fracture work rolls — catastrophic safety event in HSM,ABB CMC [unverified],P1; 1s delay
JSR.HR.R1.CROWN.DEV_WARN,HSM.STD.R1,hot_strip_mill_stand,strip_crown_deviation,um,WARN,P3,25,HIGH,3,um,10,YES,Alert_operator,"Crown deviation warn >25 µm. Check roll wear, thermal camber, and AGC. Strip flatness at risk.",P3,Crown deviation beyond ±25 µm produces off-spec strip crown — customer quality defect,[unverified],10s delay for gauge sensor averaging
JSR.HR.R1.CROWN.DEV_ALRM,HSM.STD.R1,hot_strip_mill_stand,strip_crown_deviation,um,ALARM,P2,40,HIGH,3,um,5,NO,Notify_maintenance,"Crown deviation ALARM >40 µm. Change rolls. Off-spec strip production — segregate.",P2,Strip crown out of tolerance — likely 100% product rejection above 40 µm for standard grades,[unverified],
JSR.HR.R1.WR.AE.RMS_WARN,HSM.STD.R1,hot_strip_mill_stand,roll_journal_ae_rms,dB,WARN,P3,8,HIGH,1,dB,10,YES,Alert_operator,"Roll journal AE warn >8 dB. Possible journal or bearing defect. Cross-check with force ripple.",P3,Early roll journal degradation — catch before force ripple alarm,ASTM E2374-14 [unverified],10s delay for process noise floor
JSR.HR.R1.WR.AE.RMS_ALRM,HSM.STD.R1,hot_strip_mill_stand,roll_journal_ae_rms,dB,ALARM,P2,15,HIGH,1,dB,2,NO,Notify_maintenance,"Roll journal AE ALARM >15 dB. Stop rolling. Inspect rolls and journals.",P2,Severe journal/bearing damage risk,ASTM E2374-14 [unverified],
JSR.RM.CONV1.MTR.CURR_WARN,RM.CONV.ORE01,raw_material_conveyor,drive_motor_current,%FLA,WARN,P3,105,HIGH,2,%FLA,10,YES,Alert_operator,"Motor current warn >105%FLA. Check for belt blockage or idler seizure. Reduce feed if possible.",P3,Overload = blocked chute or seized idler — if not actioned, motor trip and belt damage,NEMA MG1 / IEC 60947-4,10s delay avoids transient startup peaks
JSR.RM.CONV1.MTR.CURR_ALRM,RM.CONV.ORE01,raw_material_conveyor,drive_motor_current,%FLA,ALARM,P2,125,HIGH,3,%FLA,2,NO,Notify_maintenance,"Motor current ALARM >125%FLA. Trip conveyor. Investigate blockage before restart.",P2,Motor thermal damage and belt damage if sustained overload,NEMA MG1 / IEC 60947-4,
JSR.RM.CONV1.IDLER.US_WARN,RM.CONV.ORE01,raw_material_conveyor,idler_ultrasound_level,dBuV,WARN,P3,8,HIGH,1,dBuV,0,YES,Alert_operator,"Idler US warn >8 dBuV above baseline. Identify idler position. Schedule replacement within 2 weeks or next patrol.",P3,Early idler bearing fault — catches 3-5 days before thermal rise; prevents belt-fire initiation,UE Systems [unverified],0s delay — patrol measurement; action required within inspection cycle
JSR.RM.CONV1.IDLER.US_ALRM,RM.CONV.ORE01,raw_material_conveyor,idler_ultrasound_level,dBuV,ALARM,P1,15,HIGH,1,dBuV,0,NO,Notify_maintenance,"Idler US alarm >15 dBuV. Immediate IR scan. If temp >80 degC: stop belt and replace idler — fire risk.",P1,Seized idler under loaded belt is #1 belt-fire initiator; fire risk = P1 safety,UE Systems [unverified]; FSB-TRF-FENNERDUNLOP-2024-005,P1 due to belt-fire fatality risk
JSR.RM.CONV1.IDLER.TEMP_WARN,RM.CONV.ORE01,raw_material_conveyor,idler_surface_temp,degC,WARN,P2,80,HIGH,3,degC,0,YES,Alert_operator,"Idler temp warn >80 degC on IR scan. Stop belt on next available safe window and replace idler.",P2,Idler approaching seizure — belt fire risk within hours to days,Fire-risk threshold,0s delay — IR patrol measurement
JSR.RM.CONV1.IDLER.TEMP_ALRM,RM.CONV.ORE01,raw_material_conveyor,idler_surface_temp,degC,ALARM,P1,100,HIGH,3,degC,0,NO,Trip_or_manual_stop,"Idler temp ALARM >100 degC. STOP BELT IMMEDIATELY. Fire imminent. LOTO. Replace idler before restart.",P1,Belt fire — catastrophic loss of conveyor and possible personnel injury,Fire-risk threshold,P1; immediate stop required
JSR.RM.CONV1.BELT.EDGE_WARN,RM.CONV.ORE01,raw_material_conveyor,belt_edge_position,mm,WARN,P3,25,HIGH,2,mm,30,YES,Alert_operator,"Belt edge warn >25 mm offset. Adjust training idlers within 1 shift. Prevents edge damage and rip initiation.",P3,Edge wear leads to carcass delamination and accelerates rip propagation,CEMA sec6 [unverified],30s delay avoids nuisance on material surges
JSR.RM.CONV1.BELT.EDGE_ALRM,RM.CONV.ORE01,raw_material_conveyor,belt_edge_position,mm,ALARM,P2,50,HIGH,3,mm,10,NO,Notify_maintenance,"Belt edge ALARM >50 mm. Stop belt. Belt may contact structure. Risk of rip initiation.",P2,Edge damage and rip — extended downtime and belt replacement cost ($18k belt section + $600 vulcanise kit),CEMA sec6 [unverified],
JSR.RM.CONV1.RIP.LOOP_WARN,RM.CONV.ORE01,raw_material_conveyor,rip_detector_loop_current,mA,WARN,P2,48,LOW,3,mA,5,YES,Alert_operator,"Rip loop current warn <48 mA. Possible partial loop damage. Conduct belt walk-down within 1 shift.",P2,Partial rip may be propagating — if not actioned escalates to full rip,Fenner RipScan [unverified],LOW direction; 5s delay for circuit noise
JSR.RM.CONV1.RIP.LOOP_ALRM,RM.CONV.ORE01,raw_material_conveyor,rip_detector_loop_current,mA,ALARM,P1,0,LOW,0,mA,0,NO,Trip_or_manual_stop,"Rip loop ALARM = 0 mA. STOP BELT IMMEDIATELY. Longitudinal rip propagating. LOTO. Walk belt before restart.",P1,Active belt rip — total belt loss ($18k/section + 4-12h downtime) and material spillage hazard,Fenner RipScan [unverified],0s delay; 0 mA = open circuit = confirmed rip; P1
JSR.RHF.Z3.SHELL.IR_WARN,RHF.ZONE.SOAK,reheating_furnace,shell_surface_temp_ir,degC,WARN,P2,180,HIGH,5,degC,0,YES,Alert_operator,"Shell IR warn >180 degC. Refractory thickness <50% remaining. Schedule gunite repair in next planned cool. Derate to 65%.",P2,Refractory burnout — shell perforation and hot gas release if not repaired within 14 days,Refractory practice [unverified]; FSB-TENOVA-2024-003,0s delay — IR patrol; warn triggers mandatory repair scheduling
JSR.RHF.Z3.SHELL.IR_ALRM,RHF.ZONE.SOAK,reheating_furnace,shell_surface_temp_ir,degC,ALARM,P1,250,HIGH,5,degC,0,NO,Trip_or_manual_stop,"Shell IR ALARM >250 degC. Immediate furnace derate to 50% and schedule emergency cool within 24h. Risk of shell perforation and fire.",P1,Shell breach — furnace fire and safety hazard; P1 safety,[unverified],P1; immediate action
JSR.RHF.Z3.FLAME.SIG_WARN,RHF.ZONE.SOAK,reheating_furnace,flame_scanner_signal,%,WARN,P2,70,LOW,3,%,5,YES,Alert_operator,"Flame signal warn <70%. Check gas pressure and burner nozzle. Risk of unstable combustion. Purge before re-light if needed.",P2,Unstable flame → unburnt fuel accumulation → explosion risk if reignited; EN 746-2,EN 746-2:2010 sec 5.4,LOW direction; 5s delay for transient gas pressure dips
JSR.RHF.Z3.FLAME.SIG_ALRM,RHF.ZONE.SOAK,reheating_furnace,flame_scanner_signal,%,ALARM,P1,40,LOW,3,%,0,NO,Trip_or_manual_stop,"Flame ALARM <40%. Automatic fuel cutoff. Purge furnace before re-light. Do NOT attempt re-light without supervisor sign-off.",P1,Flame-out with unburnt fuel in furnace — explosion hazard; EN 746-2 mandatory auto-cutoff,EN 746-2:2010; EIGA,P1 safety; 0s delay (auto-safety)
JSR.RHF.Z3.FLUE.O2_HIGH_WARN,RHF.ZONE.SOAK,reheating_furnace,flue_gas_o2,%,WARN,P3,5.0,HIGH,0.3,%,60,YES,Alert_operator,"Flue O2 high warn >5.0%. Excess air — energy waste and possible flame instability. Re-tune fuel/air ratio.",P3,Excess air reduces thermal efficiency and can mask underlying combustion issues,EN 746-2 / EIGA,60s delay for slow combustion response
JSR.RHF.Z3.FLUE.O2_HIGH_ALRM,RHF.ZONE.SOAK,reheating_furnace,flue_gas_o2,%,ALARM,P2,6.0,HIGH,0.3,%,30,NO,Notify_maintenance,"Flue O2 alarm >6.0%. Significant excess air. Check burner controls. Reduce firing to 80% until re-tuned.",P2,Excess air causes fuel waste and uneven heating; potential strip quality impact,EN 746-2,
JSR.RHF.Z3.FLUE.O2_LOW_WARN,RHF.ZONE.SOAK,reheating_furnace,flue_gas_o2,%,WARN,P2,1.0,LOW,0.1,%,5,YES,Alert_operator,"Flue O2 LOW warn <1.0%. Oxygen-deficient combustion. Risk of CO accumulation. Check burner and gas supply.",P2,CO accumulation — poisoning risk and explosion hazard; EN 746-2 safety interlock zone,EN 746-2 / EIGA,LOW direction alarm; 5s delay
JSR.RHF.Z3.ZONE.TEMP_WARN,RHF.ZONE.SOAK,reheating_furnace,zone_temperature,degC,WARN,P2,1300,HIGH,5,degC,30,YES,Alert_operator,"Zone temp warn >1300 degC. Risk of slab overheating and refractory hot face damage. Reduce setpoint.",P2,Slab overheating causes scale growth and hot shortness; above 1330 refractory sinter damage,Type S TC specification,30s delay for thermal mass
JSR.RHF.Z3.ZONE.TEMP_ALRM,RHF.ZONE.SOAK,reheating_furnace,zone_temperature,degC,ALARM,P1,1330,HIGH,5,degC,10,NO,Trip_or_manual_stop,"Zone temp ALARM >1330 degC. Reduce firing immediately. Risk of refractory damage and slab overheating above solidus.",P1,Refractory damage and potential slab liquation above solidus; P1 for furnace integrity,Type S TC specification; refractory practice,P1; 10s delay
JSR.MS.EAF1.HYD.OIL.TEMP_WARN,EAF.AUX.HYD01,eaf_bof_auxiliary,oil_temp,degC,WARN,P3,60,HIGH,2,degC,60,YES,Alert_operator,"HPU oil temp warn >60 degC. Check cooler function. Reduce duty cycle if possible.",P3,Viscosity drop accelerates wear; above 60 degC in EAF service accelerates oxidation and varnish,Rexroth sec2 [unverified],60s delay for slow thermal process
JSR.MS.EAF1.HYD.OIL.TEMP_ALRM,EAF.AUX.HYD01,eaf_bof_auxiliary,oil_temp,degC,ALARM,P2,70,HIGH,2,degC,10,NO,Notify_maintenance,"HPU oil temp ALARM >70 degC. Investigate cooler. Stop HPU if no cooling recovery.",P2,Oil degradation and servo damage above 70 degC,Rexroth sec2 [unverified],
JSR.MS.EAF1.HYD.FILT.DP_WARN,EAF.AUX.HYD01,eaf_bof_auxiliary,filter_diff_pressure,bar,WARN,P3,3.0,HIGH,0.2,bar,10,YES,Alert_operator,"Filter DP warn >3.0 bar. Plan filter change FLT-HYD-10 within 4 hours. Stock check.",P3,Clogged filter reduces flow and bypasses on some designs — bypassed dirt reaches servo circuit,Pall [unverified]; FSB-BOSCH-REXROTH-2024-022,10s delay
JSR.MS.EAF1.HYD.FILT.DP_ALRM,EAF.AUX.HYD01,eaf_bof_auxiliary,filter_diff_pressure,bar,ALARM,P2,4.5,HIGH,0.3,bar,5,NO,Notify_maintenance,"Filter DP ALARM >4.5 bar. Immediate filter change regardless of operating state.",P2,Bypass opens above 4.5 bar — dirty oil direct to servo circuit,Pall [unverified],
JSR.MS.EAF1.HYD.WATER.PPM_WARN,EAF.AUX.HYD01,eaf_bof_auxiliary,water_content,ppm,WARN,P2,200,HIGH,10,ppm,0,YES,Alert_operator,"Water content warn >200 ppm. Defer new heat. Connect coalescer filter. Investigate water ingress source.",P2,Water above 200 ppm causes emulsification and micro-pitting; EAF electrode cooling leak most likely source,ISO 23409 [unverified]; FSB-BOSCH-REXROTH-2024-022,0s delay — lab/inline measurement
JSR.MS.EAF1.HYD.WATER.PPM_ALRM,EAF.AUX.HYD01,eaf_bof_auxiliary,water_content,ppm,ALARM,P1,500,HIGH,20,ppm,0,NO,Trip_or_manual_stop,"Water ALARM >500 ppm. Hydraulic oil emulsified. Stop HPU immediately. Do not operate until oil is replaced.",P1,Emulsified oil loses lubricity — servo and pump failures risk electrode crash into melt; safety,ISO 23409 [unverified],P1; 0s delay
JSR.BF.CW.PMP02.VIB.1X_WARN,BF.CW.PMP02,cooling_descaling_pump,vibration_1x_radial,mm/s,WARN,P2,2.8,HIGH,0.2,mm/s,5,YES,Alert_operator,"BF CW pump 1X VIB warn >2.8 mm/s. Check bearing and impeller. Schedule hydraulic test.",P2,BF cooling pump failure risks BF tuyere/stave cooling — possible BF campaign loss,ISO 10816-7:2009,P2 for BF criticality
JSR.BF.CW.PMP02.VIB.1X_ALRM,BF.CW.PMP02,cooling_descaling_pump,vibration_1x_radial,mm/s,ALARM,P1,5.6,HIGH,0.3,mm/s,2,NO,Trip_or_manual_stop,"BF CW pump VIB ALARM >5.6 mm/s. Switch to standby. Investigate bearing and impeller.",P1,BF cooling loss = BF safety hazard; P1,ISO 10816-7:2009,P1 due to BF cooling criticality
JSR.BF.CW.PMP02.HEAD.DEV_WARN,BF.CW.PMP02,cooling_descaling_pump,differential_head_deviation,%,WARN,P3,-7,LOW,0.5,%,60,YES,Alert_operator,"Head deviation warn <-7%. Impeller wear progressing. Plan impeller replacement at next planned outage.",P3,Head loss reduces BF cooling margin; -7% = 2.5× impeller wear rate; action before alarm,HI 9.6.7-2021; FSB-KSB-2023-011,LOW direction; 60s delay for slow hydraulic process
JSR.BF.CW.PMP02.HEAD.DEV_ALRM,BF.CW.PMP02,cooling_descaling_pump,differential_head_deviation,%,ALARM,P2,-12,LOW,0.5,%,10,NO,Notify_maintenance,"Head deviation ALARM <-12%. Switch to standby pump. Impeller replacement mandatory before return to service.",P2,Severely degraded cooling flow — BF stave cooling at risk,HI 9.6.7-2021,
JSR.BF.CW.PMP02.TEMP.BRG_WARN,BF.CW.PMP02,cooling_descaling_pump,bearing_temp,degC,WARN,P2,85,HIGH,3,degC,30,YES,Alert_operator,"BF CW pump bearing temp warn >85 degC. Check lubrication. Plan replacement.",P2,Bearing failure could stop BF cooling — P2 for BF criticality,ISO 15243:2017,
JSR.BF.CW.PMP02.TEMP.BRG_ALRM,BF.CW.PMP02,cooling_descaling_pump,bearing_temp,degC,ALARM,P1,100,HIGH,2,degC,5,NO,Trip_or_manual_stop,"BF CW pump bearing ALARM >100 degC. Immediate switch to standby. Bearing failure risk.",P1,BF cooling failure safety event,ISO 15243:2017,P1
JSR.SP.FAN01.VIB.1X_WARN,SP.SINT.FAN01,bf_sinter_fan_blower,vibration_1x_rms,mm/s,WARN,P2,4.5,HIGH,0.3,mm/s,5,YES,Alert_operator,"Sinter fan 1X VIB warn >4.5 mm/s. Schedule online balancing if deposit imbalance suspected. Check axial ratio.",P2,Sinter plant stoppage impacts BF burden; P2 for sinter criticality,ISO 10816-3:2009 Group 3,
JSR.SP.FAN01.VIB.1X_ALRM,SP.SINT.FAN01,bf_sinter_fan_blower,vibration_1x_rms,mm/s,ALARM,P1,7.1,HIGH,0.5,mm/s,2,NO,Trip_or_manual_stop,"Sinter fan 1X VIB ALARM >7.1 mm/s. Immediate trip. Inspect for blade damage.",P1,Fan blade failure risk; P1,ISO 10816-3:2009,
JSR.SP.FAN01.TEMP.BRG_WARN,SP.SINT.FAN01,bf_sinter_fan_blower,bearing_outer_ring_temp,degC,WARN,P2,80,HIGH,3,degC,30,YES,Alert_operator,"Sinter fan bearing temp warn >80 degC. Check grease — dust ingress common. Re-grease with high-temp EP.",P2,Bearing lube degradation from dust ingress; early action prevents seizure,ISO 15243:2017 sec8; FSB-TLT-TURBO-2024-008,
JSR.SP.FAN01.TEMP.BRG_ALRM,SP.SINT.FAN01,bf_sinter_fan_blower,bearing_outer_ring_temp,degC,ALARM,P1,95,HIGH,2,degC,5,NO,Trip_or_manual_stop,"Sinter fan bearing ALARM >95 degC. Trip fan. Replace bearing during outage.",P1,Bearing seizure — fan loss and sinter plant stoppage,ISO 15243:2017,
JSR.SP.FAN01.VIB.AXIAL_WARN,SP.SINT.FAN01,bf_sinter_fan_blower,axial_2x_ratio,ratio,WARN,P3,0.4,HIGH,0.03,ratio,10,YES,Alert_operator,"Sinter fan axial ratio warn >0.4. May indicate shaft bow or blade distortion. Check for asymmetric deposit vs structural issue.",P3,Axial ratio rise is NOT correctable by balancing alone if structural — schedule offline inspection,Mobius [unverified]; FSB-TLT-TURBO-2024-008,10s delay for process noise
JSR.SP.FAN01.VIB.AXIAL_ALRM,SP.SINT.FAN01,bf_sinter_fan_blower,axial_2x_ratio,ratio,ALARM,P2,0.7,HIGH,0.05,ratio,5,NO,Notify_maintenance,"Sinter fan axial ratio ALARM >0.7. Plan offline inspection within 2 weeks. Possible shaft bow or blade crack.",P2,Structural damage risk; fan cannot be balanced-out above alarm,Mobius [unverified],
JSR.SP.FAN01.DP.DUCT_WARN,SP.SINT.FAN01,bf_sinter_fan_blower,inlet_outlet_dp,kPa,WARN,P3,18,HIGH,0.5,kPa,60,YES,Alert_operator,"Sinter fan duct DP warn >18 kPa. Possible downstream blockage or deposit restricting duct. Investigate.",P3,Increased duct resistance degrades fan performance and sinter quality,Performance degradation,60s delay for process-averaged DP
JSR.SP.FAN01.DP.DUCT_ALRM,SP.SINT.FAN01,bf_sinter_fan_blower,inlet_outlet_dp,kPa,ALARM,P2,22,HIGH,0.5,kPa,30,NO,Notify_maintenance,"Sinter fan duct DP ALARM >22 kPa. Significant flow restriction. Check ductwork and cyclone.",P2,Severe restriction risks fan surge and production loss,Performance degradation,
JSR.MS.CRN01.ROPE.MFL_WARN,MS.LDC.CRN01,ladle_crane,wire_rope_mfl_signal,mV,WARN,P1,150,HIGH,10,mV,0,NO,Notify_maintenance,"Rope MFL warn >150 mV (~8-12% LMA). Competent Person inspection required BEFORE next molten-metal lift. Restrict to dry loads >150 mV without CP sign-off.",P1,Wire rope approaching discard criteria — ladle drop risk; P1 safety-critical (molten metal),ISO 4309:2017; FSB-KONECRANES-2024-006,0s delay — patrol measurement; P1 because molten-metal service; no auto-return even at warn
JSR.MS.CRN01.ROPE.MFL_ALRM,MS.LDC.CRN01,ladle_crane,wire_rope_mfl_signal,mV,ALARM,P1,300,HIGH,20,mV,0,NO,Trip_or_manual_stop,"Rope MFL ALARM >300 mV (>15-20% LMA or >=12 random broken wires). Take crane OOS immediately. Do not lift. Call specialist.",P1,ISO 4309:2017 mandatory discard — ladle drop catastrophic (Qinghe benchmark $1M-$20M); P1,ISO 4309:2017,P1; 0s delay; immediate crane OOS
JSR.MS.CRN01.LOAD.SWL_WARN,MS.LDC.CRN01,ladle_crane,hoist_load_pct_swl,%SWL,WARN,P1,95,HIGH,1,%SWL,1,YES,Alert_operator,"Load warn >95% SWL. Near limit for molten-metal ladle service. Operator attention — do not add to load.",P1,Ladle crane molten-metal service has stricter SWL limits; 95% WLL is alarm for this crane class,FEM 1.001; FSB-KONECRANES-2024-006,1s delay; P1 safety
JSR.MS.CRN01.LOAD.SWL_ALRM,MS.LDC.CRN01,ladle_crane,hoist_load_pct_swl,%SWL,ALARM,P1,110,HIGH,2,%SWL,0,NO,Trip_or_manual_stop,"Load ALARM >110% SWL. Power cut to hoist. Do NOT override. Investigate overload cause before restart.",P1,Overload above 110% SWL risks rope failure and ladle drop; auto power cut mandatory,FEM 1.001; BS EN 13135,P1; 0s delay; automatic cut-out
JSR.MS.CRN01.GBX.VIB.GMF_WARN,MS.LDC.CRN01,ladle_crane,hoist_gearbox_gmf,g,WARN,P2,1.0,HIGH,0.1,g,5,YES,Alert_operator,"Hoist gearbox GMF warn >1.0 g. In molten-metal service apply 20% conservative threshold. Plan gearbox inspection.",P2,Gearbox failure could cause uncontrolled load descent — molten ladle drop; FSB-KONECRANES-2024-006 action at 0.8g,ISO 10816 extrapol [unverified]; FSB-KONECRANES-2024-006,P2 for crane gearbox in molten-metal service
JSR.MS.CRN01.GBX.VIB.GMF_ALRM,MS.LDC.CRN01,ladle_crane,hoist_gearbox_gmf,g,ALARM,P1,2.5,HIGH,0.2,g,2,NO,Trip_or_manual_stop,"Hoist gearbox GMF ALARM >2.5 g. Crane OOS. Gearbox inspection mandatory before next lift.",P1,Gearbox failure risk with molten ladle — P1,ISO 10816 extrapol [unverified],P1
JSR.MS.CRN01.BRAKE.TEMP_WARN,MS.LDC.CRN01,ladle_crane,brake_drum_temp,degC,WARN,P2,110,HIGH,3,degC,0,YES,Alert_operator,"Brake drum warn >110 degC. Allow cool-down before next lift. Inspect brake pads monthly.",P2,Overheated brakes lose holding torque — risk of load descent; FSB-KONECRANES-2024-006,Konecranes [unverified],0s delay — IR measurement after pick
JSR.MS.CRN01.BRAKE.TEMP_ALRM,MS.LDC.CRN01,ladle_crane,brake_drum_temp,degC,ALARM,P1,120,HIGH,2,degC,0,NO,Trip_or_manual_stop,"Brake ALARM >120 degC. Do NOT lift. Lower load under control. Brake inspection mandatory.",P1,Brake fade at >120 degC — uncontrolled load descent with molten ladle; P1,Konecranes [unverified],P1; 0s delay
JSR.CR.S2.AGC.SV.POSERR_WARN,CRM.AGC.SV01,hydraulics_agc_servo,servo_position_error,%,WARN,P2,1.5,HIGH,0.1,%,5,YES,Alert_operator,"Servo position error warn >1.5%. Possible silt on spool. Switch AGC to backup mode if >3 excursions per 4h.",P2,AGC loss → gauge excursion → strip rejection; CRM ~INR 2.1M/cobble-hour,Moog sec3 [unverified]; FSB-MOOG-2023-014,5s delay to distinguish process-load hunting from silt
JSR.CR.S2.AGC.SV.POSERR_ALRM,CRM.AGC.SV01,hydraulics_agc_servo,servo_position_error,%,ALARM,P1,3.0,HIGH,0.2,%,2,NO,Trip_or_manual_stop,"Servo position error ALARM >3.0%. Switch AGC to manual lock. LOTO servo circuit. Bench-clean or replace valve.",P1,AGC loss causes uncontrolled gauge variation → cobble → mill stop; P1 for cold-rolling,Moog sec3 [unverified],P1; 2s delay
JSR.CR.S2.AGC.GAUGE.DEV_WARN,CRM.AGC.SV01,hydraulics_agc_servo,strip_gauge_deviation,um,WARN,P2,10,HIGH,1,um,10,YES,Alert_operator,"Gauge deviation warn >10 µm. Check AGC position error. Investigate servo or roll wear contribution.",P2,Strip out-of-spec — customer quality issue and possible rejection,AGC tolerance [unverified]; FSB-MOOG-2023-014,10s delay for gauge averaging
JSR.CR.S2.AGC.GAUGE.DEV_ALRM,CRM.AGC.SV01,hydraulics_agc_servo,strip_gauge_deviation,um,ALARM,P1,20,HIGH,1,um,5,NO,Trip_or_manual_stop,"Gauge deviation ALARM >20 µm. Stop rolling. Segregate strip from warning onset. Investigate servo + rolls.",P1,Strip above ±20 µm 100% rejected for most grades; production loss and scrap cost,AGC tolerance [unverified],P1; 5s delay
